symbol,entry_time,atr_pct,hybrid_pct,size,diff_usd
BTCUSDT,2026-03-23 11:05:00,-1.537,-1.5365278873226118,40.0,0.0
ETHUSDT,2025-12-17 14:55:00,-1.852,-1.8515366051490476,40.0,0.0
ETHUSDT,2026-01-13 22:10:00,0.882,0.8815931303180041,40.0,0.0
ETHUSDT,2026-03-23 11:05:00,-1.776,-1.7764827956790175,40.0,0.0
ETHUSDT,2026-06-07 22:10:00,-1.669,-1.6690672859284574,40.0,0.0
ETHUSDT,2026-08-19 15:25:00,0.875,0.8752693043633261,40.0,0.0
SOLUSDT,2025-12-17 14:55:00,-2.684,-2.684361333132259,40.0,0.0
SOLUSDT,2026-03-23 11:05:00,-2.16,-2.1600176327969955,40.0,0.0
SOLUSDT,2026-06-07 22:10:00,-1.827,-1.827365918882787,40.0,0.0
SOLUSDT,2026-08-19 21:05:00,-1.943,-1.942870359662302,40.0,0.0
ZECUSDT,2025-12-08 16:20:00,-1.55,-1.5497005988024017,40.0,0.0
ZECUSDT,2025-12-16 10:35:00,0.584,0.5835733034326249,40.0,0.0
ZECUSDT,2025-12-27 01:55:00,0.777,0.7774810475534144,40.0,0.0
ZECUSDT,2026-02-02 00:15:00,-2.923,-2.923043219728969,40.0,0.0
ZECUSDT,2026-02-13 18:20:00,0.612,2.7533489183272164,40.0,0.8564325206872297
ZECUSDT,2026-02-23 06:00:00,1.849,1.849437836076267,40.0,0.0
ZECUSDT,2026-03-15 21:50:00,-2.549,-2.548579653697985,40.0,0.0
ZECUSDT,2026-03-23 11:05:00,-2.492,-2.4920628017222715,40.0,0.0
ZECUSDT,2026-03-31 11:15:00,0.336,0.3355433376455304,40.0,0.0
ZECUSDT,2026-04-07 21:35:00,5.838,2.780834250275074,40.0,-1.2230335767396905
ZECUSDT,2026-04-23 21:30:00,-2.191,-2.190932293309623,40.0,0.0
ZECUSDT,2026-05-05 20:10:00,9.637,9.636732754524644,40.0,0.0
ZECUSDT,2026-05-23 20:55:00,-3.026,-3.0263752825923196,40.0,0.0
ZECUSDT,2026-06-02 02:25:00,-0.784,2.6453778463213355,40.0,1.3716774017962425
ZECUSDT,2026-06-07 22:10:00,-3.899,-3.8988456182904403,40.0,0.0
ZECUSDT,2026-06-15 11:15:00,0.055,0.05481523485494326,40.0,0.0
ZECUSDT,2026-07-07 15:40:00,2.462,2.702313920512921,40.0,0.09617360568821329
ZECUSDT,2026-08-19 21:05:00,-2.754,-2.75359314538418,40.0,0.0
ZECUSDT,2026-09-03 15:20:00,7.503,2.9078662073367996,40.0,-1.8380532044861702
ZECUSDT,2026-09-11 12:30:00,2.149,2.849273518055282,40.0,0.2799592089321969
ZECUSDT,2026-09-16 18:05:00,-1.17,-1.1696346019408677,40.0,0.0
ZECUSDT,2026-09-22 23:05:00,-0.696,-0.69569714394774,40.0,0.0
ZECUSDT,2026-10-02 04:25:00,-0.221,-0.2214463984303949,40.0,0.0
XRPUSDT,2026-02-06 15:35:00,-4.518,-4.5184071143660605,40.0,0.0
XRPUSDT,2026-03-23 11:05:00,-1.556,-1.5557415934142589,40.0,0.0
NEARUSDT,2025-12-17 14:55:00,-2.9,-2.900378310214378,40.0,0.0
NEARUSDT,2026-02-03 19:10:00,1.284,2.9109589041095916,40.0,0.6506849315068461
NEARUSDT,2026-02-25 01:15:00,-1.693,-1.6932270916334677,40.0,0.0
NEARUSDT,2026-03-02 16:15:00,-1.347,-1.347305389221558,40.0,0.0
NEARUSDT,2026-03-23 11:05:00,-1.741,-1.7411052233156632,40.0,0.0
NEARUSDT,2026-06-01 12:25:00,0.167,0.16701461377870577,40.0,0.0
NEARUSDT,2026-06-07 22:10:00,-2.365,-2.3648648648648614,40.0,0.0
NEARUSDT,2026-06-28 00:05:00,-1.855,-1.8547140649149938,40.0,0.0
NEARUSDT,2026-08-21 07:45:00,-1.661,-1.661474558670822,40.0,0.0
NEARUSDT,2026-09-11 12:30:00,3.227,3.8247011952191277,40.0,0.2390438247011904
NEARUSDT,2026-09-18 03:00:00,1.431,1.4314928425357853,40.0,0.0
NEARUSDT,2026-09-23 11:45:00,-4.735,-4.7354948805460655,40.0,0.0
SUIUSDT,2025-12-17 14:55:00,-2.39,-2.3895253682487705,40.0,0.0
SUIUSDT,2026-01-07 08:00:00,-1.575,-1.574722107863316,40.0,0.0
SUIUSDT,2026-03-09 19:25:00,-1.708,-1.7081850533807865,40.0,0.0
SUIUSDT,2026-03-23 11:05:00,2.279,2.278721384112255,40.0,0.0
SUIUSDT,2026-05-10 17:15:00,1.136,2.9502521261383237,40.0,0.7255211861217669
SUIUSDT,2026-06-07 22:10:00,-1.856,-1.8564195767882616,40.0,0.0
SUIUSDT,2026-09-20 16:35:00,-1.028,-1.0280478265727997,40.0,0.0
SUIUSDT,2026-09-27 07:30:00,-0.442,-0.4418380462724806,40.0,0.0
BNBUSDT,2026-03-23 11:05:00,-1.463,-1.4632339322096712,40.0,0.0
QNTUSDT,2026-01-19 17:25:00,0.059,0.059283851078962724,40.0,0.0
QNTUSDT,2026-01-27 16:40:00,-2.106,-2.106074226274561,40.0,0.0
QNTUSDT,2026-03-23 11:10:00,0.865,0.8650760429747517,40.0,0.0
QNTUSDT,2026-05-22 06:55:00,0.849,0.8485639686684149,40.0,0.0
QNTUSDT,2026-06-04 03:30:00,-2.796,-2.795549374130744,40.0,0.0
QNTUSDT,2026-06-22 13:45:00,-1.99,-1.989844929326201,40.0,0.0
QNTUSDT,2026-09-26 15:30:00,4.583,2.761541719610339,40.0,-0.7285048708174474
WLDUSDT,2025-12-17 14:55:00,-2.602,-2.6022304832713776,40.0,0.0
WLDUSDT,2026-01-28 21:05:00,-6.804,-6.804086099963516,40.0,0.0
WLDUSDT,2026-03-20 16:45:00,-2.152,-2.1518230723251595,40.0,0.0
WLDUSDT,2026-04-10 15:00:00,-0.036,-0.03593244699963672,40.0,0.0
WLDUSDT,2026-05-26 14:25:00,-1.056,-1.0555415933651624,40.0,0.0
WLDUSDT,2026-06-01 02:05:00,2.657,2.8161530286928795,40.0,0.06376195536663012
WLDUSDT,2026-06-07 13:00:00,8.766,8.76601483479433,40.0,0.0
WLDUSDT,2026-06-15 11:15:00,-0.604,-0.6041802743305088,40.0,0.0
WLDUSDT,2026-08-19 15:25:00,2.68,2.679871832216716,40.0,0.0
WLDUSDT,2026-09-07 14:50:00,-3.387,-3.3866217921750112,40.0,0.0
WLDUSDT,2026-09-26 15:00:00,1.948,2.826045445865939,40.0,0.3513461905671138
DOGEUSDT,2025-12-17 14:55:00,-1.985,-1.9854253420582824,40.0,0.0
DOGEUSDT,2026-01-02 09:45:00,-1.973,-1.9731473926266772,40.0,0.0
DOGEUSDT,2026-03-23 11:05:00,-1.846,-1.8455663979635186,40.0,0.0
DOGEUSDT,2026-04-29 09:45:00,-3.093,-3.0932470101609555,40.0,0.0
DOGEUSDT,2026-06-07 22:10:00,-1.363,-1.3630587963497753,40.0,0.0
DOGEUSDT,2026-08-22 04:30:00,-7.273,-7.273280584297013,40.0,0.0
DOGEUSDT,2026-09-05 17:55:00,-2.611,-2.610633556192285,40.0,0.0
DOGEUSDT,2026-09-22 04:00:00,-3.562,-3.562219463279531,40.0,0.0
ENAUSDT,2025-12-10 18:35:00,-1.836,-1.835535976505121,40.0,0.0
ENAUSDT,2025-12-17 14:55:00,-3.685,-3.6849378166743345,40.0,0.0
ENAUSDT,2026-01-13 22:05:00,3.527,3.5274118147046334,40.0,0.0
ENAUSDT,2026-02-25 01:10:00,-1.482,-1.4822134387351793,40.0,0.0
ENAUSDT,2026-03-02 16:40:00,2.354,2.3539668700959093,40.0,0.0
ENAUSDT,2026-03-23 11:05:00,-2.444,-2.4439918533604885,40.0,0.0
ENAUSDT,2026-04-17 19:15:00,-2.872,-2.8722600151171562,40.0,0.0
ENAUSDT,2026-05-07 11:05:00,-2.778,-2.77777777777778,40.0,0.0
ENAUSDT,2026-05-23 20:35:00,-1.813,-1.81297709923664,40.0,0.0
ENAUSDT,2026-06-02 16:30:00,7.995,7.99549549549549,40.0,0.0
ENAUSDT,2026-06-07 22:10:00,-2.072,-2.071973827699017,40.0,0.0
ENAUSDT,2026-06-17 18:40:00,-3.979,-3.979057591623034,40.0,0.0
ENAUSDT,2026-06-29 13:00:00,-4.177,-4.17661097852029,40.0,0.0
ENAUSDT,2026-08-07 08:45:00,-0.209,-0.20855057351408315,40.0,0.0
ENAUSDT,2026-08-21 08:50:00,-4.829,-4.828551434569621,40.0,0.0
ENAUSDT,2026-08-27 13:55:00,8.537,16.880616174582812,40.0,3.33761232349166
ENAUSDT,2026-09-11 12:35:00,-1.621,2.5658338960162035,40.0,1.6745442268737367
ENAUSDT,2026-09-16 18:05:00,-2.488,-2.488231338264969,40.0,0.0
ENAUSDT,2026-09-22 05:40:00,-2.75,-2.749770852428967,40.0,0.0
ENAUSDT,2026-09-27 18:50:00,-2.349,-2.3485364193328855,40.0,0.0
MOVRUSDT,2025-12-08 07:35:00,-2.076,-2.075588599752174,40.0,0.0
MOVRUSDT,2025-12-25 09:20:00,-2.151,-2.1513353115727103,40.0,0.0
MOVRUSDT,2026-01-26 07:00:00,-4.274,-4.2738589211618345,40.0,0.0
MOVRUSDT,2026-02-27 20:10:00,-1.521,-1.5209125475285186,40.0,0.0
MOVRUSDT,2026-03-07 17:55:00,2.284,2.873986735445831,40.0,0.23581429624170996
MOVRUSDT,2026-03-31 18:15:00,-5.299,-5.29850746268658,40.0,0.0
MOVRUSDT,2026-04-16 13:20:00,-5.216,-5.215577190542417,40.0,0.0
MOVRUSDT,2026-04-23 12:25:00,21.856,21.85628742514971,40.0,0.0
MOVRUSDT,2026-04-29 06:40:00,8.183,8.182962652119171,40.0,0.0
MOVRUSDT,2026-05-06 03:15:00,-1.729,-1.728844404003631,40.0,0.0
MOVRUSDT,2026-06-07 22:10:00,-1.688,-1.6884113584036853,40.0,0.0
MOVRUSDT,2026-06-15 12:55:00,-2.085,-2.0847343644922756,40.0,0.0
MOVRUSDT,2026-06-23 05:55:00,-9.624,-9.623733719247452,40.0,0.0
MOVRUSDT,2026-07-05 21:10:00,-5.069,-5.069444444444442,40.0,0.0
MOVRUSDT,2026-08-12 11:35:00,-4.536,2.8481012658227876,40.0,2.953586497890294
MOVRUSDT,2026-08-27 03:15:00,0.812,0.811907983761841,40.0,0.0
MOVRUSDT,2026-09-22 19:10:00,-3.597,-3.5971223021582768,40.0,0.0
MOVRUSDT,2026-09-29 20:50:00,3.716,2.871621621621624,40.0,-0.3378378378378383
AAVEUSDT,2025-12-17 14:55:00,-3.092,-3.0916956842882692,100.0,0.0
AAVEUSDT,2026-02-03 19:10:00,-0.135,-0.13545816733067864,100.0,0.0
AAVEUSDT,2026-02-11 14:05:00,-2.724,-2.7239439135482693,100.0,0.0
AAVEUSDT,2026-02-25 01:10:00,-0.431,-0.4308160162189483,100.0,0.0
AAVEUSDT,2026-03-23 11:05:00,0.957,0.9573699421965339,100.0,0.0
AAVEUSDT,2026-06-07 22:10:00,-1.882,-1.8824255516124038,100.0,0.0
AAVEUSDT,2026-06-24 18:20:00,3.759,2.6813880126183047,100.0,-1.0778128286014637
AAVEUSDT,2026-08-21 20:55:00,6.578,7.51395448690425,100.0,0.9360240446543608
AAVEUSDT,2026-09-29 11:30:00,-1.217,-1.2170385395537657,100.0,0.0
UNIUSDT,2025-12-17 14:55:00,-2.751,-2.750716332378226,100.0,0.0
UNIUSDT,2026-02-03 19:15:00,0.233,0.23261824760919866,100.0,0.0
UNIUSDT,2026-02-11 13:55:00,21.656,21.65586328815555,100.0,0.0
UNIUSDT,2026-02-25 01:10:00,0.75,0.7499278915488837,100.0,0.0
UNIUSDT,2026-03-23 11:05:00,-1.84,-1.8396485447556212,100.0,0.0
UNIUSDT,2026-06-07 22:10:00,-1.618,-1.6184971098265994,100.0,0.0
UNIUSDT,2026-09-01 06:25:00,-1.189,-1.1886304909560714,100.0,0.0
UNIUSDT,2026-09-06 16:25:00,-2.34,-2.340367965367966,100.0,0.0
UNIUSDT,2026-09-16 18:05:00,-0.172,-0.1719287277274167,100.0,0.0
UNIUSDT,2026-09-22 12:35:00,-2.525,1.9131955832513277,100.0,4.438613753143095
PUMPUSDT,2026-01-06 23:30:00,-2.372,-2.3719879518072333,40.0,0.0
PUMPUSDT,2026-01-12 16:25:00,0.157,0.15655577299413295,40.0,0.0
PUMPUSDT,2026-01-21 19:25:00,3.27,1.9238168526356174,40.0,-0.5386687187379807
PUMPUSDT,2026-01-30 18:45:00,-0.988,-0.9876543209876477,40.0,0.0
PUMPUSDT,2026-02-05 08:30:00,-1.929,-1.9289785181937837,40.0,0.0
PUMPUSDT,2026-02-17 15:05:00,1.964,1.9642857142857235,40.0,0.0
PUMPUSDT,2026-02-25 01:10:00,-2.599,-2.598870056497177,40.0,0.0
PUMPUSDT,2026-03-11 13:35:00,-2.597,-2.5974025974026085,40.0,0.0
PUMPUSDT,2026-03-23 11:05:00,-2.109,-2.10924824229313,40.0,0.0
PUMPUSDT,2026-04-28 21:00:00,-4.856,-4.855842185128981,40.0,0.0
PUMPUSDT,2026-05-23 20:35:00,-2.211,-2.211166390270874,40.0,0.0
PUMPUSDT,2026-06-07 22:10:00,-2.524,-2.5242718446601926,40.0,0.0
PUMPUSDT,2026-06-17 18:40:00,-3.819,-3.8187702265372185,40.0,0.0
PUMPUSDT,2026-06-27 16:30:00,-2.855,-2.8551532033426197,40.0,0.0
PUMPUSDT,2026-07-14 16:25:00,-4.068,-4.0682414698162725,40.0,0.0
PUMPUSDT,2026-08-20 02:45:00,-3.569,-3.569267997580159,40.0,0.0
PUMPUSDT,2026-08-25 21:55:00,-3.27,-3.2699294721094327,40.0,0.0
PUMPUSDT,2026-09-07 10:45:00,-1.117,2.872122179165703,40.0,1.595623432869841
PUMPUSDT,2026-09-14 16:50:00,-2.454,-2.453825857519783,40.0,0.0
PUMPUSDT,2026-09-20 10:25:00,-0.689,-0.6894853484363518,40.0,0.0
PUMPUSDT,2026-09-28 16:20:00,-4.415,-4.415252691114761,40.0,0.0
AVAXUSDT,2026-03-23 11:05:00,2.114,2.1141649048625717,40.0,0.0
AVAXUSDT,2026-06-07 22:10:00,-1.947,-1.94654270772807,40.0,0.0
AVAXUSDT,2026-08-02 04:50:00,0.688,0.6884944920440762,40.0,0.0
AVAXUSDT,2026-08-15 02:50:00,-2.558,-2.558447287163658,40.0,0.0
AVAXUSDT,2026-09-11 12:35:00,-0.513,-0.5132929718346895,40.0,0.0
AVAXUSDT,2026-09-19 01:45:00,-2.108,-2.107809260539044,40.0,0.0
LINKUSDT,2025-12-17 14:55:00,-2.304,-2.30414746543778,40.0,0.0
LINKUSDT,2026-03-23 11:05:00,1.314,1.3143483023001008,40.0,0.0
LINKUSDT,2026-06-07 22:10:00,-0.164,-0.16374858294495404,40.0,0.0
LINKUSDT,2026-09-28 12:15:00,-2.706,-2.706350813255044,40.0,0.0
ADAUSDT,2025-12-17 14:55:00,-2.201,-2.2014170040485794,40.0,0.0
ADAUSDT,2026-03-23 11:05:00,1.256,1.2561857632280264,40.0,0.0
ADAUSDT,2026-06-07 22:10:00,-2.397,-2.3966446974236093,40.0,0.0
SANDUSDT,2025-12-17 14:55:00,-1.705,-1.7045454545454581,40.0,0.0
SANDUSDT,2026-01-17 13:35:00,-3.145,-3.14547837483619,40.0,0.0
SANDUSDT,2026-01-23 13:45:00,-2.391,-2.3909145248057406,40.0,0.0
SANDUSDT,2026-02-03 19:10:00,1.433,2.86591606960083,40.0,0.5731832139201688
SANDUSDT,2026-06-07 22:10:00,-1.536,-1.535868140101145,40.0,0.0
SANDUSDT,2026-08-22 03:20:00,-5.082,-5.082095387021107,40.0,0.0
SANDUSDT,2026-09-19 00:00:00,-4.055,-4.054714215925732,40.0,0.0
SANDUSDT,2026-10-02 07:00:00,14.781,14.781415408743381,40.0,0.0
PEPEUSDT,2026-01-02 03:15:00,-0.585,-0.5847953216374213,40.0,0.0
PEPEUSDT,2026-01-13 22:05:00,4.882,2.6771653543307097,40.0,-0.8818897637795243
PEPEUSDT,2026-01-21 19:30:00,2.976,2.976190476190481,40.0,0.0
PEPEUSDT,2026-02-03 19:10:00,0.24,2.8776978417266115,40.0,1.0551558752997583
PEPEUSDT,2026-02-25 01:10:00,-2.195,-2.195121951219512,40.0,0.0
PEPEUSDT,2026-03-23 11:05:00,3.488,3.488372093023247,40.0,0.0
PEPEUSDT,2026-06-07 22:10:00,-2.456,-2.456140350877184,40.0,0.0
PEPEUSDT,2026-08-21 17:05:00,-4.798,-4.797979797979806,40.0,0.0
PEPEUSDT,2026-09-03 14:45:00,2.419,2.9569892473118227,40.0,0.21505376344085825
PEPEUSDT,2026-09-21 14:45:00,6.332,6.331877729257636,40.0,0.0
TAOUSDT,2026-02-16 05:00:00,-5.172,-5.172413793103448,40.0,0.0
TAOUSDT,2026-02-25 01:15:00,0.174,0.17381228273465318,40.0,0.0
TAOUSDT,2026-03-23 11:05:00,-2.694,-2.694191742477253,40.0,0.0
TAOUSDT,2026-04-11 21:50:00,-2.43,-2.4303073624017193,40.0,0.0
TAOUSDT,2026-06-07 22:10:00,-2.014,-2.0137299771167076,40.0,0.0
TAOUSDT,2026-06-13 09:15:00,2.997,2.996715927750415,40.0,0.0
TAOUSDT,2026-09-06 19:10:00,-2.4,-2.3997000374953044,40.0,0.0
TAOUSDT,2026-09-21 19:55:00,4.277,2.024159320927192,40.0,-0.9010773751224259
LTCUSDT,2026-03-23 11:05:00,-1.382,-1.382157601866816,40.0,0.0
ONDOUSDT,2025-12-08 12:50:00,-2.698,-2.698380971417141,100.0,0.0
ONDOUSDT,2025-12-17 14:55:00,-2.316,-2.315588445929813,100.0,0.0
ONDOUSDT,2026-01-21 19:30:00,-0.058,-0.058360081704107954,100.0,0.0
ONDOUSDT,2026-02-03 15:25:00,-3.723,-3.722854188210972,100.0,0.0
ONDOUSDT,2026-02-25 01:15:00,-1.524,-1.5240328253223971,100.0,0.0
ONDOUSDT,2026-03-23 11:05:00,1.485,1.4849550605705235,100.0,0.0
ONDOUSDT,2026-05-08 16:35:00,-0.855,2.903443619176237,100.0,3.7587215845149657
ONDOUSDT,2026-05-18 21:10:00,4.361,2.7627302275189716,100.0,-1.5980498374864471
ONDOUSDT,2026-06-01 09:40:00,-2.013,-2.0132377275234346,100.0,0.0
ONDOUSDT,2026-06-11 17:30:00,2.218,2.2184779556304304,100.0,0.0
ONDOUSDT,2026-07-15 20:00:00,6.097,10.296232384239286,100.0,4.199022145527754
ONDOUSDT,2026-08-19 15:25:00,-2.504,-2.5043177892918784,100.0,0.0
ONDOUSDT,2026-09-17 12:55:00,1.396,1.3964950711938646,100.0,0.0
ONDOUSDT,2026-09-24 12:00:00,9.303,9.302841918294845,100.0,0.0
ZROUSDT,2025-12-09 16:25:00,-3.802,-3.802281368821296,40.0,0.0
ZROUSDT,2026-01-22 07:45:00,-0.307,-0.30737704918032815,40.0,0.0
ZROUSDT,2026-01-29 06:35:00,-2.467,-2.467343976777946,40.0,0.0
ZROUSDT,2026-02-06 16:05:00,-3.891,2.9179331306990908,40.0,2.723404255319151
ZROUSDT,2026-02-19 17:15:00,-2.187,-2.1872863978127155,40.0,0.0
ZROUSDT,2026-02-28 23:45:00,1.56,1.5598885793871882,40.0,0.0
ZROUSDT,2026-03-23 11:05:00,0.148,0.14836795252226084,40.0,0.0
ZROUSDT,2026-04-07 20:15:00,5.876,2.8368794326241047,40.0,-1.2158054711246213
ZROUSDT,2026-04-20 04:25:00,-2.905,-2.9045643153527063,40.0,0.0
ZROUSDT,2026-06-02 19:45:00,-0.525,-0.5249343832021002,40.0,0.0
ZROUSDT,2026-06-15 11:35:00,2.689,2.8620988725064977,40.0,0.06938421509106689
ZROUSDT,2026-06-22 12:45:00,1.027,1.026694045174539,40.0,0.0
ZROUSDT,2026-08-21 09:35:00,11.356,11.356119073869898,40.0,0.0
ZROUSDT,2026-08-27 15:25:00,-2.92,-2.920284135753743,40.0,0.0
ZROUSDT,2026-09-22 16:15:00,1.815,3.782148260211803,40.0,0.7866868381240549
ZROUSDT,2026-09-28 15:35:00,-5.096,-5.096333126165325,40.0,0.0
SNDKBUSDT,2026-06-24 20:00:00,8.365,11.159778225806443,100.0,2.7948588709677313
SNDKBUSDT,2026-07-08 00:45:00,-3.794,-3.793949304987737,100.0,0.0
SNDKBUSDT,2026-07-14 12:30:00,-1.926,-1.9257875332342145,100.0,0.0
SNDKBUSDT,2026-07-23 13:35:00,2.649,2.4862832131188064,100.0,-0.16275198816348357
SNDKBUSDT,2026-07-29 13:25:00,-6.447,-6.447156138302343,100.0,0.0
SNDKBUSDT,2026-08-05 13:45:00,-3.279,-3.2792707470107674,100.0,0.0
SNDKBUSDT,2026-08-12 13:45:00,1.287,1.2868877172082627,100.0,0.0
SNDKBUSDT,2026-08-31 19:50:00,0.222,0.22202659140634515,100.0,0.0
SNDKBUSDT,2026-09-18 19:55:00,0.332,0.33171385491707456,100.0,0.0
TRUMPUSDT,2026-02-16 00:05:00,-2.279,-2.2791221159257162,40.0,0.0
TRUMPUSDT,2026-03-12 19:15:00,-0.544,2.6843357118586386,40.0,1.2911994563370677
TRUMPUSDT,2026-03-23 11:05:00,-1.514,-1.5137753557372033,40.0,0.0
TRUMPUSDT,2026-04-24 17:05:00,-2.011,-2.0110282192669566,40.0,0.0
TRUMPUSDT,2026-05-12 21:35:00,1.43,2.491830065359475,40.0,0.42483660130718637
TRUMPUSDT,2026-06-07 22:10:00,-1.957,-1.9572953736654755,40.0,0.0
TRUMPUSDT,2026-06-13 01:05:00,-1.697,2.3671281822242043,40.0,1.6257257704332249
TRUMPUSDT,2026-06-26 16:00:00,-1.894,-1.8943742824339793,40.0,0.0
TRUMPUSDT,2026-08-19 21:45:00,2.963,1.5107495642068578,40.0,-0.5810575246949425
TRUMPUSDT,2026-08-27 14:35:00,-1.857,3.829787234042561,40.0,2.2746615087040656
TRUMPUSDT,2026-10-01 02:30:00,1.787,2.587017873941682,40.0,0.3198494825964233
ALICEUSDT,2025-12-23 16:45:00,-2.53,-2.5302530253025264,40.0,0.0
ALICEUSDT,2025-12-31 20:20:00,-1.208,-1.2077294685990347,40.0,0.0
ALICEUSDT,2026-01-13 13:25:00,-2.658,-2.6581605528973826,40.0,0.0
ALICEUSDT,2026-01-20 12:20:00,2.506,2.3348519362186746,40.0,-0.06833712984054544
ALICEUSDT,2026-02-15 17:40:00,-1.979,-1.9793459552495667,40.0,0.0
ALICEUSDT,2026-02-27 17:05:00,17.198,17.1979865771812,40.0,0.0
ALICEUSDT,2026-03-09 09:50:00,-2.373,-2.3734177215190004,40.0,0.0
ALICEUSDT,2026-03-20 12:15:00,1.21,2.09677419354838,40.0,0.3548387096774161
ALICEUSDT,2026-03-27 17:00:00,-2.655,-2.6548672566371705,40.0,0.0
ALICEUSDT,2026-04-01 20:35:00,-1.823,-1.8229166666666587,40.0,0.0
ALICEUSDT,2026-04-18 00:30:00,-5.972,-5.972323379461043,40.0,0.0
ALICEUSDT,2026-04-25 07:15:00,5.291,5.291005291005296,40.0,0.0
ALICEUSDT,2026-05-09 08:10:00,-3.315,-3.314917127071816,40.0,0.0
ALICEUSDT,2026-05-18 18:30:00,-3.989,-3.98880335899231,40.0,0.0
ALICEUSDT,2026-05-31 22:25:00,0.152,0.15151515151515585,40.0,0.0
ALICEUSDT,2026-06-14 14:30:00,-3.964,-3.963963963963965,40.0,0.0
ALICEUSDT,2026-06-19 22:20:00,3.6,1.4047410008779668,40.0,-0.8779631255487228
ALICEUSDT,2026-06-29 08:45:00,-3.403,-3.4029389017788096,40.0,0.0
ALICEUSDT,2026-07-05 20:55:00,4.838,2.5270758122743504,40.0,-0.9241877256317712
ALICEUSDT,2026-07-20 06:25:00,19.442,19.44216570959804,40.0,0.0
ALICEUSDT,2026-08-14 11:30:00,-3.17,-3.1695721077654544,40.0,0.0
ALICEUSDT,2026-08-19 18:15:00,-2.086,-2.0862308762169697,40.0,0.0
ALICEUSDT,2026-08-25 08:05:00,0.562,0.5617977528089854,40.0,0.0
ALICEUSDT,2026-09-22 16:05:00,-1.948,-1.9476158495634746,40.0,0.0
ALICEUSDT,2026-09-29 06:10:00,-0.547,1.7031630170316285,40.0,0.9002433090024287
HBARUSDT,2026-03-23 11:05:00,2.032,2.032476610388217,40.0,0.0
HBARUSDT,2026-09-28 08:35:00,11.839,2.8214660184920315,40.0,-3.6069011533695576
GTCUSDT,2025-12-17 14:55:00,-2.326,-2.325581395348839,40.0,0.0
GTCUSDT,2025-12-27 15:20:00,-2.222,-2.222222222222224,40.0,0.0
GTCUSDT,2026-01-01 15:45:00,2.206,2.2058823529411784,40.0,0.0
GTCUSDT,2026-02-25 01:10:00,0.0,0.0,40.0,0.0
GTCUSDT,2026-03-11 18:05:00,5.682,5.681818181818187,40.0,0.0
GTCUSDT,2026-03-18 16:50:00,-5.376,3.2258064516129057,40.0,3.4408602150537657
GTCUSDT,2026-03-26 12:50:00,-2.299,1.1494252873563229,40.0,1.3793103448275812
GTCUSDT,2026-04-06 21:40:00,-2.469,-2.469135802469138,40.0,0.0
GTCUSDT,2026-04-17 06:25:00,3.371,2.247191011235957,40.0,-0.44943820224719155
GTCUSDT,2026-05-09 14:10:00,4.0,3.99999999999999,40.0,0.0
GTCUSDT,2026-05-18 12:25:00,-3.96,-3.960396039603964,40.0,0.0
GTCUSDT,2026-06-01 07:35:00,1.031,1.0309278350515472,40.0,0.0
GTCUSDT,2026-06-07 22:10:00,-2.632,-2.6315789473684235,40.0,0.0
GTCUSDT,2026-06-14 08:15:00,-3.571,-3.5714285714285747,40.0,0.0
GTCUSDT,2026-06-26 03:25:00,-1.471,-1.4705882352941189,40.0,0.0
GTCUSDT,2026-07-01 12:40:00,2.941,2.9411764705882377,40.0,0.0
GTCUSDT,2026-09-30 07:30:00,2.271,4.569214131218449,40.0,0.919250180245132
FETUSDT,2025-12-07 17:20:00,2.333,2.8333333333333335,40.0,0.19999999999999643
FETUSDT,2025-12-17 14:55:00,-2.534,-2.5339366515837076,40.0,0.0
FETUSDT,2026-01-04 00:10:00,-2.003,-2.003205128205119,40.0,0.0
FETUSDT,2026-01-13 22:10:00,-0.675,-0.6754474839581229,40.0,0.0
FETUSDT,2026-02-03 19:15:00,0.556,2.666666666666666,40.0,0.8444444444444439
FETUSDT,2026-03-13 00:15:00,4.338,2.910488742449203,40.0,-0.5711147721032381
FETUSDT,2026-03-20 05:00:00,-2.808,-2.8080469404861743,40.0,0.0
FETUSDT,2026-05-30 13:55:00,-1.349,-1.3488880787458917,40.0,0.0
FETUSDT,2026-06-07 22:10:00,-1.903,-1.9025522041763308,40.0,0.0
FETUSDT,2026-08-21 08:50:00,-2.898,-2.8976572133168985,40.0,0.0
FETUSDT,2026-09-21 13:50:00,-3.805,-3.8048780487804885,40.0,0.0
FETUSDT,2026-09-30 12:35:00,-2.351,-2.350892468437087,40.0,0.0
BCHUSDT,2025-12-18 13:40:00,0.124,0.1243781094527444,40.0,0.0
BCHUSDT,2026-02-06 22:35:00,1.281,1.2810707456979054,40.0,0.0
BCHUSDT,2026-02-20 16:00:00,-0.036,-0.03566969859105501,40.0,0.0
BCHUSDT,2026-05-06 04:35:00,-1.303,-1.302521008403359,40.0,0.0
BCHUSDT,2026-06-06 06:35:00,-0.909,-0.9086778736937756,40.0,0.0
BCHUSDT,2026-07-30 13:50:00,0.182,0.1819008640291067,40.0,0.0
BCHUSDT,2026-08-21 05:50:00,8.69,8.69022869022868,40.0,0.0
BCHUSDT,2026-09-17 14:20:00,-2.871,-2.871410736579278,40.0,0.0
BCHUSDT,2026-09-23 06:00:00,-2.275,-2.2753128555176336,40.0,0.0
XLMUSDT,2025-12-17 14:55:00,-2.603,-2.6032315978456015,40.0,0.0
XLMUSDT,2026-03-23 11:05:00,2.207,2.2072348252605716,40.0,0.0
XLMUSDT,2026-05-28 13:40:00,-5.155,-5.154639175257723,40.0,0.0
XLMUSDT,2026-06-15 17:15:00,-5.133,-5.132591958939268,40.0,0.0
XLMUSDT,2026-08-22 03:20:00,-4.537,-4.537037037037039,40.0,0.0
CRCLBUSDT,2026-06-26 13:35:00,3.792,2.64572722127899,100.0,-1.1460101867572186
CRCLBUSDT,2026-07-02 13:30:00,-3.071,-3.0705023103294113,100.0,0.0
CRCLBUSDT,2026-07-10 10:05:00,1.401,4.649776453055149,100.0,3.2488822652756975
CRCLBUSDT,2026-07-21 13:30:00,-2.407,-2.4071239738416637,100.0,0.0
CRCLBUSDT,2026-08-04 13:30:00,-2.365,-2.364704015235669,100.0,0.0
CRCLBUSDT,2026-08-13 13:30:00,-1.832,-1.8322082931533246,100.0,0.0
CRCLBUSDT,2026-08-19 13:30:00,2.422,2.4221000261848764,100.0,0.0
CRCLBUSDT,2026-08-25 13:30:00,-3.754,-3.7543427098509565,100.0,0.0
CRCLBUSDT,2026-09-03 13:30:00,7.872,4.554099746407441,100.0,-3.3178360101437043
CRCLBUSDT,2026-09-14 13:30:00,-2.446,-2.4456238942658013,100.0,0.0
CRCLBUSDT,2026-09-23 13:35:00,-3.017,-3.017107309486777,100.0,0.0
MEGAUSDT,2026-05-04 05:00:00,-3.004,-3.0044204690192653,40.0,0.0
MEGAUSDT,2026-06-07 16:15:00,-3.088,-3.088326127239039,40.0,0.0
MEGAUSDT,2026-06-13 19:05:00,9.271,2.7430555555555642,40.0,-2.6111111111111063
MEGAUSDT,2026-06-23 12:40:00,-1.222,-1.22236203487327,40.0,0.0
MEGAUSDT,2026-07-05 06:25:00,-3.271,-3.270690278279724,40.0,0.0
MEGAUSDT,2026-08-03 16:45:00,-1.643,-1.643254704479201,40.0,0.0
MEGAUSDT,2026-08-20 11:10:00,5.165,2.863259298902867,40.0,-0.9205244848809201
MEGAUSDT,2026-09-18 20:10:00,0.645,2.1577380952380847,40.0,0.6051587301587296
MEGAUSDT,2026-10-01 15:15:00,7.102,7.102040816326524,40.0,0.0
SPCXBUSDT,2026-06-16 00:45:00,-0.797,1.7336706962796444,40.0,1.0120888389091942
SPCXBUSDT,2026-07-30 13:45:00,-2.734,-2.7340443541560893,40.0,0.0
SPCXBUSDT,2026-08-04 19:55:00,-7.021,-7.020887935827182,40.0,0.0
SPCXBUSDT,2026-09-10 13:30:00,1.158,1.1575777852124578,40.0,0.0
NIGHTUSDT,2026-03-13 04:45:00,-2.183,-2.1826852531181156,40.0,0.0
NIGHTUSDT,2026-06-04 02:20:00,2.91,2.9095674967234593,40.0,0.0
NIGHTUSDT,2026-06-11 11:45:00,-1.995,-1.995373048004616,40.0,0.0
NIGHTUSDT,2026-07-21 19:30:00,7.557,7.194570135746595,40.0,-0.14479638009049828
NIGHTUSDT,2026-08-02 06:00:00,-2.48,-2.479757085020247,40.0,0.0
NIGHTUSDT,2026-08-21 04:45:00,4.995,2.86129970902037,40.0,-0.8535402521823463
NIGHTUSDT,2026-09-06 10:50:00,-2.376,-2.375901569792115,40.0,0.0
NIGHTUSDT,2026-09-29 11:15:00,3.22,2.479072762395352,40.0,-0.29620090148100586
PENGUUSDT,2025-12-07 15:55:00,-2.56,-2.559591872636127,40.0,0.0
PENGUUSDT,2025-12-17 14:50:00,-3.11,-3.110328638497658,40.0,0.0
PENGUUSDT,2025-12-24 16:45:00,-2.334,-2.3338735818476413,40.0,0.0
PENGUUSDT,2026-01-09 15:25:00,-3.057,-3.0570814425602975,40.0,0.0
PENGUUSDT,2026-01-21 14:10:00,-3.635,-3.6354581673306843,40.0,0.0
PENGUUSDT,2026-02-02 06:40:00,1.286,1.2861309997348165,40.0,0.0
PENGUUSDT,2026-02-25 01:10:00,-0.211,-0.21055797864340686,40.0,0.0
PENGUUSDT,2026-03-02 16:45:00,-4.217,-4.2174197773411946,40.0,0.0
PENGUUSDT,2026-03-23 11:05:00,1.625,1.6245232377454393,40.0,0.0
PENGUUSDT,2026-05-05 01:50:00,1.104,1.1036288814066597,40.0,0.0
PENGUUSDT,2026-05-23 20:35:00,-1.719,-1.7189514396218353,40.0,0.0
PENGUUSDT,2026-06-03 21:40:00,-2.903,-2.9027777777777777,40.0,0.0
PENGUUSDT,2026-08-23 15:35:00,11.737,2.9424877396344025,40.0,-3.517610343290235
PENGUUSDT,2026-09-22 20:00:00,-3.264,-3.264354415622263,40.0,0.0
XPLUSDT,2025-12-09 15:00:00,3.824,2.999999999999996,40.0,-0.3294117647058789
XPLUSDT,2025-12-26 18:35:00,-1.545,-1.5449438202247245,40.0,0.0
XPLUSDT,2026-01-02 06:25:00,-0.055,-0.05491488193301304,40.0,0.0
XPLUSDT,2026-01-13 22:10:00,2.178,2.177971375233356,40.0,0.0
XPLUSDT,2026-01-30 18:45:00,-2.855,-2.8548770816811992,40.0,0.0
XPLUSDT,2026-02-12 05:05:00,-1.067,-1.0672358591248674,40.0,0.0
XPLUSDT,2026-02-28 19:35:00,3.071,2.968270214943705,40.0,-0.04094165813715591
XPLUSDT,2026-03-16 21:50:00,-2.953,-2.9529130087789266,40.0,0.0
XPLUSDT,2026-03-23 11:05:00,0.208,0.20790020790021385,40.0,0.0
XPLUSDT,2026-04-02 04:10:00,4.206,2.803738317757012,40.0,-0.5607476635514026
XPLUSDT,2026-04-21 14:20:00,-2.652,-2.6515151515151483,40.0,0.0
XPLUSDT,2026-05-07 13:20:00,-3.336,-3.33642261353104,40.0,0.0
XPLUSDT,2026-05-28 17:10:00,6.904,7.015590200445435,40.0,0.044543429844099695
XPLUSDT,2026-06-03 05:00:00,-0.111,-0.11086474501108964,40.0,0.0
XPLUSDT,2026-06-11 21:05:00,4.651,15.321477428180577,40.0,4.268125854993161
XPLUSDT,2026-06-17 12:25:00,8.895,8.895405669599214,40.0,0.0
XPLUSDT,2026-06-25 18:20:00,7.227,7.226644323418522,40.0,0.0
XPLUSDT,2026-08-19 15:25:00,-2.141,-2.1411676833063606,40.0,0.0
XPLUSDT,2026-09-11 12:30:00,0.188,2.908749706779259,40.0,1.088435374149661
XPLUSDT,2026-09-21 01:20:00,1.699,2.703280264985565,40.0,0.40175232396623406
XPLUSDT,2026-09-26 08:35:00,-3.168,-3.1676862482192285,40.0,0.0
MARSCOINUSDT,2026-09-05 14:50:00,3.738,3.569928601427975,40.0,-0.06719865602687669
MARSCOINUSDT,2026-09-10 19:25:00,-2.676,1.5886287625418054,40.0,1.705685618729095
MARSCOINUSDT,2026-09-16 06:05:00,-4.438,-4.437869822485211,40.0,0.0
MARSCOINUSDT,2026-09-21 08:05:00,2.053,2.6392961876832786,40.0,0.23460410557184339
MARSCOINUSDT,2026-09-26 14:35:00,8.661,2.726543704891729,40.0,-2.3736968724939915
SCRUSDT,2025-12-12 22:20:00,5.747,5.747126436781615,40.0,0.0
SCRUSDT,2026-03-12 09:40:00,-1.469,-1.4692164179104445,40.0,0.0
SCRUSDT,2026-03-22 17:50:00,-4.122,-4.121940747101771,40.0,0.0
SCRUSDT,2026-04-14 15:55:00,-3.617,-3.616878767582057,40.0,0.0
SCRUSDT,2026-06-07 22:10:00,-1.474,-1.473562554175104,40.0,0.0
SCRUSDT,2026-06-23 08:55:00,-5.271,-5.271039233303398,40.0,0.0
SCRUSDT,2026-07-25 14:50:00,-5.74,-5.739795918367349,40.0,0.0
SCRUSDT,2026-08-09 20:20:00,-3.117,-3.1169940222032513,40.0,0.0
SCRUSDT,2026-08-29 17:00:00,-6.973,-6.9732378439502485,40.0,0.0
SCRUSDT,2026-09-08 07:10:00,-2.432,-2.4324324324324427,40.0,0.0
SCRUSDT,2026-10-01 07:05:00,-3.05,-3.0499428135722404,40.0,0.0
ASTERUSDT,2026-01-14 09:00:00,-1.953,-1.9531250000000018,40.0,0.0
ASTERUSDT,2026-01-23 17:20:00,-0.77,-0.7704160246533135,40.0,0.0
ASTERUSDT,2026-02-02 06:45:00,3.333,2.9629629629629655,40.0,-0.14814814814814828
ASTERUSDT,2026-06-17 12:15:00,7.514,2.868852459016396,40.0,-1.8579234972677614
ASTERUSDT,2026-08-21 07:50:00,3.96,-0.14144271570014158,40.0,-1.640735502121642
ASTERUSDT,2026-09-05 13:05:00,-5.368,-5.367561260210027,40.0,0.0
ENJUSDT,2025-12-09 15:40:00,-3.614,-3.6138222104985394,40.0,0.0
ENJUSDT,2026-01-17 15:05:00,1.876,1.8756998880179085,40.0,0.0
ENJUSDT,2026-01-29 13:55:00,-11.708,-11.707944676744937,40.0,0.0
ENJUSDT,2026-02-03 19:10:00,3.091,2.751905165114316,40.0,-0.13547840812870468
ENJUSDT,2026-03-17 12:40:00,5.341,5.340519353258193,40.0,0.0
ENJUSDT,2026-03-26 15:40:00,-2.359,0.21843599825250312,40.0,1.0310179117518572
ENJUSDT,2026-04-08 15:15:00,8.364,8.36350470673425,40.0,0.0
ENJUSDT,2026-04-14 08:30:00,-9.191,-9.190751445086711,40.0,0.0
ENJUSDT,2026-04-23 16:25:00,-2.376,-2.3759495716825585,40.0,0.0
ENJUSDT,2026-05-06 15:15:00,-1.821,-1.820969906076288,40.0,0.0
ENJUSDT,2026-05-12 05:30:00,-3.606,-3.6061026352288525,40.0,0.0
ENJUSDT,2026-05-19 14:05:00,5.668,3.1229946524064234,40.0,-1.0181818181818152
ENJUSDT,2026-06-12 12:20:00,10.5,10.500155327741515,40.0,0.0
ENJUSDT,2026-06-20 18:15:00,-2.052,-2.0523899540912875,40.0,0.0
ENJUSDT,2026-09-04 22:00:00,-3.904,-3.903903903903907,40.0,0.0
ENJUSDT,2026-09-25 16:05:00,-2.348,-2.348205300234818,40.0,0.0
ENJUSDT,2026-10-02 11:50:00,15.743,15.742725880551298,40.0,0.0
MSTRBUSDT,2026-06-29 12:00:00,-2.165,-2.165041940603034,100.0,0.0
MSTRBUSDT,2026-08-27 14:00:00,3.078,2.9429384454096206,100.0,-0.13479107383555977
MSTRBUSDT,2026-09-18 13:35:00,6.288,2.758328028856359,100.0,-3.5292453497418554
ARBUSDT,2025-12-17 14:55:00,-2.431,-2.430555555555549,100.0,0.0
ARBUSDT,2026-02-03 19:10:00,1.629,2.870442203258347,100.0,1.2412723041117073
ARBUSDT,2026-02-25 01:15:00,-1.786,-1.785714285714293,100.0,0.0
ARBUSDT,2026-03-23 11:05:00,0.624,0.6243496357960348,100.0,0.0
ARBUSDT,2026-05-08 17:30:00,1.542,1.5416958654520025,100.0,0.0
ARBUSDT,2026-06-07 22:15:00,-2.151,-2.1505376344085976,100.0,0.0
ARBUSDT,2026-07-11 16:00:00,-2.326,-2.325581395348834,100.0,0.0
ARBUSDT,2026-08-31 17:50:00,22.353,22.35294117647059,100.0,0.0
ARBUSDT,2026-09-06 07:55:00,-3.223,-3.222607833415954,100.0,0.0
ARBUSDT,2026-09-11 13:50:00,-2.778,-2.7777777777777914,100.0,0.0
ARBUSDT,2026-09-17 17:40:00,-2.849,-2.849162011173181,100.0,0.0
DOTUSDT,2026-02-25 01:15:00,-1.398,-1.3975155279503118,40.0,0.0
DOTUSDT,2026-03-23 11:05:00,-0.879,-0.8789722785666074,40.0,0.0
DOTUSDT,2026-05-23 20:40:00,-2.045,-2.0454545454545556,40.0,0.0
DOTUSDT,2026-06-07 22:10:00,-1.623,-1.622718052738338,40.0,0.0
DOTUSDT,2026-09-08 20:10:00,-2.732,-2.732240437158464,40.0,0.0
牛来USDT,2026-09-10 15:10:00,34.028,34.02840396753833,40.0,0.0
牛来USDT,2026-09-17 08:20:00,-3.2,-3.1998585697869695,40.0,0.0
牛来USDT,2026-09-22 11:35:00,-3.923,-3.9227519613759796,40.0,0.0
牛来USDT,2026-09-28 05:10:00,3.375,2.152862649243208,40.0,-0.48885964087618505
MUBUSDT,2026-06-17 18:40:00,-3.007,-3.006737813565713,40.0,0.0
MUBUSDT,2026-06-24 20:00:00,8.955,8.95461323053422,40.0,0.0
MUBUSDT,2026-07-08 13:30:00,-2.359,-2.35857082092726,40.0,0.0
MUBUSDT,2026-07-17 13:50:00,6.151,2.8649500035797084,40.0,-1.314464358160512
MUBUSDT,2026-07-30 14:25:00,1.159,1.1591246290801187,40.0,0.0
MUBUSDT,2026-08-05 13:45:00,-0.086,-0.08562571806377095,40.0,0.0
GRAMUSDT,2026-07-21 14:35:00,1.856,1.85553346587144,40.0,0.0
GRAMUSDT,2026-08-31 16:30:00,-3.408,-3.4075104311543765,40.0,0.0
GRAMUSDT,2026-09-28 09:15:00,-1.261,-1.261261261261269,40.0,0.0
MANAUSDT,2026-01-18 00:00:00,-2.786,-2.7858386535113167,40.0,0.0
MANAUSDT,2026-03-23 11:05:00,1.149,1.1494252873563229,40.0,0.0
MANAUSDT,2026-06-07 22:10:00,-1.46,-1.4598540145985412,40.0,0.0
MANAUSDT,2026-07-03 12:10:00,-4.837,-4.836601307189536,40.0,0.0
MANAUSDT,2026-09-19 00:00:00,-1.476,-1.4760147601475926,40.0,0.0
MANAUSDT,2026-10-02 07:05:00,7.701,7.700534759358287,40.0,0.0
NVDABUSDT,2026-08-26 21:05:00,-0.046,-0.04559339807596897,100.0,0.0
DEXEUSDT,2025-12-31 14:05:00,-2.999,-2.999143101970865,40.0,0.0
DEXEUSDT,2026-01-11 15:05:00,3.656,3.6556291390728455,40.0,0.0
DEXEUSDT,2026-02-25 15:05:00,-5.125,-5.12457531143828,40.0,0.0
DEXEUSDT,2026-03-13 08:45:00,-0.146,-0.14647415777358597,40.0,0.0
DEXEUSDT,2026-03-30 03:30:00,-2.273,-2.273273995669955,40.0,0.0
DEXEUSDT,2026-04-06 05:35:00,-1.858,-1.8577615682698712,40.0,0.0
DEXEUSDT,2026-04-11 10:50:00,-0.517,-0.5166890565257718,40.0,0.0
DEXEUSDT,2026-04-17 03:20:00,2.364,2.364250454663546,40.0,0.0
DEXEUSDT,2026-04-23 13:55:00,-12.623,-12.623366230994936,40.0,0.0
DEXEUSDT,2026-04-30 15:10:00,-2.711,-2.7111751249682308,40.0,0.0
DEXEUSDT,2026-05-07 09:05:00,-2.26,-2.2604588394062137,40.0,0.0
DEXEUSDT,2026-05-13 01:55:00,-2.114,-2.114181041062441,40.0,0.0
DEXEUSDT,2026-05-18 03:05:00,1.14,1.1403253922138292,40.0,0.0
DEXEUSDT,2026-05-24 06:45:00,-4.875,-4.875172007076861,40.0,0.0
DEXEUSDT,2026-06-03 01:05:00,-6.522,1.0293924394410592,40.0,3.0207192605896016
DEXEUSDT,2026-06-11 00:15:00,-2.694,-2.693993978131116,40.0,0.0
DEXEUSDT,2026-06-17 10:10:00,-9.222,-9.22227181432715,40.0,0.0
DEXEUSDT,2026-06-22 12:50:00,1.262,1.2622562831060533,40.0,0.0
DEXEUSDT,2026-07-02 17:35:00,-2.888,-2.8882395290729628,40.0,0.0
DEXEUSDT,2026-07-08 12:20:00,-3.88,-3.879963625341004,40.0,0.0
DEXEUSDT,2026-07-18 12:50:00,-1.538,-1.5380778184236772,40.0,0.0
DEXEUSDT,2026-07-24 16:05:00,22.655,22.654982148653033,40.0,0.0
DEXEUSDT,2026-07-31 05:55:00,-1.926,-1.9261006289308147,40.0,0.0
DEXEUSDT,2026-08-12 19:00:00,-2.574,-2.5740650801360063,40.0,0.0
DEXEUSDT,2026-08-28 16:30:00,2.115,2.115059221658218,40.0,0.0
FILUSDT,2026-02-03 19:10:00,2.284,2.473834443387253,40.0,0.07611798287345409
FILUSDT,2026-03-23 11:05:00,2.247,2.247191011235957,40.0,0.0
FILUSDT,2026-05-06 01:50:00,-2.233,-2.233009708737877,40.0,0.0
FILUSDT,2026-06-03 11:00:00,3.556,2.7196652719665297,40.0,-0.33472803347280355
FILUSDT,2026-08-19 15:25:00,-2.078,-2.078349282296638,40.0,0.0
FILUSDT,2026-09-13 14:05:00,9.357,9.357384441939116,40.0,0.0
GALAUSDT,2025-12-17 14:55:00,-2.216,-2.215657311669128,40.0,0.0
GALAUSDT,2026-02-03 19:10:00,1.066,2.7718550106609787,40.0,0.682302771855005
GALAUSDT,2026-03-23 11:05:00,1.258,1.257861635220129,40.0,0.0
GALAUSDT,2026-05-08 14:25:00,-6.452,-6.451612903225803,40.0,0.0
GALAUSDT,2026-06-07 22:15:00,-1.887,-1.8867924528301934,40.0,0.0
GALAUSDT,2026-08-21 08:50:00,-5.145,-5.144694533762055,40.0,0.0
GALAUSDT,2026-09-17 16:05:00,1.378,2.7563395810363787,40.0,0.551267916207278
GALAUSDT,2026-10-02 08:25:00,2.144,2.1442495126705623,40.0,0.0
TIAUSDT,2025-12-17 14:55:00,-2.111,-2.111324376199618,40.0,0.0
TIAUSDT,2026-01-09 15:25:00,-2.421,-2.421350300459515,40.0,0.0
TIAUSDT,2026-01-21 19:30:00,-0.565,-0.565089995814144,40.0,0.0
TIAUSDT,2026-02-03 19:10:00,0.847,2.6768642447418824,40.0,0.7320404261130882
TIAUSDT,2026-02-25 01:10:00,-1.799,-1.7994858611825173,40.0,0.0
TIAUSDT,2026-03-23 11:05:00,0.953,0.9532595325953235,40.0,0.0
TIAUSDT,2026-04-16 15:40:00,-3.492,-3.4922253377517185,40.0,0.0
TIAUSDT,2026-05-20 19:20:00,-2.071,-2.0707921984107864,40.0,0.0
TIAUSDT,2026-06-07 22:10:00,-2.67,-2.669530530837693,40.0,0.0
TIAUSDT,2026-06-26 17:40:00,-1.522,-1.5217952024761456,40.0,0.0
TIAUSDT,2026-07-03 08:00:00,2.683,2.68336314847943,40.0,0.0
TIAUSDT,2026-09-07 00:25:00,-7.742,-7.742205482318472,40.0,0.0
TIAUSDT,2026-09-22 19:20:00,6.152,3.426990208599405,40.0,-1.0898254576415476
APTUSDT,2025-12-17 14:55:00,-2.101,-2.1013597033374554,40.0,0.0
APTUSDT,2026-02-25 20:25:00,-4.151,-4.151291512915143,40.0,0.0
APTUSDT,2026-03-23 11:05:00,-1.776,-1.776384535005226,40.0,0.0
APTUSDT,2026-05-10 17:15:00,-2.353,-2.35294117647059,40.0,0.0
APTUSDT,2026-06-07 22:10:00,-1.747,-1.7467248908296957,40.0,0.0
APTUSDT,2026-09-21 06:25:00,-0.13,-0.13003901170351118,40.0,0.0
SKYUSDT,2026-03-17 01:10:00,0.051,0.050549728295208346,40.0,0.0
SKYUSDT,2026-03-23 11:10:00,-1.704,-1.7039106145251381,40.0,0.0
SKYUSDT,2026-09-11 16:50:00,-3.365,-3.3652312599681142,40.0,0.0
SKYUSDT,2026-09-18 09:45:00,3.363,2.880274015257675,40.0,-0.19305620426592218
SKYUSDT,2026-09-27 19:55:00,5.244,2.4939250543547864,40.0,-1.0998848957667218
AXSUSDT,2026-01-13 12:50:00,1.953,4.687500000000004,40.0,1.093750000000001
AXSUSDT,2026-01-20 02:35:00,8.04,8.040468583599576,40.0,0.0
AXSUSDT,2026-01-26 06:55:00,6.369,2.168021680216804,40.0,-1.6802168021680215
AXSUSDT,2026-02-02 04:15:00,-4.299,-4.298642533936655,40.0,0.0
AXSUSDT,2026-02-09 01:25:00,11.095,11.094674556213011,40.0,0.0
AXSUSDT,2026-02-20 00:00:00,0.301,0.3012048192771087,40.0,0.0
AXSUSDT,2026-03-14 08:10:00,-3.113,-3.112840466926056,40.0,0.0
AXSUSDT,2026-03-23 11:05:00,4.324,2.667893284268642,40.0,-0.6623735050597901
AXSUSDT,2026-04-25 04:25:00,9.836,9.836065573770501,40.0,0.0
AXSUSDT,2026-05-31 00:15:00,-2.642,-2.6421136909527734,40.0,0.0
AXSUSDT,2026-06-07 22:10:00,-1.869,-1.8691588785046744,40.0,0.0
AXSUSDT,2026-06-20 01:15:00,11.748,11.74757281553398,40.0,0.0
AXSUSDT,2026-08-06 00:05:00,-3.72,-3.7199124726477057,40.0,0.0
AXSUSDT,2026-08-21 00:00:00,-1.212,-1.2121212121212133,40.0,0.0
AXSUSDT,2026-09-19 00:00:00,-1.994,-1.9943019943019855,40.0,0.0
AXSUSDT,2026-09-25 01:00:00,-2.275,-2.274715660542434,40.0,0.0
AXSUSDT,2026-10-02 07:05:00,4.461,2.4410774410774527,40.0,-0.808080808080809
NOMUSDT,2025-12-19 00:40:00,-1.504,-1.5037593984962314,40.0,0.0
NOMUSDT,2025-12-25 01:30:00,-0.648,-0.6476683937823907,40.0,0.0
NOMUSDT,2026-01-03 11:25:00,0.118,3.9053254437869875,40.0,1.5147928994082798
NOMUSDT,2026-01-24 07:15:00,-3.19,-3.190184049079753,40.0,0.0
NOMUSDT,2026-01-30 10:50:00,10.124,1.3429752066115694,40.0,-3.512396694214877
NOMUSDT,2026-02-07 00:05:00,5.443,2.7993779160186696,40.0,-1.0575427682737117
NOMUSDT,2026-02-16 15:55:00,-5.051,-5.050505050505049,40.0,0.0
NOMUSDT,2026-03-28 11:10:00,13.433,13.432835820895514,40.0,0.0
NOMUSDT,2026-04-04 07:30:00,-7.232,-7.232267037552162,40.0,0.0
NOMUSDT,2026-04-09 09:45:00,13.447,13.446676970633694,40.0,0.0
NOMUSDT,2026-04-14 11:30:00,-2.77,-2.77008310249307,40.0,0.0
NOMUSDT,2026-04-29 02:35:00,13.571,13.571428571428577,40.0,0.0
NOMUSDT,2026-05-23 15:05:00,-3.571,-3.5714285714285614,40.0,0.0
NOMUSDT,2026-05-29 15:55:00,-4.128,-4.128440366972487,40.0,0.0
NOMUSDT,2026-06-03 18:00:00,-2.242,-2.2421524663677186,40.0,0.0
NOMUSDT,2026-06-11 17:30:00,0.588,0.5882352941176486,40.0,0.0
NOMUSDT,2026-06-22 14:15:00,-4.348,-4.347826086956521,40.0,0.0
NOMUSDT,2026-07-01 11:00:00,5.96,5.960264900662253,40.0,0.0
NOMUSDT,2026-07-08 13:35:00,-2.439,-2.4390243902438957,40.0,0.0
NOMUSDT,2026-07-23 15:10:00,-4.819,-4.8192771084337345,40.0,0.0
NOMUSDT,2026-08-05 19:30:00,-2.41,-2.409638554216874,40.0,0.0
NOMUSDT,2026-08-16 12:55:00,-2.367,-2.36686390532545,40.0,0.0
NOMUSDT,2026-08-25 19:00:00,0.633,0.6329113924050649,40.0,0.0
NOMUSDT,2026-09-05 02:00:00,6.358,6.358381502890177,40.0,0.0
NOMUSDT,2026-09-23 20:10:00,2.827,2.827225130890053,40.0,0.0
NOMUSDT,2026-09-30 04:10:00,-2.1,-2.1004566210045676,40.0,0.0
POLUSDT,2025-12-17 14:55:00,-1.926,-1.9264448336252133,100.0,0.0
POLUSDT,2026-01-09 15:30:00,-2.643,-2.643455834945192,100.0,0.0
POLUSDT,2026-02-06 05:50:00,-3.854,-3.8537549407114633,100.0,0.0
POLUSDT,2026-03-23 11:05:00,1.477,1.476793248945146,100.0,0.0
POLUSDT,2026-06-07 22:10:00,-1.414,-1.4138658067716585,100.0,0.0
POLUSDT,2026-08-17 18:30:00,-2.587,-2.586627623230857,100.0,0.0
POLUSDT,2026-08-24 11:55:00,0.171,0.17067759003242178,100.0,0.0
MUBARAKUSDT,2025-12-10 01:10:00,-3.474,-3.474078033137366,40.0,0.0
MUBARAKUSDT,2025-12-22 16:40:00,0.3,0.29976019184651054,40.0,0.0
MUBARAKUSDT,2025-12-31 19:20:00,6.952,6.952491309385861,40.0,0.0
MUBARAKUSDT,2026-01-06 07:50:00,2.733,2.2531160115052646,40.0,-0.1917545541706671
MUBARAKUSDT,2026-02-07 19:55:00,-2.181,-2.1813224267212052,40.0,0.0
MUBARAKUSDT,2026-02-13 23:00:00,1.122,1.1222681630242126,40.0,0.0
MUBARAKUSDT,2026-02-20 02:10:00,-2.943,-2.9428736295441427,40.0,0.0
MUBARAKUSDT,2026-03-02 14:35:00,1.085,1.0845986984815552,40.0,0.0
MUBARAKUSDT,2026-03-18 16:50:00,-2.486,-2.4856596558317383,40.0,0.0
MUBARAKUSDT,2026-04-13 17:20:00,-4.665,-4.664723032069971,40.0,0.0
MUBARAKUSDT,2026-04-28 16:45:00,2.192,2.192362093352189,40.0,0.0
MUBARAKUSDT,2026-05-04 10:30:00,8.353,2.944711538461544,40.0,-2.1634615384615423
MUBARAKUSDT,2026-06-07 22:10:00,-1.838,-1.837524177949719,40.0,0.0
MUBARAKUSDT,2026-06-14 09:30:00,-1.726,-1.7257039055404262,40.0,0.0
MUBARAKUSDT,2026-07-06 10:25:00,-2.101,-2.100840336134455,40.0,0.0
MUBARAKUSDT,2026-07-31 15:25:00,-3.091,-3.091301222142342,40.0,0.0
MUBARAKUSDT,2026-08-08 00:00:00,-3.317,-3.3168666196189127,40.0,0.0
MUBARAKUSDT,2026-08-15 09:15:00,-3.436,-3.436426116838487,40.0,0.0
MUBARAKUSDT,2026-08-21 06:35:00,-4.282,-4.281891168599461,40.0,0.0
MUBARAKUSDT,2026-09-02 14:15:00,10.107,10.107260726072596,40.0,0.0
MUBARAKUSDT,2026-09-12 01:55:00,1.865,1.864573110893036,40.0,0.0
MUBARAKUSDT,2026-09-17 10:55:00,-2.352,-2.352172492649456,40.0,0.0
MUBARAKUSDT,2026-09-22 16:00:00,9.985,9.984829678665006,40.0,0.0
MUBARAKUSDT,2026-09-28 09:05:00,5.686,5.685794261721476,40.0,0.0
DASHUSDT,2026-01-13 03:15:00,8.544,8.544152744630068,40.0,0.0
DASHUSDT,2026-01-18 13:00:00,6.71,2.7616279069767455,40.0,-1.5794573643410805
DASHUSDT,2026-02-03 20:30:00,-2.932,-2.932484655603544,40.0,0.0
DASHUSDT,2026-03-23 11:05:00,0.673,0.6725146198830317,40.0,0.0
DASHUSDT,2026-04-07 21:40:00,0.369,2.8887523048555552,40.0,1.0079901659496007
DASHUSDT,2026-05-04 00:50:00,17.443,17.442702050663442,40.0,0.0
DASHUSDT,2026-05-21 03:20:00,-2.841,-2.8409090909090913,40.0,0.0
DASHUSDT,2026-06-02 16:10:00,-3.273,-3.272910372608251,40.0,0.0
DASHUSDT,2026-06-07 22:10:00,-2.269,-2.2691292875989433,40.0,0.0
DASHUSDT,2026-08-21 21:15:00,6.358,21.767241379310363,40.0,6.163793103448283
DASHUSDT,2026-09-03 15:20:00,2.877,2.434705621956621,40.0,-0.17706949977865954
DASHUSDT,2026-09-11 12:30:00,0.142,2.021993614757007,40.0,0.7520397304008529
DASHUSDT,2026-09-16 18:05:00,-0.691,-0.6911217437533237,40.0,0.0
DASHUSDT,2026-09-22 17:05:00,-0.642,-0.6419289181149156,40.0,0.0
SUPERUSDT,2025-12-10 07:40:00,6.987,2.8305266929415844,40.0,-1.6624865639555715
SUPERUSDT,2025-12-21 00:30:00,-4.021,-4.021121039805033,40.0,0.0
SUPERUSDT,2026-01-17 21:05:00,-3.697,-1.18997025074373,40.0,1.0029749256268623
SUPERUSDT,2026-01-25 01:05:00,-7.282,-7.281772953414746,40.0,0.0
SUPERUSDT,2026-02-16 00:15:00,6.811,6.8113772455089805,40.0,0.0
SUPERUSDT,2026-03-23 11:05:00,3.256,3.2558139534883748,40.0,0.0
SUPERUSDT,2026-04-06 11:15:00,13.733,-0.09216589861751416,40.0,-5.52995391705069
SUPERUSDT,2026-04-19 21:05:00,-3.44,-3.4399999999999986,40.0,0.0
SUPERUSDT,2026-05-24 00:00:00,-3.487,-3.4865293185419977,40.0,0.0
SUPERUSDT,2026-06-07 22:10:00,-1.478,-1.4783526927138462,40.0,0.0
SUPERUSDT,2026-06-21 16:35:00,-1.944,-1.9436345966958228,40.0,0.0
SUPERUSDT,2026-08-24 12:50:00,-6.59,0.15325670498084729,40.0,2.6973180076628402
SUPERUSDT,2026-09-03 21:15:00,-1.366,-1.3663535439794965,40.0,0.0
SUPERUSDT,2026-09-21 14:45:00,-3.215,-3.2154340836012887,40.0,0.0
SUPERUSDT,2026-09-27 08:00:00,-3.294,-3.2936870997255188,40.0,0.0
OPUSDT,2025-12-17 14:55:00,-2.27,-2.2696929238985226,100.0,0.0
OPUSDT,2026-02-25 01:15:00,-1.641,-1.6406890894175457,100.0,0.0
OPUSDT,2026-03-23 11:05:00,-1.855,-1.8549747048903824,100.0,0.0
OPUSDT,2026-06-07 22:15:00,-2.629,-2.628918099089995,100.0,0.0
OPUSDT,2026-09-05 20:10:00,1.983,2.9272898961284284,100.0,0.9442870632672342
SHIBUSDT,2026-01-05 16:15:00,-2.95,1.8967334035827184,40.0,1.9388830347734487
SHIBUSDT,2026-03-23 11:05:00,1.99,1.99004975124379,40.0,0.0
SHIBUSDT,2026-06-07 22:10:00,-1.67,-1.670146137787058,40.0,0.0
SHIBUSDT,2026-07-26 01:55:00,6.526,2.4952015355086297,40.0,-1.6122840690978926
SYNUSDT,2025-12-17 10:00:00,-3.019,-3.0188679245282968,40.0,0.0
SYNUSDT,2025-12-31 09:05:00,-1.931,-1.9305019305019322,40.0,0.0
SYNUSDT,2026-01-06 04:00:00,-4.574,-4.574132492113565,40.0,0.0
SYNUSDT,2026-01-28 09:20:00,10.866,10.865561694290967,40.0,0.0
SYNUSDT,2026-02-03 00:20:00,-4.01,-4.010349288486406,40.0,0.0
SYNUSDT,2026-02-25 19:40:00,-2.132,-2.1317829457364277,40.0,0.0
SYNUSDT,2026-04-02 16:05:00,-3.516,-3.5156250000000053,40.0,0.0
SYNUSDT,2026-04-17 06:15:00,4.435,2.8225806451612874,40.0,-0.6451612903225825
SYNUSDT,2026-05-17 09:10:00,-4.388,-4.3875685557586825,40.0,0.0
SYNUSDT,2026-06-01 14:45:00,-2.245,-2.244897959183681,40.0,0.0
SYNUSDT,2026-06-08 09:45:00,6.021,2.6178010471204214,40.0,-1.3612565445026206
SYNUSDT,2026-06-13 15:45:00,12.575,12.574850299401206,40.0,0.0
SYNUSDT,2026-06-18 20:10:00,3.328,3.7821482602117826,40.0,0.18154311649016322
SYNUSDT,2026-06-24 13:35:00,0.031,2.155172413793106,40.0,0.8497536945812763
SYNUSDT,2026-06-29 17:50:00,8.89,2.3847874720357947,40.0,-2.602237136465324
SYNUSDT,2026-07-05 12:10:00,-4.372,-4.37224616278506,40.0,0.0
SYNUSDT,2026-07-12 00:00:00,-4.393,-4.392647583233379,40.0,0.0
SYNUSDT,2026-07-18 00:45:00,-7.073,-4.594007815892317,40.0,0.991749891445939
SYNUSDT,2026-07-24 05:40:00,-4.223,-4.222648752399229,40.0,0.0
SYNUSDT,2026-08-01 01:35:00,-2.08,-2.080209895052474,40.0,0.0
SYNUSDT,2026-08-08 05:05:00,8.927,8.926615553121573,40.0,0.0
SYNUSDT,2026-08-13 18:05:00,-2.803,-2.8029678483099816,40.0,0.0
SYNUSDT,2026-08-22 03:40:00,0.347,1.8844984802431537,40.0,0.6148501953973058
SYNUSDT,2026-09-14 20:00:00,-2.451,2.802861498768621,40.0,2.101559751377975
SYNUSDT,2026-09-21 09:45:00,-4.29,-4.28975951988504,40.0,0.0
SYNUSDT,2026-10-01 12:05:00,8.607,8.607225125007023,40.0,0.0
ICPUSDT,2025-12-20 21:40:00,-0.424,2.9349470499243564,40.0,1.343419062027234
ICPUSDT,2026-01-13 14:35:00,-0.709,2.8644356211003967,40.0,1.4293817356778207
ICPUSDT,2026-01-20 16:15:00,-2.445,-2.4447334200260156,40.0,0.0
ICPUSDT,2026-02-03 19:10:00,0.416,2.985638699924421,40.0,1.0279667422524572
ICPUSDT,2026-03-11 06:00:00,5.696,2.8872415138509497,40.0,-1.1236831837690215
ICPUSDT,2026-03-23 11:05:00,0.535,0.5354200988467833,40.0,0.0
ICPUSDT,2026-05-05 20:05:00,-0.26,-0.2599331600445643,40.0,0.0
ICPUSDT,2026-05-27 04:50:00,3.754,2.385964912280704,40.0,-0.5473684210526273
ICPUSDT,2026-06-03 21:05:00,-1.457,-1.4572538860103603,40.0,0.0
INJUSDT,2025-12-17 14:55:00,-2.39,-2.3904382470119367,40.0,0.0
INJUSDT,2026-01-13 22:10:00,-0.823,-0.822829131652656,40.0,0.0
INJUSDT,2026-02-02 03:45:00,0.028,0.02797985450476592,40.0,0.0
INJUSDT,2026-02-19 01:45:00,-10.376,-10.375860243515085,40.0,0.0
INJUSDT,2026-02-25 01:10:00,-1.609,-1.6089108910891103,40.0,0.0
INJUSDT,2026-03-23 11:05:00,0.625,0.6250000000000042,40.0,0.0
INJUSDT,2026-04-26 07:15:00,-3.712,2.5171624713958862,40.0,2.491736587846429
INJUSDT,2026-05-13 09:15:00,3.724,1.5589814654425904,40.0,-0.8661008141347653
INJUSDT,2026-05-29 15:25:00,-2.271,-2.2713414634146347,40.0,0.0
INJUSDT,2026-06-03 21:05:00,-3.524,-3.52376668166141,40.0,0.0
INJUSDT,2026-06-13 07:25:00,-2.611,-2.6106276615441586,40.0,0.0
INJUSDT,2026-09-19 06:35:00,2.102,2.752915649579608,40.0,0.26037428803905643
INJUSDT,2026-09-24 15:30:00,-5.96,-5.959797813565296,40.0,0.0
ETHFIUSDT,2025-12-09 16:05:00,-1.557,-1.5572858731924373,40.0,0.0
ETHFIUSDT,2025-12-17 14:55:00,-2.267,-2.26700251889169,40.0,0.0
ETHFIUSDT,2026-02-03 19:10:00,1.61,2.8169014084507067,40.0,0.4828973843058354
ETHFIUSDT,2026-02-25 01:10:00,-0.973,-0.9727626459143978,40.0,0.0
ETHFIUSDT,2026-03-23 11:05:00,0.0,0.0,40.0,0.0
ETHFIUSDT,2026-05-29 05:00:00,-1.985,-1.985111662531019,40.0,0.0
ETHFIUSDT,2026-06-03 11:00:00,-2.145,-2.1447721179624684,40.0,0.0
ETHFIUSDT,2026-06-11 17:30:00,-1.608,-1.6077170418006443,40.0,0.0
ETHFIUSDT,2026-06-17 18:40:00,-1.326,1.591511936339524,40.0,1.1671087533156508
ETHFIUSDT,2026-07-03 14:40:00,-0.541,-0.540540540540541,40.0,0.0
ETHFIUSDT,2026-08-13 14:45:00,6.873,6.250000000000003,40.0,-0.2490039840637454
ETHFIUSDT,2026-08-20 07:45:00,-0.604,-0.6042296072507479,40.0,0.0
ETHFIUSDT,2026-09-10 17:30:00,-3.689,-3.689266323263271,40.0,0.0
ETHFIUSDT,2026-09-29 06:45:00,2.501,2.5006870019236045,40.0,0.0
VIRTUALUSDT,2025-12-17 14:50:00,-2.753,-2.7526595744680917,40.0,0.0
VIRTUALUSDT,2026-01-03 03:50:00,-3.762,-3.762445010419076,40.0,0.0
VIRTUALUSDT,2026-01-08 15:25:00,-0.589,-0.5887222886578937,40.0,0.0
VIRTUALUSDT,2026-01-14 00:05:00,-0.839,-0.8386323841120529,40.0,0.0
VIRTUALUSDT,2026-01-20 14:35:00,-2.053,-2.052956957891048,40.0,0.0
VIRTUALUSDT,2026-02-02 03:45:00,-3.484,-3.4837688044338733,40.0,0.0
VIRTUALUSDT,2026-02-25 01:10:00,5.136,2.872733108650301,40.0,-0.9051516610495911
VIRTUALUSDT,2026-03-23 11:05:00,-2.484,-2.484294688749282,40.0,0.0
VIRTUALUSDT,2026-06-02 11:50:00,-2.243,-2.2432113341204256,40.0,0.0
VIRTUALUSDT,2026-06-07 22:10:00,-2.081,-2.0808459832850055,40.0,0.0
VIRTUALUSDT,2026-07-10 17:20:00,5.736,11.030709495234733,40.0,2.1178962230850704
VIRTUALUSDT,2026-08-24 15:05:00,-4.749,-4.7492125030288355,40.0,0.0
SEIUSDT,2025-12-10 20:10:00,-3.496,-3.4960422163588385,40.0,0.0
SEIUSDT,2026-02-03 19:10:00,-0.116,-0.11560693641617226,40.0,0.0
SEIUSDT,2026-03-23 11:05:00,0.163,0.1633986928104622,40.0,0.0
SEIUSDT,2026-05-10 18:35:00,-2.55,1.543088792990716,40.0,1.6372433634104846
SEIUSDT,2026-06-07 22:10:00,-1.57,-1.5702643609620335,40.0,0.0
SEIUSDT,2026-09-28 00:45:00,-4.58,-4.580242552690456,40.0,0.0
APEUSDT,2026-03-23 11:05:00,1.204,1.203501094091908,40.0,0.0
APEUSDT,2026-04-17 13:20:00,2.117,2.1174205967276163,40.0,0.0
APEUSDT,2026-04-24 02:40:00,-1.719,-1.7191977077363858,40.0,0.0
APEUSDT,2026-04-30 06:35:00,-4.884,-4.884004884004888,40.0,0.0
APEUSDT,2026-05-05 13:05:00,-2.175,-2.175191064079958,40.0,0.0
APEUSDT,2026-06-07 22:10:00,-1.915,-1.9154030327214682,40.0,0.0
APEUSDT,2026-06-25 14:30:00,-1.943,-1.9431988041853445,40.0,0.0
APEUSDT,2026-09-22 16:00:00,-3.491,-3.4906270200387954,40.0,0.0
APEUSDT,2026-10-02 13:30:00,-1.89,2.806414662084758,40.0,1.87857961053837
ACEUSDT,2025-12-10 17:40:00,-4.779,1.4705882352941189,40.0,2.5000000000000018
ACEUSDT,2025-12-19 11:25:00,-2.745,-2.7450980392156885,40.0,0.0
ACEUSDT,2026-01-03 21:45:00,0.627,0.6269592476489034,40.0,0.0
ACEUSDT,2026-01-10 16:40:00,-2.069,-2.0689655172413812,40.0,0.0
ACEUSDT,2026-02-15 17:35:00,-2.793,-2.7932960893854775,40.0,0.0
ACEUSDT,2026-02-21 03:25:00,-1.786,-1.7857142857142874,40.0,0.0
ACEUSDT,2026-02-27 15:00:00,-2.484,-2.4844720496894435,40.0,0.0
ACEUSDT,2026-03-10 19:20:00,-3.947,-3.9473684210526354,40.0,0.0
ACEUSDT,2026-03-23 11:05:00,3.077,3.0769230769230793,40.0,0.0
ACEUSDT,2026-04-05 06:25:00,-2.4,-2.400000000000002,40.0,0.0
ACEUSDT,2026-04-18 06:35:00,7.586,2.0689655172413812,40.0,-2.20689655172414
ACEUSDT,2026-04-23 19:10:00,0.0,0.0,40.0,0.0
ACEUSDT,2026-05-03 09:55:00,-2.344,-2.343750000000002,40.0,0.0
ACEUSDT,2026-05-08 13:00:00,1.493,1.492537313432837,40.0,0.0
ACEUSDT,2026-05-18 18:40:00,1.681,1.6806722689075646,40.0,0.0
ACEUSDT,2026-05-31 19:00:00,-4.778,-4.7775947281713345,40.0,0.0
ACEUSDT,2026-06-07 22:10:00,-1.752,-1.7524644030668173,40.0,0.0
ACEUSDT,2026-06-20 10:10:00,-2.395,-2.3952095808383254,40.0,0.0
ACEUSDT,2026-06-30 04:00:00,-2.294,-2.294197031039127,40.0,0.0
ACEUSDT,2026-07-18 15:10:00,-4.456,0.5242463958060256,40.0,1.9921363040629085
ACEUSDT,2026-07-24 15:30:00,28.151,28.150765606595986,40.0,0.0
ACEUSDT,2026-07-31 15:05:00,-2.77,-2.769679300291544,40.0,0.0
ACEUSDT,2026-08-06 13:35:00,9.28,9.279609279609275,40.0,0.0
ACEUSDT,2026-08-12 06:20:00,5.691,5.691056910569105,40.0,0.0
ACEUSDT,2026-08-17 10:30:00,1.47,1.5223097112860817,40.0,0.020997375328081613
ACEUSDT,2026-08-25 11:40:00,-3.547,-3.547297297297305,40.0,0.0
ACEUSDT,2026-09-01 11:00:00,12.53,12.529550827423183,40.0,0.0
ACEUSDT,2026-09-07 18:00:00,6.21,2.7537796976241866,40.0,-1.3822894168466557
ACEUSDT,2026-09-15 06:35:00,3.716,2.370275464445874,40.0,-0.5381165919282486
ACEUSDT,2026-09-20 12:55:00,-5.089,-5.08862206975414,40.0,0.0
ACEUSDT,2026-09-26 10:10:00,-3.175,-3.175313059033987,40.0,0.0
ACEUSDT,2026-10-01 12:15:00,-1.877,-1.8769551616266904,40.0,0.0
MAGICUSDT,2025-12-09 21:15:00,-8.48,-8.47953216374269,40.0,0.0
MAGICUSDT,2025-12-15 11:15:00,-1.603,-1.6028495102404239,40.0,0.0
MAGICUSDT,2025-12-23 17:20:00,-1.388,-1.3875123885034673,40.0,0.0
MAGICUSDT,2026-01-08 08:45:00,-2.944,-2.9440628066732115,40.0,0.0
MAGICUSDT,2026-01-18 10:35:00,-4.029,2.506714413607888,40.0,2.6141450313339303
MAGICUSDT,2026-02-07 08:10:00,-4.889,-4.888888888888905,40.0,0.0
MAGICUSDT,2026-02-12 08:35:00,-2.319,-0.5457025920873091,40.0,0.7094133697135113
MAGICUSDT,2026-02-17 11:25:00,4.183,2.614379084967323,40.0,-0.627450980392153
MAGICUSDT,2026-03-05 20:45:00,-4.451,-4.45103857566766,40.0,0.0
MAGICUSDT,2026-03-23 11:10:00,0.998,0.9983361064891786,40.0,0.0
MAGICUSDT,2026-04-03 10:25:00,-5.031,2.3584905660377378,40.0,2.955974842767297
MAGICUSDT,2026-04-08 19:55:00,-7.587,-7.587253414264032,40.0,0.0
MAGICUSDT,2026-04-18 07:00:00,-3.553,-3.5526315789473606,40.0,0.0
MAGICUSDT,2026-04-24 15:55:00,-2.71,-2.7104136947218245,40.0,0.0
MAGICUSDT,2026-06-07 22:10:00,-1.455,-1.4553014553014538,40.0,0.0
MAGICUSDT,2026-06-28 16:10:00,-0.203,2.0325203252032535,40.0,0.8943089430894338
MAGICUSDT,2026-08-30 09:55:00,6.452,6.451612903225809,40.0,0.0
MAGICUSDT,2026-09-27 13:45:00,11.743,11.74311926605505,40.0,0.0
WLFIUSDT,2025-12-08 14:45:00,-2.215,-2.21498371335504,40.0,0.0
WLFIUSDT,2025-12-18 10:20:00,-1.306,-1.3056835637480853,40.0,0.0
WLFIUSDT,2026-01-08 15:20:00,-2.416,-2.4162548050521773,40.0,0.0
WLFIUSDT,2026-01-14 16:05:00,-2.025,-2.024507192328182,40.0,0.0
WLFIUSDT,2026-01-20 14:35:00,-2.698,-2.6978417266187074,40.0,0.0
WLFIUSDT,2026-01-26 00:20:00,-2.241,-2.2413793103448203,40.0,0.0
WLFIUSDT,2026-02-01 20:35:00,-3.062,-3.061986557132183,40.0,0.0
WLFIUSDT,2026-02-15 19:20:00,-3.232,-3.2319391634980987,40.0,0.0
WLFIUSDT,2026-02-22 20:30:00,-3.506,-3.505843071786318,40.0,0.0
WLFIUSDT,2026-03-23 11:05:00,-0.608,-0.6079027355622993,40.0,0.0
WLFIUSDT,2026-04-15 12:15:00,-2.454,-2.453987730061352,40.0,0.0
WLFIUSDT,2026-06-07 22:10:00,-1.396,-1.3961605584642152,40.0,0.0
WLFIUSDT,2026-06-14 12:20:00,-1.645,-1.6447368421052644,40.0,0.0
WLFIUSDT,2026-08-14 20:00:00,-1.579,1.929824561403503,40.0,1.4035087719298256
WLFIUSDT,2026-08-22 05:00:00,-10.957,-10.957004160887662,40.0,0.0
WLFIUSDT,2026-09-11 13:45:00,-2.037,-2.0370370370370314,40.0,0.0
ALGOUSDT,2025-12-17 14:55:00,-1.784,-1.784197111299919,40.0,0.0
ALGOUSDT,2026-02-02 03:45:00,0.196,0.19627085377820594,40.0,0.0
ALGOUSDT,2026-03-23 11:05:00,0.91,0.9101251422070479,40.0,0.0
ALGOUSDT,2026-06-07 22:10:00,-1.771,-1.7708333333333406,40.0,0.0
ALGOUSDT,2026-06-17 06:30:00,-2.513,-2.5125628140703538,40.0,0.0
ALGOUSDT,2026-06-27 20:50:00,-1.362,-1.3620885357548158,40.0,0.0
ALGOUSDT,2026-09-20 14:45:00,1.911,1.3648771610555062,40.0,-0.21838034576888213
MORPHOUSDT,2025-12-15 15:40:00,-1.117,2.1477663230240664,100.0,3.2646048109965666
MORPHOUSDT,2025-12-26 13:45:00,-2.083,-2.0833333333333353,100.0,0.0
MORPHOUSDT,2026-02-14 01:25:00,-3.625,-3.6249014972419085,100.0,0.0
MORPHOUSDT,2026-02-20 09:30:00,-3.111,-3.110823071937772,100.0,0.0
MORPHOUSDT,2026-03-19 20:35:00,0.171,0.17123287671232257,100.0,0.0
MORPHOUSDT,2026-04-16 01:45:00,-4.191,-4.190981432360741,100.0,0.0
MORPHOUSDT,2026-05-06 14:30:00,-2.182,-2.182284980744551,100.0,0.0
MORPHOUSDT,2026-05-26 10:25:00,1.464,1.4640638864241313,100.0,0.0
MORPHOUSDT,2026-06-07 22:10:00,-1.551,-1.5508328546812253,100.0,0.0
MORPHOUSDT,2026-07-01 12:20:00,-3.347,-3.347477604903356,100.0,0.0
MORPHOUSDT,2026-07-06 15:50:00,-1.978,-1.9782393669633933,100.0,0.0
MORPHOUSDT,2026-07-25 07:45:00,-3.11,-3.109575518262573,100.0,0.0
MORPHOUSDT,2026-09-03 15:55:00,0.636,0.6359300476947541,100.0,0.0
MORPHOUSDT,2026-09-19 02:15:00,-2.169,-2.1691973969631255,100.0,0.0
MORPHOUSDT,2026-09-24 13:15:00,-0.53,-0.5300353356890503,100.0,0.0
ARKUSDT,2025-12-29 00:00:00,-2.605,-2.604548789435068,40.0,0.0
ARKUSDT,2026-02-01 13:05:00,37.104,37.10446467273517,40.0,0.0
ARKUSDT,2026-02-07 03:45:00,-5.047,-5.0465458108770225,40.0,0.0
ARKUSDT,2026-03-03 02:25:00,-3.617,-3.6170212765957452,40.0,0.0
ARKUSDT,2026-06-07 22:10:00,-1.296,-1.2955465587044568,40.0,0.0
ARKUSDT,2026-06-27 00:25:00,5.877,5.877034358047008,40.0,0.0
ARKUSDT,2026-08-26 14:20:00,-2.396,-2.39574090505767,40.0,0.0
ARKUSDT,2026-09-10 07:05:00,2.437,2.4371667936024433,40.0,0.0
ARKUSDT,2026-09-16 03:35:00,-5.025,-5.0245098039215765,40.0,0.0
ARKUSDT,2026-09-25 00:50:00,-7.809,-7.808564231738043,40.0,0.0
ARKUSDT,2026-09-30 06:25:00,5.061,2.2972002871500217,40.0,-1.1055276381909604
ZKUSDT,2025-12-17 14:55:00,-2.458,-2.457912457912463,100.0,0.0
ZKUSDT,2026-02-01 01:25:00,4.319,4.318936877076409,100.0,0.0
ZKUSDT,2026-02-06 07:20:00,-3.45,-3.449726546066461,100.0,0.0
ZKUSDT,2026-03-23 11:05:00,1.389,1.3888888888888902,100.0,0.0
ZKUSDT,2026-04-05 01:10:00,-3.222,-3.221884498480239,100.0,0.0
ZKUSDT,2026-04-16 07:00:00,-2.148,-2.147971360381857,100.0,0.0
ZKUSDT,2026-05-04 06:00:00,-2.406,-2.405686167304535,100.0,0.0
ZKUSDT,2026-06-07 22:10:00,-2.16,-2.1596244131455333,100.0,0.0
ZKUSDT,2026-06-14 00:00:00,-2.773,-2.7731092436974825,100.0,0.0
ZKUSDT,2026-06-20 10:55:00,1.748,1.7482517482517377,100.0,0.0
ZKUSDT,2026-08-31 04:30:00,-3.307,0.8016032064128278,100.0,4.108216432865721
ZKUSDT,2026-09-06 09:00:00,-1.601,-1.6007532956685504,100.0,0.0
ZKUSDT,2026-09-18 18:55:00,3.889,2.777777777777777,100.0,-1.1111111111111143
ZKUSDT,2026-09-25 16:00:00,-2.765,-2.7649769585253527,100.0,0.0
WBTCUSDT,2026-03-23 11:05:00,-1.677,-1.6773776965775793,40.0,0.0
RAYUSDT,2025-12-17 14:55:00,-2.323,-2.3232323232323253,40.0,0.0
RAYUSDT,2026-02-17 07:50:00,-3.099,2.6760563380281717,40.0,2.3098591549295797
RAYUSDT,2026-03-23 11:05:00,2.322,2.3217247097844136,40.0,0.0
RAYUSDT,2026-04-01 01:25:00,-3.049,1.3719512195121963,40.0,1.7682926829268308
RAYUSDT,2026-04-07 22:35:00,-2.141,-2.1406727828746197,40.0,0.0
RAYUSDT,2026-04-25 14:40:00,-3.938,-3.9381153305203815,40.0,0.0
RAYUSDT,2026-06-07 22:10:00,-1.518,-1.5177065767285007,40.0,0.0
RAYUSDT,2026-07-02 09:30:00,3.205,3.466279912980425,40.0,0.1044234952864409
RAYUSDT,2026-08-25 00:10:00,-3.152,-3.1519330214233032,40.0,0.0
RAYUSDT,2026-09-06 03:45:00,-8.105,-8.104631217838767,40.0,0.0
RAYUSDT,2026-09-12 01:05:00,-3.885,-3.8847996261245474,40.0,0.0
RAYUSDT,2026-09-18 03:15:00,7.271,12.735284859930749,40.0,2.185709789109223
RAYUSDT,2026-09-23 13:20:00,-2.572,-2.572151898734186,40.0,0.0
RESOLVUSDT,2025-12-08 13:10:00,-3.151,-3.1505250875145787,40.0,0.0
RESOLVUSDT,2025-12-19 09:55:00,26.604,2.217036172695448,40.0,-9.754959159859977
RESOLVUSDT,2026-01-14 13:40:00,-0.99,2.8465346534653424,40.0,1.5346534653465307
RESOLVUSDT,2026-01-19 19:50:00,4.028,2.4169184290030206,40.0,-0.644511581067474
RESOLVUSDT,2026-01-26 06:45:00,8.831,8.831168831168831,40.0,0.0
RESOLVUSDT,2026-02-02 20:30:00,-3.815,-3.8150289017341015,40.0,0.0
RESOLVUSDT,2026-02-07 22:30:00,-3.475,-3.475336322869961,40.0,0.0
RESOLVUSDT,2026-02-20 07:40:00,0.927,0.9273570324575012,40.0,0.0
RESOLVUSDT,2026-03-04 22:05:00,3.871,8.225806451612915,40.0,1.741935483870973
RESOLVUSDT,2026-03-10 02:50:00,2.207,2.9680365296803766,40.0,0.3044140030441403
RESOLVUSDT,2026-03-22 03:30:00,-5.67,-5.670103092783512,40.0,0.0
RESOLVUSDT,2026-03-27 08:50:00,-5.794,-5.793991416309015,40.0,0.0
RESOLVUSDT,2026-04-02 15:10:00,-6.765,-6.765327695560257,40.0,0.0
RESOLVUSDT,2026-04-08 14:20:00,-5.361,-5.361305361305369,40.0,0.0
RESOLVUSDT,2026-05-25 08:45:00,-2.143,-2.1428571428571423,40.0,0.0
RESOLVUSDT,2026-06-20 17:25:00,3.659,1.8292682926829156,40.0,-0.7317073170731746
RESOLVUSDT,2026-06-27 15:20:00,-2.347,2.347417840375589,40.0,1.8779342723004713
RESOLVUSDT,2026-07-08 10:20:00,-2.632,-2.6315789473684204,40.0,0.0
RESOLVUSDT,2026-07-17 16:05:00,-2.791,-2.7906976744186043,40.0,0.0
RESOLVUSDT,2026-08-06 11:25:00,-3.914,-3.9138943248532225,40.0,0.0
RESOLVUSDT,2026-08-24 21:20:00,-1.437,-1.4373716632443658,40.0,0.0
RESOLVUSDT,2026-09-08 15:00:00,-2.632,-2.6315789473684235,40.0,0.0
RESOLVUSDT,2026-09-26 07:25:00,-4.074,-4.073898626243485,40.0,0.0
RESOLVUSDT,2026-10-01 16:30:00,-2.326,1.0616784630940437,40.0,1.3549039433771495
ZAMAUSDT,2026-02-04 10:30:00,1.689,2.7823782709506357,40.0,0.4372308711493831
ZAMAUSDT,2026-02-13 08:25:00,-2.444,-2.4444444444444415,40.0,0.0
ZAMAUSDT,2026-02-20 12:15:00,7.338,2.82220131702728,40.0,-1.8062088428974583
ZAMAUSDT,2026-04-02 12:30:00,-1.728,-1.7277707543194294,40.0,0.0
ZAMAUSDT,2026-04-14 10:15:00,-1.516,0.6115394841797422,40.0,0.8508375432065962
ZAMAUSDT,2026-04-24 12:50:00,-3.161,-3.1611893583724586,40.0,0.0
ZAMAUSDT,2026-05-30 10:15:00,-3.133,-3.132661400163438,40.0,0.0
ZAMAUSDT,2026-06-08 09:10:00,-1.058,-1.057871810827629,40.0,0.0
ZAMAUSDT,2026-07-23 17:50:00,-3.869,-3.868638239339756,40.0,0.0
ZAMAUSDT,2026-08-02 05:00:00,-1.431,-1.4312267657992561,40.0,0.0
ZAMAUSDT,2026-08-22 01:40:00,14.066,4.816733832277884,40.0,-3.6998656687775835
ZAMAUSDT,2026-08-27 08:10:00,-2.206,-2.2060164083865135,40.0,0.0
ZAMAUSDT,2026-09-06 09:45:00,6.456,2.5511975008677528,40.0,-1.5619576535925042
ZAMAUSDT,2026-09-18 07:40:00,0.312,2.384008802494032,40.0,0.8289015220979269
ZAMAUSDT,2026-09-30 12:30:00,4.87,2.4221000261848524,40.0,-0.9793139565331297
SNXXBUSDT,2026-07-23 13:35:00,5.496,4.633620689655189,100.0,-0.8620689655172233
SNXXBUSDT,2026-07-30 13:25:00,15.357,15.357142857142847,100.0,0.0
SNXXBUSDT,2026-08-05 05:00:00,-2.441,-2.4408284023668645,100.0,0.0
SNXXBUSDT,2026-08-10 13:35:00,4.409,2.1505376344085945,100.0,-2.2580645161290414
SNXXBUSDT,2026-08-17 02:20:00,3.37,2.7412906910336767,100.0,-0.6282124500285722
SNXXBUSDT,2026-08-25 13:45:00,-6.065,-6.064981949458483,100.0,0.0
SNXXBUSDT,2026-08-31 13:30:00,-2.687,-2.6865671641791136,100.0,0.0
SNXXBUSDT,2026-09-08 13:50:00,2.052,2.052135330005532,100.0,0.0
SNXXBUSDT,2026-09-14 14:00:00,3.824,2.720588235294125,100.0,-1.1029411764705777
SNXXBUSDT,2026-09-22 13:30:00,7.201,7.201309328968905,100.0,0.0
SAGAUSDT,2025-12-12 05:00:00,-3.448,-3.448275862068954,40.0,0.0
SAGAUSDT,2026-01-18 22:05:00,-4.923,-4.922644163150497,40.0,0.0
SAGAUSDT,2026-02-11 23:00:00,-7.493,-7.492795389049006,40.0,0.0
SAGAUSDT,2026-02-25 18:10:00,-0.311,-0.31055900621118904,40.0,0.0
SAGAUSDT,2026-04-16 10:05:00,0.677,1.3206908228919674,40.0,0.25736539112766565
SAGAUSDT,2026-04-21 14:45:00,-4.403,-4.402834008097162,40.0,0.0
SAGAUSDT,2026-05-10 18:15:00,-1.188,-1.1875309252844988,40.0,0.0
SAGAUSDT,2026-05-20 06:40:00,-2.057,-2.0570359981299644,40.0,0.0
SAGAUSDT,2026-05-25 10:40:00,2.001,2.3759899958315867,40.0,0.15006252605252168
SAGAUSDT,2026-06-07 22:10:00,-1.745,-1.74545454545455,40.0,0.0
SAGAUSDT,2026-06-16 17:50:00,2.032,2.177068214804063,40.0,0.058055152394777744
SAGAUSDT,2026-06-25 09:30:00,-1.352,-1.3523131672597808,40.0,0.0
SAGAUSDT,2026-07-21 15:45:00,-1.668,-1.6678752719361933,40.0,0.0
SAGAUSDT,2026-08-08 21:40:00,8.414,7.508090614886728,40.0,-0.36245954692556986
SAGAUSDT,2026-08-18 16:10:00,-1.384,-1.3838310269482825,40.0,0.0
SAGAUSDT,2026-09-10 15:35:00,6.074,6.073619631901849,40.0,0.0
SAGAUSDT,2026-09-17 05:10:00,5.417,4.266538830297212,40.0,-0.460210930009589
SAGAUSDT,2026-09-23 04:40:00,6.49,6.4904960593416865,40.0,0.0
ETCUSDT,2025-12-17 14:55:00,-1.657,-1.6574585635359043,40.0,0.0
ETCUSDT,2026-02-21 08:55:00,-0.933,-0.9326424870466307,40.0,0.0
ETCUSDT,2026-03-23 11:05:00,2.031,2.0310633213859015,40.0,0.0
ETCUSDT,2026-06-07 22:10:00,-1.114,-1.1142061281337057,40.0,0.0
ETCUSDT,2026-09-22 13:00:00,-2.522,-2.5219298245613886,40.0,0.0
GOOGLBUSDT,2026-07-22 20:10:00,-5.944,-5.943566139683816,40.0,0.0
EIGENUSDT,2025-12-10 20:10:00,-4.726,-4.725897920604919,40.0,0.0
EIGENUSDT,2025-12-17 14:55:00,-3.373,-3.373493975903604,40.0,0.0
EIGENUSDT,2026-01-12 01:00:00,2.179,2.1791767554479438,40.0,0.0
EIGENUSDT,2026-02-03 19:10:00,1.626,2.8455284552845557,40.0,0.487804878048781
EIGENUSDT,2026-02-25 01:10:00,-3.015,-3.015075376884425,40.0,0.0
EIGENUSDT,2026-03-15 17:15:00,-0.461,-0.46082949308755805,40.0,0.0
EIGENUSDT,2026-03-23 11:05:00,1.538,1.5384615384615397,40.0,0.0
EIGENUSDT,2026-05-05 20:55:00,7.239,7.238883143743544,40.0,0.0
EIGENUSDT,2026-05-23 20:35:00,1.468,1.4679715302491092,40.0,0.0
EIGENUSDT,2026-06-07 22:15:00,1.42,1.419989077007095,40.0,0.0
EIGENUSDT,2026-06-18 20:05:00,1.913,1.9134396355353116,40.0,0.0
EIGENUSDT,2026-08-19 15:25:00,-2.289,-2.2888283378746643,40.0,0.0
EIGENUSDT,2026-09-10 17:55:00,-2.494,-2.4943310657596394,40.0,0.0
EIGENUSDT,2026-09-26 14:55:00,-2.178,-2.177730944854227,40.0,0.0
KORUBUSDT,2026-07-23 13:35:00,-3.635,-3.634711494775105,40.0,0.0
KORUBUSDT,2026-07-30 01:35:00,-7.681,-7.681159420289858,40.0,0.0
KORUBUSDT,2026-08-05 13:45:00,-4.01,-4.010416666666665,40.0,0.0
KORUBUSDT,2026-08-13 00:05:00,-2.634,-2.6340545625588065,40.0,0.0
KORUBUSDT,2026-08-20 00:15:00,5.721,2.9850746268656607,40.0,-1.0945273631840808
KORUBUSDT,2026-08-26 21:35:00,-3.156,-3.1555555555555594,40.0,0.0
KORUBUSDT,2026-09-04 13:35:00,3.28,3.280182232346253,40.0,0.0
KORUBUSDT,2026-09-25 16:00:00,0.046,0.04636068613814562,40.0,0.0
COTIUSDT,2026-01-19 14:10:00,-3.047,-3.0470914127423705,40.0,0.0
COTIUSDT,2026-02-02 03:45:00,-3.453,-3.45313601127554,40.0,0.0
COTIUSDT,2026-02-17 12:10:00,-5.678,2.581120943952812,40.0,3.30383480825959
COTIUSDT,2026-02-23 18:40:00,-3.117,1.2305168170631735,40.0,1.7391304347826118
COTIUSDT,2026-03-17 22:20:00,-5.634,-5.633802816901412,40.0,0.0
COTIUSDT,2026-03-23 11:10:00,2.165,2.165196471531671,40.0,0.0
COTIUSDT,2026-06-07 22:10:00,-1.485,-1.4851485148514763,40.0,0.0
COTIUSDT,2026-07-27 19:35:00,10.357,10.357142857142868,40.0,0.0
COTIUSDT,2026-08-04 00:05:00,-4.867,-4.866920152091255,40.0,0.0
COTIUSDT,2026-08-09 07:50:00,-3.318,1.5007898894154892,40.0,1.9273301737756754
COTIUSDT,2026-08-21 19:15:00,18.142,18.141592920353997,40.0,0.0
COTIUSDT,2026-08-28 11:40:00,-3.276,-3.276247207743853,40.0,0.0
COTIUSDT,2026-09-05 06:10:00,-2.259,-2.2591362126245738,40.0,0.0
COTIUSDT,2026-09-17 10:40:00,4.433,2.7968337730870667,40.0,-0.6543535620052722
COTIUSDT,2026-09-23 08:25:00,6.177,2.3471278567016793,40.0,-1.5318097591105595
LDOUSDT,2025-12-17 14:55:00,-2.279,-2.2787965105928296,100.0,0.0
LDOUSDT,2026-03-23 11:05:00,1.167,1.1671815997253738,100.0,0.0
LDOUSDT,2026-04-26 14:10:00,3.859,3.8593903638151406,100.0,0.0
LDOUSDT,2026-05-11 05:15:00,1.965,2.731193100143752,100.0,0.7666506947772007
LDOUSDT,2026-06-07 22:10:00,-1.877,-1.8772563176895443,100.0,0.0
LDOUSDT,2026-09-05 21:55:00,-3.133,-3.1332851289467367,100.0,0.0
LDOUSDT,2026-09-25 18:50:00,-0.021,-0.020504408447825404,100.0,0.0
CAKEUSDT,2026-03-15 13:15:00,3.385,3.385049365303247,40.0,0.0
CAKEUSDT,2026-03-23 11:05:00,0.71,0.7097232079489005,40.0,0.0
CAKEUSDT,2026-09-20 06:05:00,-2.374,-2.374130167826454,40.0,0.0
CRVUSDT,2025-12-17 14:55:00,-2.035,-2.0347259902333175,100.0,0.0
CRVUSDT,2026-03-23 11:05:00,-2.077,-2.076889085285024,100.0,0.0
CRVUSDT,2026-06-07 22:10:00,-1.507,-1.5067805123053755,100.0,0.0
CRVUSDT,2026-08-20 20:00:00,3.537,3.5366293756766423,100.0,0.0
CRVUSDT,2026-09-07 02:15:00,-2.052,-2.0521915378768676,100.0,0.0
CRVUSDT,2026-09-15 18:55:00,-3.255,-3.255131964809384,100.0,0.0
AEROUSDT,2026-08-24 16:10:00,-1.322,-1.3224064071521688,40.0,0.0
AEROUSDT,2026-09-07 14:55:00,-4.362,-4.361645770792875,40.0,0.0
AEROUSDT,2026-09-25 09:20:00,1.355,1.3553633664644318,40.0,0.0
OPNUSDT,2026-03-07 14:50:00,-3.878,-3.877862595419844,40.0,0.0
OPNUSDT,2026-03-19 19:10:00,-2.771,-2.77128547579298,40.0,0.0
OPNUSDT,2026-04-16 12:55:00,9.897,9.896682979880365,40.0,0.0
OPNUSDT,2026-05-30 13:25:00,-3.002,-3.0021443888491848,40.0,0.0
OPNUSDT,2026-06-04 20:30:00,-10.996,2.4819027921406356,40.0,5.391244398483285
OPNUSDT,2026-06-10 03:55:00,-7.43,-7.429718875501997,40.0,0.0
OPNUSDT,2026-06-17 05:00:00,-3.09,2.9666254635352276,40.0,2.4227441285537705
OPNUSDT,2026-06-22 07:05:00,-1.447,-1.4473684210526365,40.0,0.0
OPNUSDT,2026-06-27 20:35:00,2.627,2.6272577996715882,40.0,0.0
OPNUSDT,2026-07-05 15:15:00,-6.405,-6.405228758169937,40.0,0.0
OPNUSDT,2026-07-10 17:45:00,4.863,2.4316109422492467,40.0,-0.9726443768996986
OPNUSDT,2026-10-01 13:35:00,-6.366,-6.366459627329192,40.0,0.0
STRKUSDT,2026-02-03 19:10:00,1.441,2.702702702702705,100.0,1.2612612612612595
STRKUSDT,2026-05-08 08:15:00,5.816,5.816135084427765,100.0,0.0
STRKUSDT,2026-06-07 22:10:00,-2.041,-2.0408163265306105,100.0,0.0
STRKUSDT,2026-08-23 17:20:00,-1.102,-1.1019283746556503,100.0,0.0
STRKUSDT,2026-08-30 04:10:00,-1.225,-1.2251148545176143,100.0,0.0
STRKUSDT,2026-09-09 16:35:00,0.529,2.4579962663347823,100.0,1.9290603609209787
STRKUSDT,2026-09-18 03:10:00,1.762,1.7618270799347433,100.0,0.0
KITEUSDT,2025-12-10 15:40:00,-2.58,-2.5798525798525858,40.0,0.0
KITEUSDT,2025-12-22 16:15:00,-1.401,-1.4008620689655127,40.0,0.0
KITEUSDT,2026-01-19 02:15:00,7.006,2.016985138004245,40.0,-1.9957537154989369
KITEUSDT,2026-01-28 06:00:00,-6.061,-1.2396694214876005,40.0,1.9283746556473846
KITEUSDT,2026-02-14 00:15:00,-3.204,-3.2037590773173883,40.0,0.0
KITEUSDT,2026-03-03 17:10:00,1.289,1.2894619831036078,40.0,0.0
KITEUSDT,2026-03-18 16:30:00,-4.012,-4.011741682974552,40.0,0.0
KITEUSDT,2026-03-29 01:30:00,-3.708,-3.7079953650058033,40.0,0.0
KITEUSDT,2026-04-30 11:35:00,-1.723,-1.7229496898690573,40.0,0.0
KITEUSDT,2026-05-12 01:05:00,-3.337,-3.3368644067796613,40.0,0.0
KITEUSDT,2026-05-18 17:35:00,-2.203,-2.203023758099361,40.0,0.0
KITEUSDT,2026-05-26 06:50:00,3.48,3.4799420009666564,40.0,0.0
KITEUSDT,2026-06-07 15:35:00,-1.38,-1.3803680981595134,40.0,0.0
KITEUSDT,2026-07-07 02:00:00,-2.023,-2.0226537216828495,40.0,0.0
KITEUSDT,2026-08-27 09:00:00,-2.642,-2.6415094339622662,40.0,0.0
KITEUSDT,2026-09-16 16:25:00,-3.343,-3.34261838440112,40.0,0.0
KITEUSDT,2026-09-26 21:45:00,0.198,0.19788918205804398,40.0,0.0
BONKUSDT,2025-12-10 18:35:00,-1.911,-1.9114688128772621,40.0,0.0
BONKUSDT,2025-12-17 14:50:00,-2.27,-2.270147559591371,40.0,0.0
BONKUSDT,2026-01-04 03:10:00,4.541,2.502316960148293,40.0,-0.8155699721964765
BONKUSDT,2026-01-13 22:05:00,1.828,1.8276762402088746,40.0,0.0
BONKUSDT,2026-02-25 01:10:00,-1.518,-1.517706576728499,40.0,0.0
BONKUSDT,2026-03-23 11:05:00,1.849,1.8487394957983159,40.0,0.0
BONKUSDT,2026-06-07 22:10:00,-2.222,-2.2222222222222197,40.0,0.0
BONKUSDT,2026-07-03 21:50:00,-0.411,-0.4106776180698113,40.0,0.0
BONKUSDT,2026-08-21 16:30:00,-2.64,2.640264026402643,40.0,2.1122112211221085
BONKUSDT,2026-09-21 09:25:00,-1.511,-1.5105740181268865,40.0,0.0
BONKUSDT,2026-09-29 13:05:00,-3.333,-3.333333333333334,40.0,0.0
LSKUSDT,2025-12-18 14:30:00,-3.175,-3.174603174603177,40.0,0.0
LSKUSDT,2026-02-02 00:20:00,-2.0,-2.0000000000000018,40.0,0.0
LSKUSDT,2026-02-08 02:25:00,-4.054,0.0,40.0,1.621621621621623
LSKUSDT,2026-03-03 00:35:00,0.752,0.7518796992481209,40.0,0.0
LSKUSDT,2026-05-14 15:55:00,-2.239,-2.2388059701492558,40.0,0.0
LSKUSDT,2026-06-20 17:25:00,-3.191,-3.1914893617021303,40.0,0.0
LSKUSDT,2026-08-11 20:10:00,12.229,12.22857142857143,40.0,0.0
LSKUSDT,2026-08-26 14:00:00,7.841,7.841239109390122,40.0,0.0
LSKUSDT,2026-09-11 06:00:00,1.017,0.21802325581394966,40.0,-0.3197674418604702
LSKUSDT,2026-09-16 10:15:00,13.792,13.792476830819547,40.0,0.0
LSKUSDT,2026-09-23 21:20:00,2.471,2.559576345984125,40.0,0.0353045013239214
WIFUSDT,2025-12-09 16:35:00,-0.461,-0.46082949308755805,40.0,0.0
WIFUSDT,2025-12-17 14:55:00,-2.558,-2.55754475703325,40.0,0.0
WIFUSDT,2026-01-02 16:45:00,-2.744,-2.7439024390243927,40.0,0.0
WIFUSDT,2026-01-13 22:10:00,1.199,2.1582733812949657,40.0,0.38369304556354944
WIFUSDT,2026-01-21 14:10:00,-2.647,-2.647058823529414,40.0,0.0
WIFUSDT,2026-02-03 19:10:00,0.398,2.7888446215139466,40.0,0.9561752988047818
WIFUSDT,2026-02-25 01:10:00,-2.475,-2.4752475247524774,40.0,0.0
WIFUSDT,2026-03-23 11:05:00,2.778,2.7777777777777803,40.0,0.0
WIFUSDT,2026-06-07 22:10:00,-2.566,-2.5656689065363523,40.0,0.0
WIFUSDT,2026-08-25 02:20:00,6.583,2.8478057889822566,40.0,-1.493930905695613
WIFUSDT,2026-09-21 14:50:00,-5.224,-5.2241875771287605,40.0,0.0
ONEUSDT,2026-01-05 18:15:00,-3.063,-3.063457330415763,40.0,0.0
ONEUSDT,2026-01-13 12:00:00,-2.37,-2.3696682464454835,40.0,0.0
ONEUSDT,2026-03-23 11:10:00,1.81,1.8099547511312066,40.0,0.0
ONEUSDT,2026-07-17 11:15:00,-5.469,0.0,40.0,2.1875000000000053
ONEUSDT,2026-07-24 08:40:00,-3.759,-3.759398496240595,40.0,0.0
ONEUSDT,2026-08-12 03:55:00,-18.644,-18.644067796610173,40.0,0.0
ONEUSDT,2026-08-21 09:25:00,-4.561,-4.561403508771926,40.0,0.0
ONEUSDT,2026-09-16 22:50:00,22.877,22.87671232876713,40.0,0.0
ONEUSDT,2026-09-25 02:30:00,13.881,13.881242626818718,40.0,0.0
ONEUSDT,2026-10-01 15:10:00,-2.583,-2.5831873905429084,40.0,0.0
PLUMEUSDT,2025-12-10 17:40:00,-2.459,-2.4590163934426172,40.0,0.0
PLUMEUSDT,2025-12-17 14:55:00,-2.371,-2.3705552089831468,40.0,0.0
PLUMEUSDT,2025-12-26 06:40:00,-6.067,-6.066536203522512,40.0,0.0
PLUMEUSDT,2026-01-23 10:05:00,2.263,2.2627278441231877,40.0,0.0
PLUMEUSDT,2026-02-11 14:10:00,-3.159,-3.158844765342957,40.0,0.0
PLUMEUSDT,2026-03-06 07:40:00,-0.529,3.348017621145375,40.0,1.5506607929515457
PLUMEUSDT,2026-03-23 11:05:00,3.754,3.7536092396535103,40.0,0.0
PLUMEUSDT,2026-04-13 00:25:00,-4.424,-4.423963133640549,40.0,0.0
PLUMEUSDT,2026-05-23 20:35:00,0.633,0.6329113924050619,40.0,0.0
PLUMEUSDT,2026-06-07 22:10:00,-1.56,-1.5597920277296327,40.0,0.0
PLUMEUSDT,2026-06-15 03:30:00,-2.028,-2.0282186948853553,40.0,0.0
PLUMEUSDT,2026-08-06 06:20:00,-4.261,-4.260869565217384,40.0,0.0
PLUMEUSDT,2026-08-13 09:00:00,-2.467,-2.4671052631578942,40.0,0.0
PLUMEUSDT,2026-08-20 10:50:00,-2.579,-2.5792188651436962,40.0,0.0
PLUMEUSDT,2026-09-24 14:15:00,2.479,2.1408450704225457,40.0,-0.1352112676056363
PLUMEUSDT,2026-10-01 02:50:00,-4.232,-4.232049453162142,40.0,0.0
SOXLBUSDT,2026-07-08 13:30:00,-4.527,-4.526602678042431,100.0,0.0
SOXLBUSDT,2026-07-14 12:30:00,-5.103,-5.102577590741709,100.0,0.0
SOXLBUSDT,2026-07-20 00:00:00,-2.665,-2.6652298850574567,100.0,0.0
SOXLBUSDT,2026-07-29 13:30:00,-3.535,-3.53544440446203,100.0,0.0
SOXLBUSDT,2026-08-05 13:30:00,-3.609,-0.10871140745033865,100.0,3.5005073199014443
SOXLBUSDT,2026-08-13 13:35:00,4.271,2.968067685589516,100.0,-1.303220524017465
SOXLBUSDT,2026-09-09 13:30:00,0.48,0.48030739673390516,100.0,0.0
SOXLBUSDT,2026-09-18 19:55:00,-0.59,-0.5897560187429343,100.0,0.0
SOXLBUSDT,2026-09-24 16:15:00,1.334,1.3344511982114138,100.0,0.0
SOXLBUSDT,2026-09-30 12:30:00,-2.057,-2.057227099108754,100.0,0.0
PENDLEUSDT,2025-12-17 14:55:00,-2.606,-2.6057030481809105,100.0,0.0
PENDLEUSDT,2026-01-21 14:10:00,-3.346,2.8051181102362177,100.0,6.1515748031496065
PENDLEUSDT,2026-02-03 19:15:00,-0.845,2.794022092267716,100.0,3.638726445743993
PENDLEUSDT,2026-02-14 08:10:00,-4.341,-4.3413173652694645,100.0,0.0
PENDLEUSDT,2026-02-23 13:40:00,-1.717,-1.7170891251022182,100.0,0.0
PENDLEUSDT,2026-03-23 11:05:00,1.852,1.8518518518518534,100.0,0.0
PENDLEUSDT,2026-05-01 15:20:00,-3.244,-3.244274809160315,100.0,0.0
PENDLEUSDT,2026-05-11 22:00:00,-2.477,-2.4770642201834985,100.0,0.0
PENDLEUSDT,2026-09-07 11:50:00,-1.408,-1.4077897700609954,100.0,0.0
JASMYUSDT,2025-12-22 14:45:00,-2.999,-2.9985007496251823,40.0,0.0
JASMYUSDT,2026-01-06 08:00:00,4.97,2.5454545454545467,40.0,-0.9696969696969635
JASMYUSDT,2026-01-30 18:50:00,0.62,0.6201550387596916,40.0,0.0
JASMYUSDT,2026-02-11 21:25:00,-3.783,-3.782894736842108,40.0,0.0
JASMYUSDT,2026-03-23 11:05:00,2.883,2.8828828828828748,40.0,0.0
JASMYUSDT,2026-06-07 22:10:00,-1.429,-1.4285714285714235,40.0,0.0
JASMYUSDT,2026-06-14 18:05:00,-2.783,-2.782931354359925,40.0,0.0
JASMYUSDT,2026-08-25 18:40:00,-3.578,-3.578154425612038,40.0,0.0
JASMYUSDT,2026-09-11 12:35:00,0.988,0.9876543209876569,40.0,0.0
JASMYUSDT,2026-09-27 12:40:00,-3.774,-3.773584905660371,40.0,0.0
RENDERUSDT,2025-12-17 14:55:00,-2.881,-2.8812368236120975,40.0,0.0
RENDERUSDT,2026-01-02 09:00:00,-0.397,-0.3973509933774838,40.0,0.0
RENDERUSDT,2026-01-08 15:45:00,-4.079,-4.079003864319458,40.0,0.0
RENDERUSDT,2026-01-21 19:25:00,-0.989,-0.9886307464162143,40.0,0.0
RENDERUSDT,2026-02-03 19:10:00,1.169,2.9870129870129896,40.0,0.727272727272728
RENDERUSDT,2026-03-23 11:05:00,1.801,1.8007202881152478,40.0,0.0
RENDERUSDT,2026-06-07 22:10:00,-1.889,-1.8890200708382543,40.0,0.0
ARUSDT,2025-12-17 14:55:00,-2.192,-2.1917808219178103,40.0,0.0
ARUSDT,2026-02-25 17:10:00,-4.061,-4.0609137055837605,40.0,0.0
ARUSDT,2026-03-23 11:10:00,2.235,2.2346368715083815,40.0,0.0
ARUSDT,2026-04-16 13:15:00,-5.677,-5.676855895196502,40.0,0.0
ARUSDT,2026-05-04 09:50:00,-3.111,-3.111111111111104,40.0,0.0
ARUSDT,2026-06-03 11:00:00,10.823,10.822510822510822,40.0,0.0
ARUSDT,2026-06-11 17:30:00,0.259,0.2587991718426561,40.0,0.0
ARUSDT,2026-09-01 07:00:00,0.781,2.4345429490123993,40.0,0.6614607257694081
ARUSDT,2026-09-13 17:05:00,0.787,0.7868383404864179,40.0,0.0
ARUSDT,2026-09-19 02:25:00,-3.624,2.5026068821689282,40.0,2.450469238790406
ARUSDT,2026-09-24 14:25:00,-1.395,-1.3949433304272028,40.0,0.0
ARUSDT,2026-10-01 09:30:00,0.113,0.11301989150090173,40.0,0.0
SKHYBUSDT,2026-07-15 13:40:00,-4.118,-4.1181932382981,100.0,0.0
SKHYBUSDT,2026-07-29 09:05:00,-2.737,-2.736697667327339,100.0,0.0
SKHYBUSDT,2026-08-19 06:45:00,3.363,2.967774805757226,100.0,-0.3948541587059
STXUSDT,2025-12-17 14:55:00,-1.907,-1.9072550486163231,40.0,0.0
STXUSDT,2026-01-04 05:20:00,-1.417,-1.4173703256936014,40.0,0.0
STXUSDT,2026-01-09 15:30:00,-0.935,2.8610729023383823,40.0,1.5185694635488345
STXUSDT,2026-02-02 03:45:00,-2.833,-2.8327512611563734,40.0,0.0
STXUSDT,2026-03-23 11:05:00,2.462,2.4624373956594274,40.0,0.0
STXUSDT,2026-05-05 18:40:00,23.938,23.937736642827083,40.0,0.0
STXUSDT,2026-06-07 22:10:00,-1.261,-1.2605042016806791,40.0,0.0
STXUSDT,2026-08-22 17:50:00,-0.826,2.937127122533267,40.0,1.5052776502983043
STXUSDT,2026-09-11 12:35:00,-1.451,-1.450935471554038,40.0,0.0
STXUSDT,2026-09-19 11:40:00,-2.656,-2.65570660765097,40.0,0.0
STXUSDT,2026-09-26 07:20:00,-2.036,-2.0361342127903628,40.0,0.0
ZENUSDT,2025-12-27 11:50:00,3.452,1.6817880061960526,40.0,-0.7081212657667634
ZENUSDT,2026-01-07 23:10:00,2.687,2.686663789382809,40.0,0.0
ZENUSDT,2026-01-13 10:05:00,1.196,1.4534308878781734,40.0,0.1028277634961432
ZENUSDT,2026-01-19 07:15:00,-3.153,-3.1534569983136493,40.0,0.0
ZENUSDT,2026-02-03 19:10:00,-0.102,2.439737034331626,40.0,1.016800584368149
ZENUSDT,2026-03-15 04:55:00,0.887,2.9456066945606723,40.0,0.8234309623430978
ZENUSDT,2026-03-23 11:05:00,1.277,1.2769784172661982,40.0,0.0
ZENUSDT,2026-04-21 11:45:00,-4.511,-4.510586069346419,40.0,0.0
ZENUSDT,2026-05-01 17:50:00,-0.079,-0.07895152376440696,40.0,0.0
ZENUSDT,2026-05-20 19:20:00,-0.457,-0.4572945862221522,40.0,0.0
ZENUSDT,2026-06-07 22:10:00,-1.93,-1.9301669919757,40.0,0.0
ZENUSDT,2026-08-22 02:05:00,-6.689,2.5847013622074693,40.0,3.7093957387355903
ZENUSDT,2026-08-31 10:10:00,-1.166,-1.1657559198542815,40.0,0.0
ZENUSDT,2026-09-06 05:10:00,-4.693,2.425520696018973,40.0,2.8473503822831487
ZENUSDT,2026-09-11 12:30:00,-2.359,-2.3590504451038545,40.0,0.0
ZENUSDT,2026-09-16 18:05:00,-0.756,-0.7562277580071197,40.0,0.0
ZENUSDT,2026-09-30 11:40:00,0.377,0.37725680409593737,40.0,0.0
JSTUSDT,2026-05-01 17:15:00,-2.131,-2.130828273570856,40.0,0.0
JSTUSDT,2026-05-06 23:55:00,7.039,2.9556046112337446,40.0,-1.6335540838852096
MINAUSDT,2026-01-05 19:05:00,-2.023,2.2364217252396217,40.0,1.7039403620873286
MINAUSDT,2026-01-19 06:15:00,-3.596,-3.596287703016248,40.0,0.0
MINAUSDT,2026-02-03 19:10:00,-0.282,2.8248587570621493,40.0,1.242937853107349
MINAUSDT,2026-02-11 18:20:00,-2.806,-2.8064992614475615,40.0,0.0
MINAUSDT,2026-03-23 11:05:00,0.344,0.34423407917383614,40.0,0.0
MINAUSDT,2026-04-01 00:00:00,9.239,2.7173913043478284,40.0,-2.608695652173912
MINAUSDT,2026-04-10 00:00:00,0.988,1.812191103789133,40.0,0.32948929159802326
MINAUSDT,2026-04-26 06:50:00,-6.573,-6.573426573426568,40.0,0.0
MINAUSDT,2026-05-04 00:00:00,-1.923,-1.9230769230769225,40.0,0.0
MINAUSDT,2026-06-07 22:10:00,-1.595,-1.5945330296127542,40.0,0.0
MINAUSDT,2026-08-21 18:15:00,-2.377,-2.376599634369279,40.0,0.0
MINAUSDT,2026-08-27 08:20:00,4.097,2.731411229135047,40.0,-0.5462822458270095
MINAUSDT,2026-09-07 08:10:00,1.754,2.882205513784474,40.0,0.45112781954887804
MINAUSDT,2026-09-17 05:20:00,-3.047,-3.0467899891186043,40.0,0.0
MINAUSDT,2026-09-22 14:40:00,2.999,3.612815269256987,40.0,0.24539877300613072
INTCBUSDT,2026-07-23 20:00:00,-4.283,0.2022244691607674,100.0,4.485706406838872
INTCBUSDT,2026-07-30 13:45:00,1.673,1.6732716864817216,100.0,0.0
INTCBUSDT,2026-08-13 13:45:00,0.275,0.27495970418128973,100.0,0.0
USDEUSDT,2026-07-11 09:45:00,-4.621,-4.621248213434988,40.0,0.0
SOXSBUSDT,2026-07-31 14:05:00,-4.767,-4.7671636296705255,40.0,0.0
SOXSBUSDT,2026-08-07 13:55:00,-1.799,-1.798892988929892,40.0,0.0
SOXSBUSDT,2026-08-19 13:35:00,2.607,1.1612620508326055,40.0,-0.5784399649430295
SOXSBUSDT,2026-09-02 13:50:00,-2.36,-2.360317167619388,40.0,0.0
SOXSBUSDT,2026-09-08 00:00:00,-1.701,-1.7013655697336132,40.0,0.0
SPKUSDT,2025-12-28 03:50:00,-11.164,-11.163522012578625,40.0,0.0
SPKUSDT,2026-01-06 18:55:00,-3.73,-3.7302321838155432,40.0,0.0
SPKUSDT,2026-03-06 20:10:00,-2.16,-2.1604635176274156,40.0,0.0
SPKUSDT,2026-03-14 20:05:00,-4.936,2.538071065989848,40.0,2.9897278068667816
SPKUSDT,2026-04-19 08:40:00,1.052,2.1917467683128864,40.0,0.4557507457739493
SPKUSDT,2026-04-27 00:25:00,-2.896,-2.8959039916514473,40.0,0.0
SPKUSDT,2026-06-07 22:10:00,-1.413,-1.4130038062464174,40.0,0.0
SPKUSDT,2026-06-16 03:40:00,-2.033,-2.0329325414071233,40.0,0.0
SPKUSDT,2026-06-30 13:10:00,0.416,0.4160166406656217,40.0,0.0
SPKUSDT,2026-08-21 05:30:00,-3.355,4.511535175163757,40.0,3.146681857020792
SPKUSDT,2026-08-27 07:40:00,1.888,2.6367087308915593,40.0,0.2995793577511036
SPKUSDT,2026-09-03 09:50:00,6.58,6.579943235572375,40.0,0.0
SPKUSDT,2026-09-25 16:15:00,-5.792,-5.791873141724482,40.0,0.0
TLMUSDT,2025-12-17 14:55:00,-2.336,-2.3364485981308474,40.0,0.0
TLMUSDT,2025-12-23 16:50:00,-2.041,-2.0408163265306154,40.0,0.0
TLMUSDT,2025-12-31 20:05:00,46.186,46.18604651162791,40.0,0.0
TLMUSDT,2026-01-07 10:40:00,-3.716,-3.7156127188281505,40.0,0.0
TLMUSDT,2026-01-20 13:20:00,-3.193,-3.192848020434227,40.0,0.0
TLMUSDT,2026-01-29 21:30:00,13.983,13.983440662373505,40.0,0.0
TLMUSDT,2026-02-15 17:35:00,-6.38,-6.379893668438867,40.0,0.0
TLMUSDT,2026-02-27 17:15:00,-2.898,1.596688350088699,40.0,1.7977528089887618
TLMUSDT,2026-03-08 13:45:00,-3.844,-3.843947217441194,40.0,0.0
TLMUSDT,2026-03-13 19:45:00,7.405,7.405462184873941,40.0,0.0
TLMUSDT,2026-03-23 11:05:00,1.702,1.7018779342722974,40.0,0.0
TLMUSDT,2026-04-08 16:55:00,-3.279,-3.278688524590158,40.0,0.0
TLMUSDT,2026-04-17 19:20:00,-2.313,4.8370136698212445,40.0,2.860147213459517
TLMUSDT,2026-06-07 22:10:00,-1.867,-1.8674136321194992,40.0,0.0
TLMUSDT,2026-06-14 14:10:00,-7.266,-1.038062283737012,40.0,2.491349480968859
TLMUSDT,2026-06-22 12:55:00,-1.906,-1.905626134301268,40.0,0.0
TLMUSDT,2026-06-28 11:55:00,-1.976,-1.9758507135016468,40.0,0.0
TLMUSDT,2026-07-03 19:25:00,33.117,33.11688311688313,40.0,0.0
TLMUSDT,2026-07-11 07:00:00,-3.99,-3.99002493765585,40.0,0.0
TLMUSDT,2026-07-18 19:45:00,-2.728,-2.7279253409906565,40.0,0.0
TLMUSDT,2026-07-24 09:00:00,-2.486,-2.486187845303862,40.0,0.0
TLMUSDT,2026-07-31 09:25:00,-0.794,-0.7936507936507985,40.0,0.0
TLMUSDT,2026-08-05 15:30:00,-4.566,1.4269406392693977,40.0,2.397260273972599
TLMUSDT,2026-08-12 10:25:00,-1.734,-1.734104046242782,40.0,0.0
TLMUSDT,2026-08-25 14:20:00,-6.273,1.8270401948842923,40.0,3.239951278928139
TLMUSDT,2026-09-02 10:45:00,-4.385,2.9235880398671084,40.0,2.9235880398671115
TLMUSDT,2026-09-16 07:50:00,-2.841,1.3860013860013896,40.0,1.6909216909216929
TLMUSDT,2026-09-26 11:25:00,-2.558,-2.55813953488372,40.0,0.0
TLMUSDT,2026-10-01 15:00:00,-3.368,-3.3680342927127946,40.0,0.0
RUNEUSDT,2026-03-23 11:05:00,-1.429,-1.42857142857143,40.0,0.0
RUNEUSDT,2026-06-07 22:15:00,-2.299,-2.2988505747126298,40.0,0.0
RUNEUSDT,2026-08-27 01:35:00,10.485,2.71844660194175,40.0,-3.1067961165048485
RUNEUSDT,2026-09-27 05:15:00,-3.699,-3.6992840095465294,40.0,0.0
TRBUSDT,2025-12-14 22:05:00,-6.275,-6.275395033860032,40.0,0.0
TRBUSDT,2026-02-02 03:45:00,0.125,0.1248439450686615,40.0,0.0
TRBUSDT,2026-03-23 11:05:00,0.82,0.8201892744479544,40.0,0.0
TRBUSDT,2026-04-10 17:45:00,2.53,2.5300442757748285,40.0,0.0
TRBUSDT,2026-04-16 03:20:00,-2.412,-2.4121657052962813,40.0,0.0
TRBUSDT,2026-05-01 04:10:00,-10.826,-10.825688073394492,40.0,0.0
TRBUSDT,2026-06-07 22:10:00,-1.554,-1.5544041450777135,40.0,0.0
TRBUSDT,2026-07-05 19:00:00,-3.763,-3.7631433314886538,40.0,0.0
TRBUSDT,2026-08-12 02:45:00,-3.491,-3.4907597535934283,40.0,0.0
TRBUSDT,2026-08-22 02:00:00,12.661,12.661498708010333,40.0,0.0
TRBUSDT,2026-10-01 15:15:00,-2.999,-2.9990627928772287,40.0,0.0
AVGOBUSDT,2026-09-02 21:15:00,-0.157,-0.15658050160700857,100.0,0.0
MOVEUSDT,2025-12-14 01:50:00,-2.228,-2.2277227722772226,40.0,0.0
MOVEUSDT,2025-12-19 21:05:00,-3.315,-0.27624309392265983,40.0,1.215469613259665
MOVEUSDT,2025-12-27 00:15:00,0.0,1.9230769230769207,40.0,0.7692307692307683
MOVEUSDT,2026-01-05 13:15:00,-2.743,-2.743142144638396,40.0,0.0
MOVEUSDT,2026-01-14 14:00:00,-1.295,-1.2953367875647679,40.0,0.0
MOVEUSDT,2026-01-26 04:10:00,-2.266,-2.2662889518413465,40.0,0.0
MOVEUSDT,2026-02-04 00:15:00,-1.128,-1.1278195488721736,40.0,0.0
MOVEUSDT,2026-02-12 08:35:00,8.56,8.560311284046694,40.0,0.0
MOVEUSDT,2026-03-16 11:25:00,-1.786,-1.7857142857142905,40.0,0.0
MOVEUSDT,2026-03-23 11:05:00,1.015,1.0152284263959506,40.0,0.0
MOVEUSDT,2026-04-18 19:20:00,0.0,3.9408866995073994,40.0,1.57635467980296
MOVEUSDT,2026-05-11 07:05:00,-6.14,-6.14035087719299,40.0,0.0
MOVEUSDT,2026-06-02 13:00:00,-3.247,-3.2467532467532494,40.0,0.0
MOVEUSDT,2026-06-08 08:55:00,16.667,16.66666666666667,40.0,0.0
MOVEUSDT,2026-06-16 06:20:00,-3.759,-3.759398496240592,40.0,0.0
MOVEUSDT,2026-08-13 00:05:00,6.452,6.451612903225809,40.0,0.0
MOVEUSDT,2026-08-19 11:00:00,-1.667,-1.6666666666666712,40.0,0.0
MOVEUSDT,2026-08-26 04:30:00,-3.409,2.2727272727272587,40.0,2.272727272727267
MOVEUSDT,2026-10-01 06:50:00,-2.683,-2.6831179005092043,40.0,0.0
TUTUSDT,2026-01-01 20:40:00,-4.0,-3.999999999999994,40.0,0.0
TUTUSDT,2026-03-10 03:00:00,-3.288,-3.2883642495784273,40.0,0.0
TUTUSDT,2026-03-16 03:05:00,-3.836,-3.836094158674799,40.0,0.0
TUTUSDT,2026-03-22 07:00:00,-1.309,-1.3086150490730488,40.0,0.0
TUTUSDT,2026-04-12 00:55:00,-3.199,-3.19917440660476,40.0,0.0
TUTUSDT,2026-04-17 01:45:00,-5.534,-5.534204458109147,40.0,0.0
TUTUSDT,2026-04-28 16:45:00,2.165,2.1645021645021667,40.0,0.0
TUTUSDT,2026-05-04 08:45:00,5.217,2.00642054574639,40.0,-1.2841091492776862
TUTUSDT,2026-05-19 13:15:00,-2.273,-2.272727272727271,40.0,0.0
TUTUSDT,2026-06-04 12:35:00,-0.516,-0.5159958720330384,40.0,0.0
TUTUSDT,2026-06-12 14:25:00,-2.372,-2.372262773722626,40.0,0.0
TUTUSDT,2026-06-19 10:55:00,-2.643,-2.6431718061674,40.0,0.0
TUTUSDT,2026-06-25 18:25:00,-2.511,-2.511210762331845,40.0,0.0
TUTUSDT,2026-07-05 16:00:00,-1.781,-1.7809439002671463,40.0,0.0
TUTUSDT,2026-07-10 21:30:00,-1.379,-1.379310344827575,40.0,0.0
TUTUSDT,2026-08-01 09:00:00,7.829,2.0759193357058106,40.0,-2.301304863582449
TUTUSDT,2026-08-07 07:25:00,3.078,2.983179942875266,40.0,-0.03808314820692118
TUTUSDT,2026-08-15 11:10:00,1.512,1.51218146177541,40.0,0.0
TUTUSDT,2026-08-20 19:30:00,-4.514,-4.5142857142857284,40.0,0.0
TUTUSDT,2026-08-26 13:30:00,-6.444,-6.444188722669739,40.0,0.0
TUTUSDT,2026-09-01 09:45:00,-5.242,2.202233250620355,40.0,2.9776674937965253
TUTUSDT,2026-09-15 15:30:00,-5.653,-5.652573529411773,40.0,0.0
TUTUSDT,2026-09-24 10:25:00,-6.292,-6.291834002677375,40.0,0.0
2ZUSDT,2025-12-07 17:30:00,8.151,8.151338049830821,40.0,0.0
2ZUSDT,2025-12-25 11:50:00,-2.753,-2.753349223308955,40.0,0.0
2ZUSDT,2026-01-23 15:45:00,-1.565,-1.5652053466306424,40.0,0.0
2ZUSDT,2026-02-03 19:10:00,0.976,0.9757893767835695,40.0,0.0
2ZUSDT,2026-05-27 12:20:00,-2.298,-2.298391126211662,40.0,0.0
2ZUSDT,2026-06-07 22:10:00,-1.704,-1.703837096550781,40.0,0.0
2ZUSDT,2026-06-21 16:55:00,-7.089,-7.08897270911914,40.0,0.0
2ZUSDT,2026-08-12 17:55:00,9.713,9.71310706919182,40.0,0.0
2ZUSDT,2026-09-24 16:40:00,-4.42,-4.419800707168106,40.0,0.0
GLMRUSDT,2025-12-07 15:50:00,-7.789,-7.788944723618087,40.0,0.0
GLMRUSDT,2025-12-14 08:55:00,-1.014,0.6756756756756715,40.0,0.6756756756756763
GLMRUSDT,2025-12-23 19:00:00,-3.252,-3.2520325203251974,40.0,0.0
GLMRUSDT,2026-01-01 09:10:00,-2.49,-2.489626556016597,40.0,0.0
GLMRUSDT,2026-01-15 21:00:00,21.577,21.576763485477176,40.0,0.0
GLMRUSDT,2026-01-27 14:55:00,-6.41,-6.410256410256415,40.0,0.0
GLMRUSDT,2026-02-15 19:05:00,-7.643,-7.643312101910816,40.0,0.0
GLMRUSDT,2026-02-24 11:35:00,-4.065,-4.065040650406507,40.0,0.0
GLMRUSDT,2026-03-03 15:00:00,-0.813,-0.8130081300812959,40.0,0.0
GLMRUSDT,2026-03-11 19:30:00,-5.344,-5.343511450381687,40.0,0.0
GLMRUSDT,2026-03-22 13:25:00,-3.509,-3.50877192982457,40.0,0.0
GLMRUSDT,2026-03-30 16:20:00,-3.604,-3.6036036036036125,40.0,0.0
GLMRUSDT,2026-04-06 09:45:00,-5.31,-5.309734513274336,40.0,0.0
GLMRUSDT,2026-04-11 20:15:00,-2.564,-2.5641025641025634,40.0,0.0
GLMRUSDT,2026-04-17 05:30:00,18.605,18.60465116279069,40.0,0.0
GLMRUSDT,2026-04-22 19:55:00,-4.43,-4.430379746835449,40.0,0.0
GLMRUSDT,2026-04-30 07:55:00,-2.339,-2.3391812865497137,40.0,0.0
GLMRUSDT,2026-05-17 18:25:00,-3.822,-3.821656050955402,40.0,0.0
GLMRUSDT,2026-05-28 19:15:00,-3.226,-3.2258064516128977,40.0,0.0
GLMRUSDT,2026-06-05 20:25:00,-4.124,-4.123711340206197,40.0,0.0
GLMRUSDT,2026-06-11 07:20:00,0.0,0.0,40.0,0.0
GLMRUSDT,2026-06-20 09:25:00,-1.087,2.1739130434782665,40.0,1.304347826086956
GLMRUSDT,2026-07-03 10:50:00,0.0,0.0,40.0,0.0
GLMRUSDT,2026-07-08 20:15:00,7.609,7.608695652173923,40.0,0.0
GLMRUSDT,2026-07-23 10:20:00,-2.405,-2.404766971696111,40.0,0.0
GLMRUSDT,2026-08-06 12:50:00,4.532,1.7008868910217407,40.0,-1.132304701737337
GLMRUSDT,2026-08-12 10:30:00,-2.309,-2.3090149840334155,40.0,0.0
GLMRUSDT,2026-08-25 13:35:00,-4.769,-4.768882376448646,40.0,0.0
GLMRUSDT,2026-09-08 06:50:00,-3.033,-3.0325334903577277,40.0,0.0
GLMRUSDT,2026-09-13 12:55:00,-3.104,-3.10407790626901,40.0,0.0
GLMRUSDT,2026-09-19 16:50:00,-3.279,-3.279186275998179,40.0,0.0
GLMRUSDT,2026-09-25 11:45:00,-4.881,-4.88124917989765,40.0,0.0
GLMRUSDT,2026-09-30 22:05:00,-6.962,-6.962025316455689,40.0,0.0
PHAUSDT,2025-12-07 15:10:00,-0.468,4.449648711943791,40.0,1.9672131147540959
PHAUSDT,2026-01-01 15:50:00,-5.793,-5.793450881612082,40.0,0.0
PHAUSDT,2026-01-18 15:05:00,-3.704,-3.703703703703713,40.0,0.0
PHAUSDT,2026-01-25 03:55:00,3.186,2.696078431372541,40.0,-0.19607843137254763
PHAUSDT,2026-03-02 06:30:00,-3.689,-3.6885245901639405,40.0,0.0
PHAUSDT,2026-03-08 13:45:00,-3.333,-3.3333333333333326,40.0,0.0
PHAUSDT,2026-03-13 17:00:00,-2.817,2.535211267605648,40.0,2.140845070422534
PHAUSDT,2026-03-20 02:40:00,-8.083,2.540415704388,40.0,4.249422632794458
PHAUSDT,2026-04-09 08:00:00,-1.852,-1.8518518518518496,40.0,0.0
PHAUSDT,2026-05-25 07:55:00,6.533,2.0100502512562692,40.0,-1.8090452261306558
PHAUSDT,2026-06-05 13:15:00,-2.36,-2.359882005899711,40.0,0.0
PHAUSDT,2026-06-13 09:10:00,-3.226,-3.2258064516129026,40.0,0.0
PHAUSDT,2026-06-18 13:50:00,-2.362,-2.3622047244094615,40.0,0.0
PHAUSDT,2026-07-18 17:15:00,2.521,2.5210084033613436,40.0,0.0
PHAUSDT,2026-08-08 09:10:00,0.0,0.0,40.0,0.0
PHAUSDT,2026-09-06 14:55:00,0.365,0.3649635036496328,40.0,0.0
PHAUSDT,2026-09-16 16:00:00,-3.717,-3.717472118959111,40.0,0.0
PHAUSDT,2026-09-23 07:25:00,-3.245,-3.245436105476668,40.0,0.0
PHAUSDT,2026-09-29 06:00:00,-0.153,1.8320610687022791,40.0,0.7938931297709897
CVXUSDT,2026-01-03 16:50:00,4.095,4.094827586206888,40.0,0.0
CVXUSDT,2026-02-03 19:10:00,4.614,10.672595886603679,40.0,2.4235686492495883
CVXUSDT,2026-03-23 11:05:00,1.26,1.260273972602747,40.0,0.0
CVXUSDT,2026-06-07 22:10:00,-1.333,-1.333333333333326,40.0,0.0
CVXUSDT,2026-07-24 14:55:00,6.556,7.55186721991701,40.0,0.39834024896265596
CVXUSDT,2026-08-10 11:20:00,-2.412,-2.411764705882349,40.0,0.0
CVXUSDT,2026-08-21 00:50:00,3.121,2.890173410404627,40.0,-0.0924855491329481
CVXUSDT,2026-08-26 08:30:00,5.422,2.6876737720111343,40.0,-1.0936051899907269
CVXUSDT,2026-10-02 02:10:00,5.5,4.5987376014427355,40.0,-0.3606853020739408
HEIUSDT,2025-12-23 17:20:00,-2.632,-2.63157894736843,40.0,0.0
HEIUSDT,2025-12-31 19:55:00,-0.896,-0.8957654723127065,40.0,0.0
HEIUSDT,2026-01-21 00:55:00,-4.306,-0.29695619896064124,40.0,1.6035634743875327
HEIUSDT,2026-01-26 11:15:00,-2.937,-2.937420178799485,40.0,0.0
HEIUSDT,2026-03-08 07:50:00,-1.686,-1.686121919584949,40.0,0.0
HEIUSDT,2026-03-15 19:10:00,-4.362,-4.3620501635768845,40.0,0.0
HEIUSDT,2026-03-23 11:05:00,2.354,2.3543990086741178,40.0,0.0
HEIUSDT,2026-04-02 17:10:00,-14.301,-14.300518134715032,40.0,0.0
HEIUSDT,2026-04-18 13:20:00,-6.357,-6.357214934409687,40.0,0.0
HEIUSDT,2026-05-23 09:05:00,-3.644,-3.6443148688046483,40.0,0.0
HEIUSDT,2026-05-29 11:55:00,52.276,52.27586206896553,40.0,0.0
HEIUSDT,2026-06-04 06:40:00,-20.102,-20.10152284263959,40.0,0.0
HEIUSDT,2026-06-10 05:15:00,-4.852,-4.852320675105478,40.0,0.0
HEIUSDT,2026-06-15 07:30:00,-3.995,-3.995299647473561,40.0,0.0
HEIUSDT,2026-06-22 10:20:00,-2.467,-2.466598150051387,40.0,0.0
HEIUSDT,2026-06-27 15:05:00,-4.788,-4.787878787878799,40.0,0.0
HEIUSDT,2026-07-04 07:55:00,-4.855,-4.855195911413978,40.0,0.0
HEIUSDT,2026-07-12 14:10:00,-2.428,-2.4280575539568297,40.0,0.0
HEIUSDT,2026-07-17 16:25:00,-3.692,-3.691550451189492,40.0,0.0
HEIUSDT,2026-08-01 19:05:00,9.589,9.589041095890416,40.0,0.0
HEIUSDT,2026-08-08 00:05:00,-7.248,-7.247591118558853,40.0,0.0
HEIUSDT,2026-08-14 09:40:00,23.036,23.036253776435046,40.0,0.0
HEIUSDT,2026-08-20 14:50:00,5.337,2.9651593773165335,40.0,-0.9488510007412927
HEIUSDT,2026-08-26 19:20:00,-5.559,-1.341853035143764,40.0,1.6869009584664594
HEIUSDT,2026-09-04 08:00:00,-2.429,-2.429415627051859,40.0,0.0
HEIUSDT,2026-09-16 09:40:00,5.476,5.475989890480207,40.0,0.0
HEIUSDT,2026-09-27 04:25:00,-3.289,1.707779886148013,40.0,1.9987349778621102
币安人生USDT,2026-01-08 15:25:00,-8.552,-8.552188552188547,40.0,0.0
币安人生USDT,2026-01-14 00:00:00,37.358,37.358101135190914,40.0,0.0
币安人生USDT,2026-01-27 16:05:00,-3.485,-3.48475420037338,40.0,0.0
币安人生USDT,2026-02-03 08:00:00,-2.242,-2.242152466367715,40.0,0.0
币安人生USDT,2026-02-08 15:10:00,-2.64,-2.639593908629447,40.0,0.0
币安人生USDT,2026-02-14 14:45:00,-2.34,-2.3402340234023447,40.0,0.0
币安人生USDT,2026-02-24 02:25:00,-3.252,-3.2520325203252063,40.0,0.0
币安人生USDT,2026-03-07 00:20:00,-3.374,-3.374233128834346,40.0,0.0
币安人生USDT,2026-03-23 11:10:00,16.234,16.233766233766232,40.0,0.0
币安人生USDT,2026-03-29 14:55:00,-3.304,-3.3039647577092537,40.0,0.0
币安人生USDT,2026-04-04 02:10:00,-2.763,-2.7633851468048314,40.0,0.0
币安人生USDT,2026-04-10 03:45:00,-7.203,-7.203389830508475,40.0,0.0
币安人生USDT,2026-04-15 13:45:00,-16.03,-16.029528078038496,40.0,0.0
币安人生USDT,2026-04-20 15:35:00,-3.685,-3.685300207039334,40.0,0.0
币安人生USDT,2026-04-27 01:10:00,-2.752,-2.7515511195036386,40.0,0.0
币安人生USDT,2026-05-02 16:00:00,0.536,2.0648967551622377,40.0,0.6114239742558307
币安人生USDT,2026-05-10 15:25:00,-1.355,2.2656597067969764,40.0,1.4482452243447341
币安人生USDT,2026-05-20 01:25:00,0.112,0.11220825852782775,40.0,0.0
币安人生USDT,2026-05-30 15:10:00,-1.94,-1.9397006114273636,40.0,0.0
币安人生USDT,2026-06-06 19:10:00,5.206,2.518267223382044,40.0,-1.075156576200421
币安人生USDT,2026-06-15 09:00:00,-3.459,-3.459250034592504,40.0,0.0
币安人生USDT,2026-06-26 14:50:00,-3.885,-3.884778012684987,40.0,0.0
币安人生USDT,2026-07-01 15:30:00,-0.089,2.8647371529828667,40.0,1.1813349084465457
币安人生USDT,2026-07-14 07:45:00,2.07,2.954793028322432,40.0,0.3540305010893219
币安人生USDT,2026-07-21 14:45:00,-3.607,-3.6072468456810074,40.0,0.0
币安人生USDT,2026-08-16 08:25:00,-3.216,-3.216200119118532,40.0,0.0
币安人生USDT,2026-08-21 09:45:00,-6.247,-6.246545052515189,40.0,0.0
币安人生USDT,2026-08-26 21:15:00,-0.853,-0.8527131782945658,40.0,0.0
币安人生USDT,2026-09-05 07:40:00,1.365,1.3651877133105772,40.0,0.0
币安人生USDT,2026-10-02 09:10:00,-3.737,-3.7370640091989404,40.0,0.0
AUDIOUSDT,2025-12-10 19:05:00,-6.649,-6.648936170212771,40.0,0.0
AUDIOUSDT,2025-12-23 14:00:00,-2.64,-2.6402640264026473,40.0,0.0
AUDIOUSDT,2025-12-28 21:10:00,-4.262,-4.26229508196721,40.0,0.0
AUDIOUSDT,2026-01-08 08:35:00,-4.748,-4.747774480712179,40.0,0.0
AUDIOUSDT,2026-01-29 13:55:00,-2.151,0.3584229390680982,40.0,1.0035842293906798
AUDIOUSDT,2026-02-07 13:30:00,-2.667,-2.666666666666666,40.0,0.0
AUDIOUSDT,2026-02-24 21:30:00,-2.37,-2.3696682464454994,40.0,0.0
AUDIOUSDT,2026-03-05 17:40:00,18.325,18.325123152709367,40.0,0.0
AUDIOUSDT,2026-03-14 20:20:00,9.976,9.97613365155132,40.0,0.0
AUDIOUSDT,2026-03-21 13:10:00,-1.91,-1.9098922624877641,40.0,0.0
AUDIOUSDT,2026-03-29 16:10:00,-4.355,-4.354926510615145,40.0,0.0
AUDIOUSDT,2026-04-05 21:00:00,-4.309,-1.0072747621712346,40.0,1.3206491326245107
AUDIOUSDT,2026-04-17 09:35:00,6.068,6.0684647302904615,40.0,0.0
AUDIOUSDT,2026-04-22 15:25:00,-4.502,-4.502164502164499,40.0,0.0
AUDIOUSDT,2026-04-29 17:45:00,6.011,6.011450381679393,40.0,0.0
AUDIOUSDT,2026-05-11 18:45:00,-4.286,-4.285714285714281,40.0,0.0
AUDIOUSDT,2026-05-17 18:15:00,-2.641,-2.640586797066009,40.0,0.0
AUDIOUSDT,2026-05-24 21:40:00,-3.609,-3.6085022244191864,40.0,0.0
AUDIOUSDT,2026-06-08 17:05:00,-6.611,-6.6105769230769145,40.0,0.0
AUDIOUSDT,2026-07-04 11:15:00,-5.764,-5.764248704663213,40.0,0.0
AUDIOUSDT,2026-07-17 12:40:00,-2.174,0.5072463768115987,40.0,1.0724637681159437
AUDIOUSDT,2026-07-30 15:15:00,-2.208,-2.2082018927444853,40.0,0.0
AUDIOUSDT,2026-08-10 22:00:00,-5.211,-5.2114803625377615,40.0,0.0
AUDIOUSDT,2026-08-24 13:15:00,-7.415,-7.414829659318636,40.0,0.0
AUDIOUSDT,2026-09-15 12:25:00,-2.765,-2.7653213751868373,40.0,0.0
AUDIOUSDT,2026-09-22 11:20:00,-2.025,-2.0251396648044597,40.0,0.0
AUDIOUSDT,2026-09-27 12:20:00,21.995,21.99504337050804,40.0,0.0
DYDXUSDT,2025-12-10 13:55:00,-2.117,-2.11742059672763,40.0,0.0
DYDXUSDT,2025-12-17 14:55:00,-2.545,-2.5446670276123498,40.0,0.0
DYDXUSDT,2026-03-09 19:25:00,-2.339,-2.3391812865497097,40.0,0.0
DYDXUSDT,2026-03-23 11:05:00,2.885,2.884615384615384,40.0,0.0
DYDXUSDT,2026-04-16 20:15:00,-4.414,-4.413692643845601,40.0,0.0
DYDXUSDT,2026-05-07 08:45:00,3.944,2.917086693548384,40.0,-0.4107862903225787
DYDXUSDT,2026-05-23 20:35:00,-2.296,-2.2963438101347013,40.0,0.0
DYDXUSDT,2026-05-30 14:05:00,-2.54,-2.5402113372546955,40.0,0.0
DYDXUSDT,2026-06-07 22:10:00,-2.552,-2.552440431742574,40.0,0.0
DYDXUSDT,2026-06-22 08:40:00,3.583,2.994106090373287,40.0,-0.2357563850687626
DYDXUSDT,2026-06-28 15:10:00,-0.165,-0.1651422764227707,40.0,0.0
DYDXUSDT,2026-09-21 11:30:00,-2.756,-2.7556557896962417,40.0,0.0
ATOMUSDT,2026-05-10 15:15:00,1.842,1.8417122946739632,40.0,0.0
ATOMUSDT,2026-06-07 22:10:00,-1.675,-1.6753321779318393,40.0,0.0
CHIPUSDT,2026-04-22 15:10:00,-0.35,-0.35010940919036987,40.0,0.0
CHIPUSDT,2026-05-08 07:25:00,-6.014,-6.014362657091556,40.0,0.0
CHIPUSDT,2026-05-27 00:00:00,-2.558,-2.557661566567716,40.0,0.0
CHIPUSDT,2026-06-02 12:30:00,-3.887,-3.8867670186475003,40.0,0.0
CHIPUSDT,2026-06-07 22:10:00,-2.416,-2.41606526513964,40.0,0.0
CHIPUSDT,2026-06-14 07:25:00,-1.333,-1.3329551900170113,40.0,0.0
CHIPUSDT,2026-06-27 15:00:00,2.334,2.3339907955292647,40.0,0.0
CHIPUSDT,2026-07-07 09:15:00,-5.548,-5.548216644649946,40.0,0.0
CHIPUSDT,2026-08-10 09:15:00,-2.456,-2.455546147332757,40.0,0.0
CHIPUSDT,2026-08-16 00:20:00,-5.174,-5.174234424498425,40.0,0.0
CHIPUSDT,2026-08-26 16:05:00,-3.139,-3.138880663310626,40.0,0.0
CHIPUSDT,2026-09-01 14:15:00,-4.023,-4.022857142857138,40.0,0.0
CHIPUSDT,2026-09-08 14:55:00,-2.984,-2.984274481772703,40.0,0.0
CHIPUSDT,2026-09-16 11:50:00,-3.515,-3.5147097110127494,40.0,0.0
CHIPUSDT,2026-09-24 19:30:00,-2.037,-2.0374562667215432,40.0,0.0
0GUSDT,2025-12-19 10:10:00,-2.458,-2.457956015523935,40.0,0.0
0GUSDT,2025-12-25 00:00:00,0.235,2.7027027027027053,40.0,0.9870740305522924
0GUSDT,2026-01-22 13:25:00,-3.91,0.4739336492891,40.0,1.7535545023696644
0GUSDT,2026-01-28 14:00:00,-5.606,-5.6064073226544675,40.0,0.0
0GUSDT,2026-02-04 07:45:00,-6.061,-6.060606060606066,40.0,0.0
0GUSDT,2026-02-12 02:45:00,24.57,2.660406885759001,40.0,-8.763693270735525
0GUSDT,2026-02-20 00:15:00,-0.153,-0.1531393568147015,40.0,0.0
0GUSDT,2026-02-28 06:10:00,-3.374,-3.3742331288343586,40.0,0.0
0GUSDT,2026-03-22 23:55:00,-1.859,1.3011152416356888,40.0,1.2639405204460976
0GUSDT,2026-03-28 12:20:00,-2.024,1.8218623481781393,40.0,1.5384615384615397
0GUSDT,2026-04-08 00:00:00,1.468,1.467889908256882,40.0,0.0
0GUSDT,2026-04-14 20:10:00,-2.28,-2.280130293159611,40.0,0.0
0GUSDT,2026-04-27 00:00:00,-1.391,4.695652173913048,40.0,2.4347826086956545
0GUSDT,2026-06-11 10:05:00,-2.721,-2.7210884353741522,40.0,0.0
0GUSDT,2026-06-24 06:55:00,-1.633,-1.6326530612244914,40.0,0.0
0GUSDT,2026-07-03 02:40:00,-4.367,-4.36681222707424,40.0,0.0
0GUSDT,2026-07-15 04:40:00,-3.175,-3.174603174603177,40.0,0.0
0GUSDT,2026-08-31 06:30:00,-6.838,-6.837606837606838,40.0,0.0
0GUSDT,2026-09-26 03:35:00,-1.946,-1.9461077844311312,40.0,0.0
PYTHUSDT,2025-12-17 14:55:00,-2.467,-2.467105263157897,40.0,0.0
PYTHUSDT,2026-01-27 15:45:00,1.284,4.975922953451041,40.0,1.4767255216693398
PYTHUSDT,2026-02-13 15:05:00,-2.783,-2.783300198807154,40.0,0.0
PYTHUSDT,2026-03-23 11:05:00,-2.174,-2.1739130434782563,40.0,0.0
PYTHUSDT,2026-04-02 13:30:00,-1.79,-1.7902813299232891,40.0,0.0
PYTHUSDT,2026-06-05 04:10:00,-2.059,-2.0588235294117623,40.0,0.0
PYTHUSDT,2026-06-10 13:05:00,-0.932,-0.9316770186335456,40.0,0.0
PYTHUSDT,2026-06-17 18:40:00,-3.186,-3.1862745098039276,40.0,0.0
PYTHUSDT,2026-06-26 17:15:00,-2.602,-2.6019080659150187,40.0,0.0
GIGGLEUSDT,2025-12-19 20:15:00,1.914,2.0559860825557554,40.0,0.05693499920923824
GIGGLEUSDT,2026-01-04 09:40:00,5.11,5.110073382254835,40.0,0.0
GIGGLEUSDT,2026-01-11 00:15:00,-1.915,-1.9154758285193145,40.0,0.0
GIGGLEUSDT,2026-02-02 06:45:00,1.188,1.187517260425296,40.0,0.0
GIGGLEUSDT,2026-02-25 21:50:00,-3.71,2.155477031802118,40.0,2.3462897526501765
GIGGLEUSDT,2026-03-04 12:10:00,-2.445,-2.4452207049857084,40.0,0.0
GIGGLEUSDT,2026-03-18 12:25:00,-3.642,-3.642149929278646,40.0,0.0
GIGGLEUSDT,2026-03-27 09:05:00,-3.606,-3.606158833063212,40.0,0.0
GIGGLEUSDT,2026-04-02 05:25:00,-2.61,-2.609830361026524,40.0,0.0
GIGGLEUSDT,2026-04-08 12:55:00,-4.185,-4.185096971759103,40.0,0.0
GIGGLEUSDT,2026-04-13 14:10:00,-6.131,-6.130823075066375,40.0,0.0
GIGGLEUSDT,2026-04-21 15:05:00,-5.367,-5.366631243358138,40.0,0.0
GIGGLEUSDT,2026-04-27 16:35:00,-0.029,0.3713224792916383,40.0,0.15995429877178016
GIGGLEUSDT,2026-05-04 21:00:00,-4.218,-4.21792618629174,40.0,0.0
GIGGLEUSDT,2026-05-21 02:15:00,-2.008,-2.008486562942011,40.0,0.0
GIGGLEUSDT,2026-06-01 07:35:00,-3.017,-3.017241379310337,40.0,0.0
GIGGLEUSDT,2026-06-07 01:00:00,1.882,2.982954545454545,40.0,0.4403409090909073
GIGGLEUSDT,2026-07-05 13:15:00,-3.142,-3.1415460642428417,40.0,0.0
GIGGLEUSDT,2026-07-30 10:25:00,10.563,2.525832376578646,40.0,-3.2146957520091872
GIGGLEUSDT,2026-08-07 05:45:00,1.247,1.2473379981746386,40.0,0.0
GIGGLEUSDT,2026-08-16 14:05:00,3.771,3.77069282648683,40.0,0.0
GIGGLEUSDT,2026-08-23 10:25:00,-2.914,-2.913631633714874,40.0,0.0
GIGGLEUSDT,2026-08-29 14:55:00,-5.051,-5.050973123262279,40.0,0.0
HUMAUSDT,2025-12-19 19:45:00,-0.416,-0.4158669225847781,40.0,0.0
HUMAUSDT,2026-02-15 17:35:00,-2.126,-2.126151665485471,40.0,0.0
HUMAUSDT,2026-02-21 18:10:00,-3.523,-3.5226455787203506,40.0,0.0
HUMAUSDT,2026-02-28 23:45:00,-5.399,-5.3994082840236794,40.0,0.0
HUMAUSDT,2026-03-06 08:30:00,-5.309,2.750965250965256,40.0,3.2239382239382266
HUMAUSDT,2026-03-11 13:35:00,1.951,0.3902439024390254,40.0,-0.6243902439024339
HUMAUSDT,2026-03-23 11:10:00,1.487,1.4872099940511614,40.0,0.0
HUMAUSDT,2026-03-30 16:40:00,-2.972,-2.972258916776755,40.0,0.0
HUMAUSDT,2026-04-07 19:10:00,-1.937,-1.9372077488309973,40.0,0.0
HUMAUSDT,2026-04-13 14:10:00,-2.758,-2.757859900717046,40.0,0.0
HUMAUSDT,2026-04-22 21:30:00,0.838,2.4308466051969853,40.0,0.6370494551550686
HUMAUSDT,2026-05-04 20:10:00,-0.092,-0.09233610341643207,40.0,0.0
HUMAUSDT,2026-05-17 23:55:00,-2.932,-2.9320302087960792,40.0,0.0
HUMAUSDT,2026-05-26 11:45:00,-2.065,-2.0653398422831466,40.0,0.0
HUMAUSDT,2026-06-08 14:35:00,-0.082,-0.08179959100204166,40.0,0.0
HUMAUSDT,2026-06-14 09:50:00,3.774,3.774385072094989,40.0,0.0
HUMAUSDT,2026-07-01 23:55:00,1.14,1.1399908800729446,40.0,0.0
HUMAUSDT,2026-07-30 16:30:00,-1.876,-1.8756169792695059,40.0,0.0
HUMAUSDT,2026-08-15 11:05:00,3.861,2.413127413127415,40.0,-0.5791505791505825
HUMAUSDT,2026-09-24 12:50:00,-2.321,-2.321007081038553,40.0,0.0
HUMAUSDT,2026-10-01 05:40:00,-3.822,-3.821847727956666,40.0,0.0
NEIROUSDT,2025-12-17 14:55:00,-2.178,-2.177873468035779,40.0,0.0
NEIROUSDT,2026-01-01 22:45:00,2.076,2.9550634972321643,40.0,0.35167697818300564
NEIROUSDT,2026-01-13 22:10:00,0.373,0.3733972100887675,40.0,0.0
NEIROUSDT,2026-01-21 14:10:00,2.059,2.786044973544976,40.0,0.2910052910052926
NEIROUSDT,2026-02-03 20:30:00,-3.643,-3.643007418890478,40.0,0.0
NEIROUSDT,2026-02-25 01:15:00,-1.627,-1.6269610691458496,40.0,0.0
NEIROUSDT,2026-03-23 11:05:00,1.804,1.8037974683544185,40.0,0.0
NEIROUSDT,2026-04-13 23:55:00,-7.234,-7.234352256186319,40.0,0.0
NEIROUSDT,2026-04-19 12:10:00,-2.533,2.3434884499497786,40.0,1.9506751478629616
NEIROUSDT,2026-05-23 20:35:00,-1.844,-1.844098883572572,40.0,0.0
NEIROUSDT,2026-06-07 22:10:00,-1.941,-1.9411586290567204,40.0,0.0
NEIROUSDT,2026-07-05 19:05:00,0.646,0.6458094144661272,40.0,0.0
NEIROUSDT,2026-08-20 12:10:00,-0.986,0.0,40.0,0.39434612186720697
NEIROUSDT,2026-09-03 14:45:00,1.627,1.6266460108443042,40.0,0.0
NEIROUSDT,2026-09-18 03:20:00,-1.78,-1.7803157541148849,40.0,0.0
BATUSDT,2025-12-10 15:40:00,-1.202,-1.2021857923497359,40.0,0.0
BATUSDT,2025-12-17 14:55:00,-3.082,-3.081732916480567,40.0,0.0
BATUSDT,2026-01-05 01:40:00,-2.888,-2.8879310344827633,40.0,0.0
BATUSDT,2026-01-20 05:15:00,-2.54,-2.53998118532456,40.0,0.0
BATUSDT,2026-02-03 04:50:00,-2.104,-2.1044427123928355,40.0,0.0
BATUSDT,2026-05-28 14:15:00,5.706,4.770813844714693,40.0,-0.37418147801683865
BATUSDT,2026-06-07 22:10:00,-1.37,-1.3698630136986218,40.0,0.0
BATUSDT,2026-09-13 14:40:00,-2.798,-2.798053527980531,40.0,0.0
REUSDT,2026-06-19 19:00:00,-6.5,-6.4996945632254155,40.0,0.0
REUSDT,2026-06-26 03:55:00,-1.147,2.842420212765958,40.0,1.5957446808510651
REUSDT,2026-07-02 10:10:00,7.471,2.8723905195416704,40.0,-1.8395856223512788
REUSDT,2026-07-22 08:20:00,3.895,2.689907467183131,40.0,-0.48203141811921635
REUSDT,2026-08-08 04:00:00,-2.388,-2.3876404494382117,40.0,0.0
REUSDT,2026-08-19 16:30:00,7.045,2.993280390959081,40.0,-1.6208511504785108
NMRUSDT,2025-12-07 15:10:00,-3.589,-3.5893155258764584,40.0,0.0
NMRUSDT,2026-01-04 21:10:00,-4.093,-4.093023255813949,40.0,0.0
NMRUSDT,2026-01-10 21:20:00,-2.825,2.1657250470809837,40.0,1.9962335216572482
NMRUSDT,2026-01-30 15:40:00,-3.711,-3.7109375000000075,40.0,0.0
NMRUSDT,2026-04-02 15:35:00,-4.651,-4.651162790697673,40.0,0.0
NMRUSDT,2026-04-11 09:20:00,-4.386,-4.385964912280686,40.0,0.0
NMRUSDT,2026-09-05 14:55:00,-5.268,-5.268109125117596,40.0,0.0
NMRUSDT,2026-09-28 10:00:00,11.386,11.386138613861391,40.0,0.0
BNCBUSDT,2026-09-18 02:55:00,8.865,8.865248226950355,40.0,0.0
BNCBUSDT,2026-09-29 12:35:00,-1.684,-1.6835016835016925,40.0,0.0
BROCCOLI714USDT,2025-12-22 18:10:00,-1.93,-1.929530201342276,40.0,0.0
BROCCOLI714USDT,2025-12-31 16:30:00,233.809,233.80916604057097,40.0,0.0
BROCCOLI714USDT,2026-01-06 06:30:00,31.433,31.433333333333337,40.0,0.0
BROCCOLI714USDT,2026-01-20 06:45:00,-5.365,-5.365402405180395,40.0,0.0
BROCCOLI714USDT,2026-02-02 16:25:00,-2.985,-2.985074626865674,40.0,0.0
BROCCOLI714USDT,2026-02-14 17:50:00,-3.913,-3.913043478260872,40.0,0.0
BROCCOLI714USDT,2026-03-07 03:15:00,-4.098,-4.097771387491021,40.0,0.0
BROCCOLI714USDT,2026-03-12 17:40:00,1.235,1.234567901234568,40.0,0.0
BROCCOLI714USDT,2026-04-04 16:00:00,-0.324,-0.32441200324412084,40.0,0.0
BROCCOLI714USDT,2026-04-13 09:00:00,2.594,2.5936599423631064,40.0,0.0
BROCCOLI714USDT,2026-04-28 15:15:00,14.318,14.317548746518103,40.0,0.0
BROCCOLI714USDT,2026-05-30 22:00:00,-1.942,-1.9423978566644362,40.0,0.0
BROCCOLI714USDT,2026-06-07 22:10:00,-0.603,-0.6029285099052594,40.0,0.0
BROCCOLI714USDT,2026-07-31 07:25:00,6.773,2.9133284777858783,40.0,-1.544064093226509
BROCCOLI714USDT,2026-08-08 11:30:00,4.911,10.586734693877563,40.0,2.2704081632653113
BROCCOLI714USDT,2026-08-19 15:25:00,3.159,2.8605482717520934,40.0,-0.11918951132299878
BROCCOLI714USDT,2026-08-29 15:40:00,-5.286,-5.285714285714285,40.0,0.0
BROCCOLI714USDT,2026-09-04 16:45:00,6.807,3.32453825857519,40.0,-1.3931398416886562
BROCCOLI714USDT,2026-09-21 10:05:00,0.0,0.0,40.0,0.0
BIOUSDT,2025-12-13 00:00:00,-1.965,-1.9646365422396874,40.0,0.0
BIOUSDT,2025-12-26 05:50:00,-4.641,-4.641350210970466,40.0,0.0
BIOUSDT,2026-01-04 15:15:00,-1.559,-1.559454191033129,40.0,0.0
BIOUSDT,2026-01-11 00:00:00,-2.62,-2.6200873362445405,40.0,0.0
BIOUSDT,2026-01-16 22:00:00,0.0,0.0,40.0,0.0
BIOUSDT,2026-01-22 10:05:00,-2.653,-2.653061224489801,40.0,0.0
BIOUSDT,2026-02-03 20:30:00,-2.524,-2.5236593059936867,40.0,0.0
BIOUSDT,2026-02-20 07:10:00,10.247,1.4134275618374597,40.0,-3.5335689045936376
BIOUSDT,2026-03-03 03:30:00,-2.791,-2.7906976744186043,40.0,0.0
BIOUSDT,2026-03-23 11:05:00,0.535,0.5347593582887669,40.0,0.0
BIOUSDT,2026-04-15 09:20:00,-6.276,-6.276150627615068,40.0,0.0
BIOUSDT,2026-04-23 01:55:00,-7.91,-0.564971751412426,40.0,2.9378531073446386
BIOUSDT,2026-04-28 10:10:00,6.485,3.754266211604097,40.0,-1.0921501706484622
BIOUSDT,2026-05-03 15:45:00,-5.636,-5.636070853462162,40.0,0.0
BIOUSDT,2026-05-08 18:15:00,-0.196,-0.1964636542239742,40.0,0.0
BIOUSDT,2026-05-14 13:40:00,-4.301,-4.3010752688172085,40.0,0.0
BIOUSDT,2026-05-20 18:35:00,-0.817,-0.817438692098097,40.0,0.0
BIOUSDT,2026-06-02 12:55:00,4.464,4.464285714285719,40.0,0.0
BIOUSDT,2026-06-07 22:10:00,-2.062,-2.0622160083886762,40.0,0.0
BIOUSDT,2026-06-17 05:20:00,-3.117,-3.116730373419578,40.0,0.0
BIOUSDT,2026-06-30 17:30:00,2.959,2.9933867037939548,40.0,0.013922728854860011
BIOUSDT,2026-08-20 06:15:00,12.158,12.158469945355193,40.0,0.0
CHZUSDT,2025-12-19 16:10:00,-3.649,-3.649025069637879,40.0,0.0
CHZUSDT,2026-01-14 02:10:00,0.249,0.24871202700302228,40.0,0.0
CHZUSDT,2026-03-23 11:05:00,0.701,0.7010656197420085,40.0,0.0
CHZUSDT,2026-04-22 20:55:00,-1.754,-1.75365344467641,40.0,0.0
CHZUSDT,2026-06-07 22:10:00,-2.178,-2.1781408012446577,40.0,0.0
CHZUSDT,2026-06-30 07:00:00,-2.012,-2.0123839009288,40.0,0.0
FLOKIUSDT,2025-12-17 14:55:00,-2.23,-2.2298850574712623,40.0,0.0
FLOKIUSDT,2026-01-02 12:35:00,4.51,2.7920962199312664,40.0,-0.6872852233676968
FLOKIUSDT,2026-01-13 22:10:00,0.327,0.32697547683922773,40.0,0.0
FLOKIUSDT,2026-02-03 19:10:00,0.696,2.8703972165845246,40.0,0.8698173383589424
FLOKIUSDT,2026-03-23 11:05:00,2.34,2.3397761953204426,40.0,0.0
FLOKIUSDT,2026-06-07 22:10:00,-1.755,-1.7550857598723542,40.0,0.0
FLOKIUSDT,2026-08-21 21:25:00,7.604,4.124820659971308,40.0,-1.3916786226685784
FLOKIUSDT,2026-09-21 14:55:00,-0.035,-0.03472222222221601,40.0,0.0
BICOUSDT,2026-01-05 14:05:00,-3.187,-3.1872509960159445,40.0,0.0
BICOUSDT,2026-03-06 04:40:00,0.439,2.6315789473684204,40.0,0.8771929824561411
BICOUSDT,2026-04-27 10:05:00,-7.903,-7.902735562310024,40.0,0.0
BICOUSDT,2026-05-24 06:10:00,-3.041,-3.0405405405405457,40.0,0.0
BICOUSDT,2026-06-19 05:15:00,8.458,1.4925373134328441,40.0,-2.78606965174129
BICOUSDT,2026-06-26 20:15:00,0.547,1.2922465208747507,40.0,0.2982107355864759
BICOUSDT,2026-07-02 18:25:00,-4.412,-4.411764705882364,40.0,0.0
BICOUSDT,2026-07-09 15:10:00,-2.358,-2.3578363384188625,40.0,0.0
BICOUSDT,2026-08-02 22:55:00,11.652,11.65240289664252,40.0,0.0
BICOUSDT,2026-08-08 06:00:00,-6.839,-6.838856400259907,40.0,0.0
BICOUSDT,2026-08-15 00:55:00,-3.479,1.6654330125832808,40.0,2.0577350111028907
BICOUSDT,2026-08-21 01:05:00,-4.568,-4.568273092369483,40.0,0.0
BICOUSDT,2026-08-26 11:25:00,5.438,5.4377880184331815,40.0,0.0
BOMEUSDT,2025-12-17 14:55:00,-2.585,-2.5848142164781835,40.0,0.0
BOMEUSDT,2026-01-02 23:15:00,-3.235,-3.2352941176470735,40.0,0.0
BOMEUSDT,2026-01-13 22:05:00,-0.136,-0.13568521031207928,40.0,0.0
BOMEUSDT,2026-01-21 19:30:00,0.985,0.9852216748768535,40.0,0.0
BOMEUSDT,2026-02-02 03:50:00,-3.822,-3.8216560509554145,40.0,0.0
BOMEUSDT,2026-03-23 11:05:00,2.421,2.4213075060532616,40.0,0.0
BOMEUSDT,2026-04-16 17:55:00,7.078,7.078039927404733,40.0,0.0
BOMEUSDT,2026-04-22 03:15:00,-8.716,-8.716323296354997,40.0,0.0
BOMEUSDT,2026-06-07 22:10:00,-1.896,-1.8957345971564055,40.0,0.0
BOMEUSDT,2026-06-28 17:45:00,-2.956,-2.956480605487223,40.0,0.0
BOMEUSDT,2026-07-23 14:35:00,-2.195,-2.194635335845716,40.0,0.0
BOMEUSDT,2026-08-09 11:40:00,6.891,2.2827792837780088,40.0,-1.8433442716507333
BOMEUSDT,2026-08-19 15:30:00,5.508,2.953995157384981,40.0,-1.0217917675544805
BOMEUSDT,2026-09-19 17:10:00,-3.909,-3.908701854493567,40.0,0.0
DODOUSDT,2026-01-01 16:25:00,-6.468,-6.467661691542284,100.0,0.0
DODOUSDT,2026-01-17 13:20:00,-5.687,2.8436018957345963,100.0,8.530805687203788
DODOUSDT,2026-01-26 07:25:00,-15.247,-15.246636771300448,100.0,0.0
DODOUSDT,2026-02-12 03:50:00,-1.342,-1.3422818791946343,100.0,0.0
DODOUSDT,2026-02-20 03:30:00,-1.911,-1.9108280254776955,100.0,0.0
DODOUSDT,2026-03-01 17:30:00,-3.378,2.0270270270270263,100.0,5.405405405405407
DODOUSDT,2026-03-08 01:35:00,-3.614,-3.6144578313253044,100.0,0.0
DODOUSDT,2026-03-15 13:25:00,0.189,0.18903591682421075,100.0,0.0
DODOUSDT,2026-04-01 05:20:00,5.655,2.8965517241379204,100.0,-2.7586206896551793
DODOUSDT,2026-04-23 15:05:00,-4.219,1.6877637130801815,100.0,5.907172995780595
DODOUSDT,2026-05-14 15:15:00,-9.885,1.6122189223589238,100.0,11.497666525243956
DODOUSDT,2026-05-19 18:05:00,-4.726,-4.725992961287078,100.0,0.0
DODOUSDT,2026-05-25 18:45:00,-1.546,-1.5458422174840012,100.0,0.0
DODOUSDT,2026-06-05 20:10:00,0.58,0.5795235028976162,100.0,0.0
DODOUSDT,2026-06-12 07:50:00,-6.825,0.9750152346130433,100.0,7.800121876904337
DODOUSDT,2026-06-23 06:20:00,-8.135,-8.135030437188707,100.0,0.0
DODOUSDT,2026-06-30 09:35:00,-9.314,-9.31372549019609,100.0,0.0
DODOUSDT,2026-07-08 16:30:00,-2.757,-2.757352941176485,100.0,0.0
DODOUSDT,2026-07-14 21:05:00,10.185,10.18474656560871,100.0,0.0
DODOUSDT,2026-07-22 02:25:00,6.782,6.781609195402302,100.0,0.0
DODOUSDT,2026-07-27 05:55:00,-4.545,-4.545454545454543,100.0,0.0
DODOUSDT,2026-08-02 13:30:00,-4.277,-4.276985743380857,100.0,0.0
DODOUSDT,2026-08-08 06:05:00,-4.991,-4.990671641791051,100.0,0.0
DODOUSDT,2026-08-13 18:05:00,-4.24,-4.239706481858945,100.0,0.0
DODOUSDT,2026-09-10 08:50:00,7.059,7.059477487493054,100.0,0.0
DODOUSDT,2026-09-16 07:35:00,-2.005,-2.0054200542005542,100.0,0.0
YGGUSDT,2025-12-17 14:55:00,-2.269,-2.269288956127082,40.0,0.0
YGGUSDT,2025-12-26 06:00:00,-1.603,-1.603498542274038,40.0,0.0
YGGUSDT,2026-01-15 10:20:00,-0.834,-0.8344923504867917,40.0,0.0
YGGUSDT,2026-01-22 00:10:00,-3.614,-3.6144578313253004,40.0,0.0
YGGUSDT,2026-02-02 06:45:00,0.434,0.4338394793926221,40.0,0.0
YGGUSDT,2026-02-21 00:00:00,7.609,4.565217391304343,40.0,-1.2173913043478306
YGGUSDT,2026-03-02 11:10:00,-2.906,-2.905569007263938,40.0,0.0
YGGUSDT,2026-03-15 00:00:00,-2.683,-2.68332176729122,40.0,0.0
YGGUSDT,2026-05-12 00:00:00,-2.965,-2.9645093945720205,40.0,0.0
YGGUSDT,2026-06-07 22:10:00,-1.696,-1.6961929890689877,40.0,0.0
YGGUSDT,2026-06-20 00:00:00,-2.819,-2.8189910979228494,40.0,0.0
YGGUSDT,2026-07-06 15:45:00,0.81,0.809889173060525,40.0,0.0
YGGUSDT,2026-07-21 04:05:00,-3.467,2.6250619118375393,40.0,2.4368499257057916
YGGUSDT,2026-09-22 16:40:00,-3.887,-3.8865546218487395,40.0,0.0
CFGUSDT,2026-03-20 00:10:00,2.046,2.0462046204620408,40.0,0.0
CFGUSDT,2026-03-25 06:35:00,4.351,4.350877192982464,40.0,0.0
CFGUSDT,2026-03-30 09:35:00,-3.84,-3.8396386222473184,40.0,0.0
CFGUSDT,2026-04-06 00:05:00,-2.941,-2.941176470588234,40.0,0.0
CFGUSDT,2026-04-19 01:20:00,-7.232,-7.232011747430249,40.0,0.0
CFGUSDT,2026-05-05 14:30:00,-6.483,-6.482546988876102,40.0,0.0
CFGUSDT,2026-05-30 05:05:00,-2.753,-2.7533039647576913,40.0,0.0
CFGUSDT,2026-06-07 22:10:00,-2.055,-2.0547945205479494,40.0,0.0
CFGUSDT,2026-06-17 18:40:00,-3.079,-3.0794839783603902,40.0,0.0
CFGUSDT,2026-09-07 03:15:00,0.478,2.791068580542245,40.0,0.9250398724082891
CFGUSDT,2026-09-17 13:45:00,-1.204,-1.2037833190025782,40.0,0.0
CFGUSDT,2026-09-24 12:10:00,-2.727,-2.727272727272718,40.0,0.0
ACTUSDT,2025-12-17 15:05:00,8.482,8.482142857142852,40.0,0.0
ACTUSDT,2025-12-24 11:50:00,6.522,7.7294685990338206,40.0,0.4830917874396143
ACTUSDT,2025-12-29 20:10:00,0.704,2.8169014084507036,40.0,0.8450704225352095
ACTUSDT,2026-01-15 08:55:00,-4.643,-4.64285714285714,40.0,0.0
ACTUSDT,2026-02-02 18:50:00,-3.106,-3.105590062111804,40.0,0.0
ACTUSDT,2026-02-25 01:10:00,-2.113,-2.1126760563380396,40.0,0.0
ACTUSDT,2026-04-16 16:00:00,3.681,3.680981595092024,40.0,0.0
ACTUSDT,2026-06-07 22:10:00,-1.49,-1.4895729890764728,40.0,0.0
ACTUSDT,2026-06-19 09:30:00,5.258,5.654761904761898,40.0,0.15873015873015925
ACTUSDT,2026-06-28 01:35:00,7.314,1.5587529976019172,40.0,-2.302158273381293
ACTUSDT,2026-07-03 23:50:00,-3.561,-3.560528992878938,40.0,0.0
ACTUSDT,2026-07-20 20:10:00,-3.326,-3.3261802575107247,40.0,0.0
ACTUSDT,2026-08-05 17:25:00,-3.31,-3.3099297893681086,40.0,0.0
ACTUSDT,2026-08-21 11:40:00,2.075,2.0746887966805,40.0,0.0
ACTUSDT,2026-09-04 09:55:00,-1.719,-1.7194570135746692,40.0,0.0
ACTUSDT,2026-10-02 01:40:00,-3.454,-3.4542314335060387,40.0,0.0
KAITOUSDT,2025-12-27 00:00:00,7.669,7.6687668766876635,40.0,0.0
KAITOUSDT,2026-01-03 00:05:00,1.289,2.702702702702703,40.0,0.5655987112940768
KAITOUSDT,2026-01-23 01:05:00,-5.424,-5.423576871358135,40.0,0.0
KAITOUSDT,2026-02-02 00:15:00,-3.043,-3.0427631578947363,40.0,0.0
KAITOUSDT,2026-02-10 13:00:00,-4.086,-4.0858318636096485,40.0,0.0
KAITOUSDT,2026-03-23 11:05:00,-3.369,-3.3691406250000084,40.0,0.0
KAITOUSDT,2026-05-20 18:20:00,-1.492,-1.4919187733112276,40.0,0.0
KAITOUSDT,2026-06-13 22:00:00,-3.534,-3.5339256865912683,40.0,0.0
KAITOUSDT,2026-06-26 14:05:00,-3.309,-3.309165272355463,40.0,0.0
KAITOUSDT,2026-07-08 11:05:00,25.135,25.1347922613384,40.0,0.0
KAITOUSDT,2026-07-16 19:55:00,-0.945,-0.9454885023929025,40.0,0.0
KAITOUSDT,2026-07-26 11:15:00,0.778,2.924826819464638,40.0,0.858633370392547
KAITOUSDT,2026-08-01 15:50:00,7.569,4.7518106341635615,40.0,-1.1270093623034814
KAITOUSDT,2026-08-21 22:05:00,-2.843,2.3096446700507607,40.0,2.0609137055837605
KAITOUSDT,2026-09-08 05:05:00,-0.179,-0.17851829812555473,40.0,0.0
VTHOUSDT,2025-12-21 00:05:00,2.921,0.6815968841285358,40.0,-0.8958130477117826
VTHOUSDT,2026-01-01 06:20:00,-4.914,-4.914004914004927,40.0,0.0
VTHOUSDT,2026-02-22 00:00:00,-7.104,-7.103825136612017,40.0,0.0
VTHOUSDT,2026-03-11 03:20:00,-5.918,-5.9180576631259445,40.0,0.0
VTHOUSDT,2026-03-23 11:05:00,1.846,1.8456375838926258,40.0,0.0
VTHOUSDT,2026-04-02 00:00:00,-4.754,-4.754098360655729,40.0,0.0
VTHOUSDT,2026-05-14 00:00:00,-3.365,-3.3653846153846105,40.0,0.0
VTHOUSDT,2026-05-30 03:15:00,11.806,3.125000000000001,40.0,-3.4722222222222228
VTHOUSDT,2026-06-07 22:10:00,-1.485,-1.485148514851481,40.0,0.0
VTHOUSDT,2026-09-10 00:00:00,4.2,4.199999999999993,40.0,0.0
VTHOUSDT,2026-09-15 06:35:00,-6.389,-6.388526727509778,40.0,0.0
VTHOUSDT,2026-09-23 01:40:00,-1.637,-1.6371077762619473,40.0,0.0
METUSDT,2025-12-10 13:45:00,-5.707,-5.707491082045183,40.0,0.0
METUSDT,2026-01-16 07:50:00,7.091,7.09064327485379,40.0,0.0
METUSDT,2026-01-21 14:55:00,-2.321,-2.3213638012332307,40.0,0.0
METUSDT,2026-02-25 17:25:00,-2.214,-2.2142121524201843,40.0,0.0
METUSDT,2026-03-23 11:05:00,1.341,1.340860973888506,40.0,0.0
METUSDT,2026-04-01 18:30:00,-3.235,-3.2348804500703188,40.0,0.0
METUSDT,2026-04-21 17:30:00,7.508,2.7831715210355976,40.0,-1.889967637540453
METUSDT,2026-06-07 22:10:00,-1.68,-1.679841897233195,40.0,0.0
METUSDT,2026-06-15 07:55:00,-4.619,-4.619124797406805,40.0,0.0
METUSDT,2026-06-21 05:10:00,-5.384,-5.384183959618619,40.0,0.0
METUSDT,2026-06-26 13:55:00,0.567,0.5667506297229294,40.0,0.0
METUSDT,2026-07-03 17:30:00,-2.677,-2.6767676767676765,40.0,0.0
METUSDT,2026-07-15 01:00:00,8.021,2.652005174644257,40.0,-2.147477360931436
METUSDT,2026-07-21 04:50:00,-3.216,-3.2163742690058506,40.0,0.0
METUSDT,2026-08-11 21:30:00,1.463,1.4631043256997431,40.0,0.0
METUSDT,2026-08-19 21:05:00,11.012,11.011591148577452,40.0,0.0
METUSDT,2026-09-06 03:20:00,1.067,2.2854240731335724,40.0,0.4875571356018254
METUSDT,2026-09-11 10:50:00,1.663,1.3534416086620276,40.0,-0.12374323279196027
METUSDT,2026-09-19 12:25:00,-1.334,-1.333827343460538,40.0,0.0
NILUSDT,2025-12-09 21:55:00,10.561,10.560625814863098,40.0,0.0
NILUSDT,2025-12-17 11:45:00,-3.067,-3.0674846625766685,40.0,0.0
NILUSDT,2025-12-22 13:35:00,-2.614,-2.614379084967323,40.0,0.0
NILUSDT,2026-02-11 09:15:00,13.197,1.1152416356877255,40.0,-4.832713754646844
NILUSDT,2026-02-18 14:45:00,-1.773,-1.7730496453900724,40.0,0.0
NILUSDT,2026-02-26 19:00:00,-6.217,-6.2166962699822435,40.0,0.0
NILUSDT,2026-03-05 09:50:00,-1.304,-1.3035381750465536,40.0,0.0
NILUSDT,2026-03-20 01:00:00,-2.783,1.590457256461237,40.0,1.7495029821073564
NILUSDT,2026-04-06 14:15:00,-2.065,-2.06489675516224,40.0,0.0
NILUSDT,2026-04-17 16:40:00,-2.152,3.5696821515892494,40.0,2.2885085574572144
NILUSDT,2026-05-02 16:30:00,-1.648,-1.648479219874612,40.0,0.0
NILUSDT,2026-05-07 17:55:00,43.37,43.36977852537146,40.0,0.0
NILUSDT,2026-05-14 10:15:00,-2.662,-2.6620789568996726,40.0,0.0
NILUSDT,2026-05-20 19:05:00,4.182,2.9083477440654053,40.0,-0.5093538751768536
NILUSDT,2026-05-29 05:05:00,4.846,10.155888254360244,40.0,2.123784534650408
NILUSDT,2026-06-03 16:10:00,-3.114,-3.113639955745229,40.0,0.0
NILUSDT,2026-06-10 12:30:00,-0.246,-0.24644030668127004,40.0,0.0
NILUSDT,2026-06-16 19:45:00,-0.814,-0.81437125748503,40.0,0.0
NILUSDT,2026-06-22 11:00:00,-1.501,-1.5012106537530325,40.0,0.0
NILUSDT,2026-07-03 16:50:00,4.779,1.8644957983193156,40.0,-1.1659663865546217
NILUSDT,2026-07-12 19:00:00,-2.247,-2.2465899973254895,40.0,0.0
NILUSDT,2026-07-27 06:30:00,-5.704,-5.704142011834325,40.0,0.0
NILUSDT,2026-08-02 13:40:00,-2.609,-2.6086956521739184,40.0,0.0
NILUSDT,2026-08-07 18:05:00,-4.335,3.2202130294773235,40.0,3.022046073817188
NILUSDT,2026-08-14 07:55:00,-2.034,-2.034285714285703,40.0,0.0
NILUSDT,2026-08-19 19:05:00,-1.864,-1.8643672803542188,40.0,0.0
NILUSDT,2026-08-26 14:00:00,-2.963,-2.963443651308681,40.0,0.0
NILUSDT,2026-09-19 12:00:00,-3.389,-3.3888228299643206,40.0,0.0
NILUSDT,2026-09-25 12:00:00,-4.878,-4.878401852924143,40.0,0.0
NILUSDT,2026-09-30 14:05:00,-5.276,-5.275804429586292,40.0,0.0
ILVUSDT,2026-01-17 07:30:00,4.394,2.7272727272727364,40.0,-0.6666666666666632
ILVUSDT,2026-03-09 00:35:00,-3.038,-3.0379746835443067,40.0,0.0
ILVUSDT,2026-03-16 08:25:00,0.483,0.48309178743962466,40.0,0.0
ILVUSDT,2026-03-31 17:50:00,-2.036,-2.035623409669213,40.0,0.0
ILVUSDT,2026-04-10 11:20:00,19.904,19.904076738609113,40.0,0.0
ILVUSDT,2026-04-17 15:15:00,-2.68,-2.6804123711340186,40.0,0.0
ILVUSDT,2026-06-07 22:10:00,-1.18,-1.1799410029498536,40.0,0.0
ILVUSDT,2026-07-02 16:00:00,-1.278,-1.2779552715654963,40.0,0.0
ILVUSDT,2026-08-14 17:40:00,-4.644,1.2383900928792582,40.0,2.352941176470588
ILVUSDT,2026-09-12 18:50:00,-0.273,1.36612021857923,40.0,0.6557377049180334
ILVUSDT,2026-10-02 07:25:00,-1.932,-1.932367149758456,40.0,0.0
MRVLBUSDT,2026-07-23 20:00:00,-1.661,-1.6609419846609896,100.0,0.0
MRVLBUSDT,2026-08-04 13:30:00,1.75,1.7497129735935715,100.0,0.0
MRVLBUSDT,2026-08-10 13:00:00,-1.908,-1.9075860848012758,100.0,0.0
MRVLBUSDT,2026-08-17 13:30:00,0.624,0.6239849559791469,100.0,0.0
MRVLBUSDT,2026-08-25 13:30:00,-1.523,-1.5229673298943744,100.0,0.0
MRVLBUSDT,2026-09-09 13:30:00,2.0,1.999999999999998,100.0,0.0
IMXUSDT,2025-12-17 14:55:00,-2.756,-2.755905511811026,40.0,0.0
IMXUSDT,2026-01-12 01:00:00,0.0,0.0,40.0,0.0
IMXUSDT,2026-02-25 01:15:00,-1.523,-1.5234613040828777,40.0,0.0
IMXUSDT,2026-03-17 08:10:00,-5.296,-5.295950155763234,40.0,0.0
IMXUSDT,2026-03-23 11:05:00,0.826,0.8259212198221064,40.0,0.0
IMXUSDT,2026-04-13 00:00:00,-2.583,-2.5832766825288904,40.0,0.0
IMXUSDT,2026-04-25 13:35:00,-5.926,-5.926294820717128,40.0,0.0
IMXUSDT,2026-06-07 22:10:00,-1.896,-1.8964259664478418,40.0,0.0
IMXUSDT,2026-08-19 20:55:00,-2.027,-2.0270270270270183,40.0,0.0
IMXUSDT,2026-09-21 10:40:00,-2.022,-2.0221787345074964,40.0,0.0
TOWNSUSDT,2025-12-19 21:05:00,-2.479,-2.479338842975206,40.0,0.0
TOWNSUSDT,2025-12-26 18:10:00,-5.466,-5.466237942122187,40.0,0.0
TOWNSUSDT,2026-01-15 14:55:00,-2.467,-2.467343976777939,40.0,0.0
TOWNSUSDT,2026-02-17 16:05:00,-3.89,-3.8901601830663624,40.0,0.0
TOWNSUSDT,2026-03-06 00:35:00,-3.906,-3.9062499999999987,40.0,0.0
TOWNSUSDT,2026-03-11 15:30:00,14.4,14.400000000000016,40.0,0.0
TOWNSUSDT,2026-03-17 13:30:00,-3.432,-3.4324942791762005,40.0,0.0
TOWNSUSDT,2026-03-23 11:05:00,1.075,1.0752688172042921,40.0,0.0
TOWNSUSDT,2026-04-18 14:50:00,-8.802,-8.801955990220051,40.0,0.0
TOWNSUSDT,2026-04-25 19:55:00,2.077,2.0771513353115654,40.0,0.0
TOWNSUSDT,2026-05-18 11:30:00,7.493,7.492795389048985,40.0,0.0
TOWNSUSDT,2026-06-07 22:10:00,-1.717,-1.7167381974248972,40.0,0.0
TOWNSUSDT,2026-06-14 13:45:00,-4.274,-4.273504273504285,40.0,0.0
TOWNSUSDT,2026-06-24 01:50:00,-6.957,-6.956521739130435,40.0,0.0
TOWNSUSDT,2026-06-30 21:15:00,5.556,5.555555555555548,40.0,0.0
TOWNSUSDT,2026-07-06 13:55:00,2.439,2.4390243902438877,40.0,0.0
TOWNSUSDT,2026-07-14 11:20:00,-5.882,0.0,40.0,2.352941176470594
TOWNSUSDT,2026-07-19 14:05:00,1.261,1.2605042016806571,40.0,0.0
TOWNSUSDT,2026-08-07 05:45:00,-2.119,-2.1186440677966156,40.0,0.0
TOWNSUSDT,2026-08-19 13:45:00,3.419,3.4188034188034093,40.0,0.0
TOWNSUSDT,2026-09-01 22:15:00,-2.734,-2.734375000000007,40.0,0.0
TOWNSUSDT,2026-09-15 08:35:00,0.0,0.0,40.0,0.0
TOWNSUSDT,2026-09-30 07:45:00,-1.059,-1.0594196222938743,40.0,0.0
DRAMBUSDT,2026-07-08 13:30:00,-2.628,-2.6280991735537245,40.0,0.0
DRAMBUSDT,2026-07-17 13:55:00,6.23,2.8605015673981207,40.0,-1.34796238244514
DRAMBUSDT,2026-07-29 00:05:00,-3.561,-3.5607718321066364,40.0,0.0
ORDIUSDT,2025-12-08 20:50:00,-2.988,-2.9884537016074186,40.0,0.0
ORDIUSDT,2026-02-02 03:50:00,-0.389,-0.388978930307942,40.0,0.0
ORDIUSDT,2026-03-23 11:05:00,1.843,1.8425460636515931,40.0,0.0
ORDIUSDT,2026-04-15 16:30:00,11.39,3.6850921273031934,40.0,-3.0820770519262988
ORDIUSDT,2026-04-21 00:30:00,-3.121,-3.1212723658051695,40.0,0.0
ORDIUSDT,2026-05-02 14:50:00,13.671,13.671274961597538,40.0,0.0
ORDIUSDT,2026-06-02 00:00:00,-4.037,-4.037419990152637,40.0,0.0
ORDIUSDT,2026-06-07 22:10:00,-2.24,-2.2397891963109373,40.0,0.0
ORDIUSDT,2026-06-16 19:05:00,-2.067,-2.0674030019824396,40.0,0.0
ORDIUSDT,2026-06-29 14:55:00,11.398,11.397849462365588,40.0,0.0
ORDIUSDT,2026-08-20 10:00:00,0.29,2.438435538387252,40.0,0.8594881699662038
ORDIUSDT,2026-09-21 16:15:00,-2.722,-2.7221466070386873,40.0,0.0
JTOUSDT,2025-12-10 18:35:00,-2.45,-2.449888641425392,40.0,0.0
JTOUSDT,2025-12-17 14:55:00,-1.907,-1.9073569482288846,40.0,0.0
JTOUSDT,2026-01-26 16:25:00,-3.116,-3.116147308781857,40.0,0.0
JTOUSDT,2026-02-02 06:45:00,-1.457,-1.4566395663956728,40.0,0.0
JTOUSDT,2026-02-17 11:05:00,22.133,22.132796780684107,40.0,0.0
JTOUSDT,2026-03-23 11:05:00,6.989,2.693487896351864,40.0,-1.7183770883054892
JTOUSDT,2026-04-04 13:10:00,-7.178,-7.1782997022825,40.0,0.0
JTOUSDT,2026-04-13 09:35:00,-5.114,-5.114481118049359,40.0,0.0
JTOUSDT,2026-05-06 14:15:00,-4.408,2.953311617806732,40.0,2.944625407166127
JTOUSDT,2026-05-14 14:45:00,-2.205,-2.205071664829109,40.0,0.0
JTOUSDT,2026-05-20 06:25:00,-0.368,-0.3681546249424736,40.0,0.0
JTOUSDT,2026-05-29 07:10:00,5.081,2.4317912218268045,40.0,-1.0597073942269646
JTOUSDT,2026-06-03 17:20:00,-2.971,-2.9712163416898787,40.0,0.0
JTOUSDT,2026-06-09 06:15:00,-3.24,-3.239674497159528,40.0,0.0
JTOUSDT,2026-06-15 14:00:00,12.91,12.909776617348415,40.0,0.0
JTOUSDT,2026-06-23 09:50:00,-2.616,-2.615663743574234,40.0,0.0
JTOUSDT,2026-07-03 15:25:00,-0.587,-0.5873340143003126,40.0,0.0
JTOUSDT,2026-07-12 13:35:00,0.213,0.21339461588970435,40.0,0.0
JTOUSDT,2026-07-20 00:10:00,0.933,2.7834351663272376,40.0,0.7399864222674829
JTOUSDT,2026-09-03 17:20:00,-1.425,-1.4245014245014258,40.0,0.0
JTOUSDT,2026-09-19 03:00:00,-2.053,-2.05291005291005,40.0,0.0
PROMUSDT,2025-12-12 23:00:00,2.414,2.413981430912071,40.0,0.0
PROMUSDT,2026-01-21 02:00:00,-2.981,-2.981132075471688,40.0,0.0
PROMUSDT,2026-02-16 18:10:00,-3.777,-3.7772087067861815,40.0,0.0
PROMUSDT,2026-02-23 01:10:00,-2.625,-2.6254826254826282,40.0,0.0
PROMUSDT,2026-04-11 05:25:00,-2.399,-2.3993144815766945,40.0,0.0
PROMUSDT,2026-04-17 06:00:00,-5.148,-3.7037037037037,40.0,0.5775266792215978
PROMUSDT,2026-04-22 12:30:00,-3.922,-3.921568627450984,40.0,0.0
PROMUSDT,2026-05-09 02:55:00,-2.238,2.7142857142857113,40.0,1.9809523809523824
PROMUSDT,2026-05-18 03:10:00,-3.583,-3.5830618892508173,40.0,0.0
PROMUSDT,2026-06-20 14:00:00,-2.766,-0.4882017900732306,40.0,0.9113100081366974
PROMUSDT,2026-07-19 18:55:00,4.291,-3.5447761194029948,40.0,-3.1343283582089576
PROMUSDT,2026-07-25 04:25:00,3.519,2.702702702702688,40.0,-0.3263640999490059
PROMUSDT,2026-08-10 21:55:00,18.087,18.086625416468344,40.0,0.0
PROMUSDT,2026-08-19 01:15:00,0.91,0.9104704097116851,40.0,0.0
PROMUSDT,2026-08-24 06:50:00,9.729,2.8226911482597905,40.0,-2.7624006577144393
PROMUSDT,2026-08-29 16:00:00,12.309,12.309043020193144,40.0,0.0
PROMUSDT,2026-09-03 17:05:00,-4.098,-4.097729896113892,40.0,0.0
PROMUSDT,2026-09-10 00:05:00,-2.344,-2.3442847364818697,40.0,0.0
PROMUSDT,2026-09-19 05:10:00,-3.992,-3.9918684161892317,40.0,0.0
PROMUSDT,2026-09-24 11:45:00,-7.725,-7.725102319236021,40.0,0.0
PROMUSDT,2026-09-29 14:40:00,-2.874,-2.8742315999335446,40.0,0.0
AAOIBUSDT,2026-07-23 13:30:00,0.106,1.9580172869994699,100.0,1.8521785147292242
AAOIBUSDT,2026-08-03 13:35:00,17.315,17.315464794724527,100.0,0.0
AAOIBUSDT,2026-08-10 13:45:00,-7.381,-7.380902266189581,100.0,0.0
AAOIBUSDT,2026-08-21 13:45:00,-4.539,-4.5393258426966305,100.0,0.0
AAOIBUSDT,2026-09-08 13:45:00,0.353,0.3531073446327734,100.0,0.0
AAOIBUSDT,2026-09-14 13:45:00,-2.628,-2.6276648487853165,100.0,0.0
AAOIBUSDT,2026-09-22 13:55:00,-2.937,-2.9366585343814946,100.0,0.0
AAOIBUSDT,2026-10-02 14:00:00,1.177,1.1770906535488435,100.0,0.0
ZKCUSDT,2025-12-24 04:00:00,14.149,1.7208413001912009,40.0,-4.971319311663484
ZKCUSDT,2026-01-03 00:05:00,1.23,2.2950819672131124,40.0,0.4262295081967199
ZKCUSDT,2026-01-25 03:10:00,-4.206,-4.206349206349206,40.0,0.0
ZKCUSDT,2026-01-30 11:30:00,5.325,2.789518174133556,40.0,-1.0143702451394772
ZKCUSDT,2026-02-09 17:25:00,2.346,2.346368715083804,40.0,0.0
ZKCUSDT,2026-02-20 03:30:00,-0.958,-0.9584664536741193,40.0,0.0
ZKCUSDT,2026-02-26 19:05:00,1.498,2.4193548387096824,40.0,0.3686635944700501
ZKCUSDT,2026-03-15 10:50:00,-2.197,-2.196531791907513,40.0,0.0
ZKCUSDT,2026-03-25 18:40:00,-2.612,2.985074626865671,40.0,2.2388059701492558
ZKCUSDT,2026-04-06 14:05:00,-12.557,-12.556561085972865,40.0,0.0
ZKCUSDT,2026-04-28 17:40:00,-3.137,-3.1367628607277145,40.0,0.0
ZKCUSDT,2026-06-03 00:05:00,-5.627,-5.627009646302245,40.0,0.0
ZKCUSDT,2026-06-14 00:10:00,-1.559,-1.559454191033129,40.0,0.0
ZKCUSDT,2026-07-02 00:05:00,-1.774,-1.7738359201773881,40.0,0.0
ZKCUSDT,2026-07-12 00:00:00,-2.169,-2.1691973969631255,40.0,0.0
ZKCUSDT,2026-07-23 07:05:00,-9.176,-9.176029962546819,40.0,0.0
ZKCUSDT,2026-08-30 03:10:00,9.318,9.318181818181817,40.0,0.0
ZKCUSDT,2026-09-04 08:05:00,-2.947,-2.946954813359531,40.0,0.0
ZKCUSDT,2026-10-02 00:10:00,-1.613,-1.6129032258064497,40.0,0.0
VETUSDT,2025-12-17 14:55:00,-2.184,-2.1838034576888137,40.0,0.0
VETUSDT,2026-02-03 19:10:00,2.41,2.6506024096385508,40.0,0.09638554216867075
VETUSDT,2026-03-23 11:05:00,0.732,0.7323943661971826,40.0,0.0
VETUSDT,2026-06-07 22:10:00,-1.451,-1.4507354422728191,40.0,0.0
VETUSDT,2026-08-27 12:15:00,-4.151,-4.1512027491408965,40.0,0.0
VETUSDT,2026-09-10 14:30:00,-3.132,-3.1318016928657655,40.0,0.0
VETUSDT,2026-09-19 04:05:00,4.11,0.5213385063045543,40.0,-1.4354995150339447
PORTALUSDT,2025-12-11 21:15:00,-1.97,-1.9704433497536828,40.0,0.0
PORTALUSDT,2025-12-22 11:40:00,2.232,2.2321428571428594,40.0,0.0
PORTALUSDT,2026-02-24 20:35:00,-6.914,-6.913756236635783,40.0,0.0
PORTALUSDT,2026-03-09 02:30:00,-3.459,-3.4593724859211568,40.0,0.0
PORTALUSDT,2026-04-16 11:10:00,-5.647,-5.64681724845996,40.0,0.0
PORTALUSDT,2026-04-25 03:25:00,-2.167,-2.166666666666665,40.0,0.0
PORTALUSDT,2026-05-07 06:05:00,0.761,2.568981921979062,40.0,0.7231208372978086
PORTALUSDT,2026-05-30 07:10:00,-4.157,-4.15676959619952,40.0,0.0
PORTALUSDT,2026-06-06 15:00:00,13.063,13.063357282821675,40.0,0.0
PORTALUSDT,2026-06-16 09:05:00,3.164,3.1640912435614412,40.0,0.0
PORTALUSDT,2026-06-22 17:15:00,-1.768,1.7676767676767613,40.0,1.4141414141414135
PORTALUSDT,2026-06-28 13:30:00,-4.151,-4.151493080844861,40.0,0.0
PORTALUSDT,2026-07-04 12:10:00,-1.895,-1.8953752843062943,40.0,0.0
PORTALUSDT,2026-07-17 19:05:00,-3.836,-3.836094158674799,40.0,0.0
PORTALUSDT,2026-08-02 15:40:00,7.049,1.2218045112781946,40.0,-2.3308270676691754
PORTALUSDT,2026-08-14 22:15:00,-2.71,-2.710027100271002,40.0,0.0
PORTALUSDT,2026-08-20 18:50:00,-2.703,-2.702702702702695,40.0,0.0
PORTALUSDT,2026-08-26 04:55:00,-4.412,-4.411764705882369,40.0,0.0
PORTALUSDT,2026-09-03 06:50:00,-5.026,-5.026455026455028,40.0,0.0
PORTALUSDT,2026-09-09 17:30:00,-2.751,3.7619314991577792,40.0,2.6052779337450898
PORTALUSDT,2026-09-21 09:25:00,-2.941,-2.941176470588247,40.0,0.0
PORTALUSDT,2026-10-01 15:00:00,-3.241,-3.241232731137085,40.0,0.0
CFXUSDT,2025-12-24 15:10:00,0.982,1.5427769985974806,40.0,0.22440392706873008
CFXUSDT,2026-03-23 11:05:00,-1.781,-1.7813765182186185,40.0,0.0
CFXUSDT,2026-05-05 22:15:00,0.675,1.8859245630174715,40.0,0.4845139527752217
CFXUSDT,2026-06-07 22:10:00,0.087,0.08689984792526259,40.0,0.0
CFXUSDT,2026-08-21 12:10:00,-1.152,-1.1515151515151536,40.0,0.0
BERAUSDT,2025-12-18 13:50:00,-4.007,-4.0066777963272155,40.0,0.0
BERAUSDT,2026-01-14 00:05:00,17.638,17.637540453074433,40.0,0.0
BERAUSDT,2026-01-19 11:10:00,-4.681,-4.68085106382978,40.0,0.0
BERAUSDT,2026-01-30 07:05:00,-5.071,-5.071315372424727,40.0,0.0
BERAUSDT,2026-02-04 18:30:00,1.149,1.1494252873563229,40.0,0.0
BERAUSDT,2026-02-10 17:30:00,-5.556,-5.55555555555556,40.0,0.0
BERAUSDT,2026-02-17 08:25:00,-3.305,2.2988505747126458,40.0,2.241379310344823
BERAUSDT,2026-02-28 15:30:00,-2.104,-2.1035598705501637,40.0,0.0
BERAUSDT,2026-03-15 07:45:00,-3.179,-3.179190751445074,40.0,0.0
BERAUSDT,2026-03-21 01:05:00,0.351,0.35149384885764534,40.0,0.0
BERAUSDT,2026-04-04 09:15:00,16.317,16.317016317016318,40.0,0.0
BERAUSDT,2026-05-20 16:00:00,-2.02,-2.0202020202020217,40.0,0.0
BERAUSDT,2026-06-07 22:10:00,-1.613,-1.6129032258064528,40.0,0.0
BERAUSDT,2026-06-13 16:05:00,-2.632,-2.6315789473684235,40.0,0.0
BERAUSDT,2026-06-20 10:00:00,-2.174,-2.1739130434782625,40.0,0.0
BERAUSDT,2026-08-21 08:15:00,-3.021,1.9077901430842563,40.0,1.9713831478537367
BERAUSDT,2026-09-19 17:25:00,-1.529,-1.5294646873594182,40.0,0.0
BERAUSDT,2026-09-30 00:05:00,1.611,2.560925237505156,40.0,0.38000826104915275
PROVEUSDT,2026-02-06 14:45:00,15.324,15.323806628154454,40.0,0.0
PROVEUSDT,2026-03-23 11:10:00,1.301,1.3012618296530067,40.0,0.0
PROVEUSDT,2026-04-26 00:30:00,-4.927,-4.927007299270077,40.0,0.0
PROVEUSDT,2026-05-08 00:00:00,-3.378,-3.3781329458772156,40.0,0.0
PROVEUSDT,2026-05-20 00:00:00,-3.773,-3.7727850784230568,40.0,0.0
PROVEUSDT,2026-06-08 05:00:00,-4.943,-4.943153732081072,40.0,0.0
PROVEUSDT,2026-09-21 12:40:00,3.901,3.900573613766725,40.0,0.0
CKBUSDT,2025-12-28 04:00:00,-3.839,-3.8388445458000744,40.0,0.0
CKBUSDT,2026-01-02 17:00:00,-0.642,-0.6415094339622675,40.0,0.0
CKBUSDT,2026-01-13 23:00:00,-0.687,-0.6872852233676846,40.0,0.0
CKBUSDT,2026-03-23 11:10:00,2.432,2.432244614315503,40.0,0.0
CKBUSDT,2026-04-26 10:45:00,-2.732,-2.7315914489311184,40.0,0.0
CKBUSDT,2026-06-07 22:10:00,-1.38,-1.3799448022079153,40.0,0.0
CKBUSDT,2026-09-10 07:10:00,-4.239,-4.239401496259355,40.0,0.0
CKBUSDT,2026-10-02 00:00:00,-2.425,-2.424687729610584,40.0,0.0
PEOPLEUSDT,2025-12-19 16:00:00,-4.162,-4.162330905306982,40.0,0.0
PEOPLEUSDT,2026-01-01 00:25:00,-1.949,-1.9487179487179405,40.0,0.0
PEOPLEUSDT,2026-01-13 22:05:00,-0.949,-0.9490940465918809,40.0,0.0
PEOPLEUSDT,2026-02-02 03:45:00,-3.05,-3.0503978779840875,40.0,0.0
PEOPLEUSDT,2026-03-23 11:05:00,1.597,1.5965166908563113,40.0,0.0
PEOPLEUSDT,2026-04-10 18:15:00,-0.14,-0.14044943820224148,40.0,0.0
PEOPLEUSDT,2026-04-16 13:05:00,-3.654,-3.6540803897685734,40.0,0.0
PEOPLEUSDT,2026-06-07 22:10:00,-1.444,-1.4440433212996429,40.0,0.0
PEOPLEUSDT,2026-07-26 05:35:00,1.184,2.7072758037224967,40.0,0.6091370558375622
PEOPLEUSDT,2026-07-31 16:05:00,-2.665,-2.664796633941095,40.0,0.0
PEOPLEUSDT,2026-08-11 21:30:00,-1.596,-1.5963511972633921,40.0,0.0
PEOPLEUSDT,2026-08-20 16:00:00,8.291,2.22446916076845,40.0,-2.426693629929227
PEOPLEUSDT,2026-09-11 12:35:00,0.39,0.38961038961038497,40.0,0.0
XAIUSDT,2025-12-10 07:40:00,-7.729,-7.7294685990338206,40.0,0.0
XAIUSDT,2025-12-15 11:45:00,-3.933,-3.932584269662917,40.0,0.0
XAIUSDT,2026-01-16 03:10:00,11.408,11.408199643493749,40.0,0.0
XAIUSDT,2026-01-21 21:35:00,-3.883,-3.8834951456310782,40.0,0.0
XAIUSDT,2026-02-15 20:05:00,-4.282,-4.282115869017632,40.0,0.0
XAIUSDT,2026-02-27 18:10:00,-4.031,-4.031465093412002,40.0,0.0
XAIUSDT,2026-03-10 18:40:00,-10.354,-10.35398230088495,40.0,0.0
XAIUSDT,2026-03-20 17:00:00,-1.625,1.8050541516245535,40.0,1.3718411552346577
XAIUSDT,2026-04-18 18:25:00,-6.561,-6.561461794019941,40.0,0.0
XAIUSDT,2026-06-07 22:10:00,-1.728,-1.728395061728389,40.0,0.0
XAIUSDT,2026-06-13 16:40:00,-1.816,-1.8159806295399614,40.0,0.0
XAIUSDT,2026-06-24 13:35:00,-5.658,-5.65805658056581,40.0,0.0
XAIUSDT,2026-07-18 16:00:00,-2.945,-2.9453015427770004,40.0,0.0
XAIUSDT,2026-08-07 05:20:00,16.76,16.759776536312845,40.0,0.0
XAIUSDT,2026-08-14 10:30:00,-5.278,-5.2777777777777795,40.0,0.0
XAIUSDT,2026-09-24 15:00:00,36.639,2.9171528588098043,40.0,-13.488914819136525
XAIUSDT,2026-10-01 15:00:00,-1.967,-1.9668737060041506,40.0,0.0
HEMIUSDT,2025-12-09 03:35:00,-4.192,-4.191616766467061,40.0,0.0
HEMIUSDT,2025-12-15 09:40:00,-3.846,-3.846153846153845,40.0,0.0
HEMIUSDT,2025-12-29 17:15:00,1.899,1.8987341772151782,40.0,0.0
HEMIUSDT,2026-01-04 02:25:00,-0.513,-0.5128205128205097,40.0,0.0
HEMIUSDT,2026-02-01 03:10:00,-0.391,2.81469898358093,40.0,1.2822517591868667
HEMIUSDT,2026-02-09 12:05:00,-1.708,-1.7079419299743854,40.0,0.0
HEMIUSDT,2026-02-14 13:05:00,-2.567,-2.5665399239543674,40.0,0.0
HEMIUSDT,2026-03-12 07:40:00,-2.476,-2.4764150943396244,40.0,0.0
HEMIUSDT,2026-03-23 11:10:00,0.281,0.2808988764044952,40.0,0.0
HEMIUSDT,2026-03-28 17:35:00,-1.161,1.160862354892216,40.0,0.9286898839137671
HEMIUSDT,2026-04-03 16:00:00,-1.818,2.987012987012978,40.0,1.9220779220779203
HEMIUSDT,2026-04-10 12:15:00,3.047,3.185595567867038,40.0,0.05540166204985902
HEMIUSDT,2026-04-22 16:10:00,-0.624,-0.624219725343317,40.0,0.0
HEMIUSDT,2026-05-29 18:55:00,9.252,9.251700680272123,40.0,0.0
HEMIUSDT,2026-06-07 22:10:00,-1.421,-1.4209591474245,40.0,0.0
HEMIUSDT,2026-06-13 10:05:00,0.321,0.321027287319423,40.0,0.0
HEMIUSDT,2026-06-25 14:15:00,0.42,2.521008403361333,40.0,0.8403361344537764
HEMIUSDT,2026-07-01 15:10:00,-1.782,-1.7817371937639246,40.0,0.0
HEMIUSDT,2026-07-20 09:05:00,-5.566,-5.566218809980812,40.0,0.0
HEMIUSDT,2026-08-15 08:35:00,-5.743,-1.6891891891891937,40.0,1.6216216216216202
HEMIUSDT,2026-08-20 09:20:00,-0.323,-0.323275862068971,40.0,0.0
HEMIUSDT,2026-08-26 16:20:00,-3.872,-3.8718291054739695,40.0,0.0
HEMIUSDT,2026-08-31 18:15:00,-1.526,1.587301587301586,40.0,1.2454212454212457
HEMIUSDT,2026-09-06 17:30:00,-2.647,-2.6473099914602862,40.0,0.0
HEMIUSDT,2026-09-14 14:45:00,6.27,6.269592476489018,40.0,0.0
SLPUSDT,2025-12-25 17:10:00,-4.518,-4.518430439952432,40.0,0.0
SLPUSDT,2025-12-31 21:05:00,-17.097,-17.096774193548395,40.0,0.0
SLPUSDT,2026-01-17 07:10:00,6.095,2.892561983471066,40.0,-1.2809917355371903
SLPUSDT,2026-01-23 16:10:00,-3.515,1.1423550087873455,40.0,1.8629173989455143
SLPUSDT,2026-02-14 15:30:00,-3.841,-3.8410596026490134,40.0,0.0
SLPUSDT,2026-03-09 12:20:00,-1.975,0.0,40.0,0.7899461400359025
SLPUSDT,2026-03-15 00:45:00,-4.581,-4.58135860979462,40.0,0.0
SLPUSDT,2026-04-08 17:05:00,-2.66,2.5039123630672853,40.0,2.065727699530512
SLPUSDT,2026-04-25 09:20:00,9.974,9.97442455242966,40.0,0.0
SLPUSDT,2026-07-01 20:10:00,6.955,6.954887218045099,40.0,0.0
SLPUSDT,2026-08-14 16:30:00,-4.078,-4.078014184397166,40.0,0.0
SLPUSDT,2026-08-21 19:40:00,5.0,2.727272727272728,40.0,-0.9090909090909114
IOTAUSDT,2026-01-08 17:20:00,-15.523,-15.522620904836204,40.0,0.0
IOTAUSDT,2026-06-07 22:10:00,-1.899,-1.8987341772151858,40.0,0.0
IOTAUSDT,2026-07-11 02:05:00,-0.244,-0.48780487804877753,40.0,-0.09756097560975213
IOTAUSDT,2026-09-14 12:05:00,-4.731,-4.731182795698926,40.0,0.0
IOTAUSDT,2026-09-28 08:50:00,4.845,2.7131782945736407,40.0,-0.8527131782945764
LUNCUSDT,2025-12-08 21:25:00,-5.01,-5.010224948875259,40.0,0.0
LUNCUSDT,2025-12-16 08:30:00,-3.77,-3.7704130643611915,40.0,0.0
LUNCUSDT,2025-12-31 15:00:00,-2.267,-0.15865820489573354,40.0,0.8431550317316405
LUNCUSDT,2026-01-10 09:30:00,-1.593,-1.593357271095149,40.0,0.0
LUNCUSDT,2026-02-15 09:45:00,-3.131,-3.130904183535769,40.0,0.0
LUNCUSDT,2026-02-27 03:15:00,5.664,5.66392479435959,40.0,0.0
LUNCUSDT,2026-03-23 11:10:00,1.251,1.2513312034078823,40.0,0.0
LUNCUSDT,2026-04-05 14:20:00,-1.303,-1.3025780189959353,40.0,0.0
LUNCUSDT,2026-04-17 00:30:00,-1.473,-1.47278548559232,40.0,0.0
LUNCUSDT,2026-04-24 00:50:00,-4.852,-4.851898964201345,40.0,0.0
LUNCUSDT,2026-04-29 09:05:00,-3.657,-3.6569625699125115,40.0,0.0
LUNCUSDT,2026-05-04 21:20:00,-3.434,-3.4342092780571063,40.0,0.0
LUNCUSDT,2026-05-26 21:50:00,3.149,2.755267423014588,40.0,-0.15744385274369055
LUNCUSDT,2026-06-07 01:10:00,3.397,2.8567016676961154,40.0,-0.21618282890672944
LUNCUSDT,2026-06-16 22:10:00,-2.838,-2.8383434395561857,40.0,0.0
LUNCUSDT,2026-08-11 12:25:00,2.432,2.4320183837610103,40.0,0.0
LUNCUSDT,2026-09-07 11:55:00,-2.234,-2.233926625499455,40.0,0.0
LUNCUSDT,2026-09-20 16:20:00,-4.388,-4.388274530454625,40.0,0.0
NEOUSDT,2026-03-15 10:30:00,7.827,7.826694619147441,40.0,0.0
NEOUSDT,2026-04-10 03:00:00,-2.214,-2.213896457765666,40.0,0.0
NEOUSDT,2026-06-07 22:10:00,-1.317,-1.3169845594913676,40.0,0.0
NEOUSDT,2026-08-22 00:10:00,0.444,0.444444444444435,40.0,0.0
NEOUSDT,2026-10-02 09:40:00,-2.792,-2.792064658339459,40.0,0.0
GRTUSDT,2026-03-12 19:20:00,-0.787,2.5044722719141297,40.0,1.3166368515205684
GRTUSDT,2026-03-23 11:10:00,1.689,1.6887816646562133,40.0,0.0
GRTUSDT,2026-05-27 20:50:00,-2.393,-2.3931623931624024,40.0,0.0
GRTUSDT,2026-06-07 22:10:00,-1.765,-1.7647058823529544,40.0,0.0
GRTUSDT,2026-09-27 18:55:00,9.569,3.438209536166078,40.0,-2.4521569899448545
GMTUSDT,2025-12-24 17:35:00,-3.068,-3.067885117493472,40.0,0.0
GMTUSDT,2026-01-09 09:30:00,9.305,2.690582959641243,40.0,-2.6457399103139023
GMTUSDT,2026-04-25 21:50:00,-1.654,-1.6542597187758519,40.0,0.0
GMTUSDT,2026-05-23 02:10:00,-4.095,-4.0946314831665065,40.0,0.0
GMTUSDT,2026-06-03 11:55:00,-4.416,-4.415823367065314,40.0,0.0
GMTUSDT,2026-08-25 08:20:00,-4.146,-4.145728643216086,40.0,0.0
GMTUSDT,2026-09-22 01:10:00,-2.86,-2.8604118993135037,40.0,0.0
FORMUSDT,2025-12-15 01:25:00,36.454,36.45390070921986,40.0,0.0
FORMUSDT,2025-12-26 12:40:00,-2.076,-2.0762229806598484,40.0,0.0
FORMUSDT,2026-01-09 03:55:00,-3.001,-3.001293661060802,40.0,0.0
FORMUSDT,2026-03-01 10:10:00,-3.563,-3.5627135187896544,40.0,0.0
FORMUSDT,2026-04-03 14:55:00,-2.714,-2.71408516612073,40.0,0.0
FORMUSDT,2026-04-10 19:00:00,3.16,3.159768580329326,40.0,0.0
FORMUSDT,2026-04-16 06:00:00,-2.58,-2.579720530275901,40.0,0.0
FORMUSDT,2026-05-03 09:00:00,-1.693,-1.6925734024179482,40.0,0.0
FORMUSDT,2026-05-09 09:30:00,-2.127,-2.126952475905622,40.0,0.0
FORMUSDT,2026-05-30 22:45:00,1.791,1.790688420214884,40.0,0.0
FORMUSDT,2026-06-06 11:35:00,-2.081,-2.081010776662948,40.0,0.0
FORMUSDT,2026-07-05 08:25:00,-2.032,-2.0319930825767445,40.0,0.0
FORMUSDT,2026-08-16 08:40:00,-3.182,-3.1820308844174074,40.0,0.0
FORMUSDT,2026-08-22 08:10:00,-2.768,-2.7675276752767553,40.0,0.0
FORMUSDT,2026-08-30 16:00:00,-2.647,-2.646845540246546,40.0,0.0
FORMUSDT,2026-09-04 17:10:00,-2.952,1.6865776528460896,40.0,1.8552354181307082
FORMUSDT,2026-09-21 16:10:00,22.207,22.206943966998967,40.0,0.0
