symbol,entry_time,exit_time,entry,exit,pnl_pct,pnl_usdt,reason,duration_min,actual_size,actual_pnl_usdt
PHAUSDT,2025-12-07 15:10:00,2025-12-07 15:45:00,0.0427,0.0446,4.45,2.225,Ladder,35.0,40.0,1.7800000000000002
PENGUUSDT,2025-12-07 15:55:00,2025-12-07 16:20:00,0.011369,0.011078,-2.56,-1.28,Hard Stop,25.0,40.0,-1.024
NMRUSDT,2025-12-07 15:10:00,2025-12-07 17:35:00,11.98,11.55,-3.589,-1.795,Hard Stop,145.0,40.0,-1.4356
GLMRUSDT,2025-12-07 15:50:00,2025-12-07 18:20:00,0.0398,0.0367,-7.789,-3.894,Hard Stop,150.0,40.0,-3.1156
2ZUSDT,2025-12-07 17:30:00,2025-12-07 18:20:00,0.13004,0.14064,8.151,4.076,ATR Trail,50.0,40.0,3.2603999999999997
FETUSDT,2025-12-07 17:20:00,2025-12-07 19:00:00,0.24,0.2468,2.833,1.417,Ladder,100.0,40.0,1.1332
MOVRUSDT,2025-12-08 07:35:00,2025-12-08 07:45:00,3.228,3.161,-2.076,-1.038,Hard Stop,10.0,40.0,-0.8304
ONDOUSDT,2025-12-08 12:50:00,2025-12-08 13:15:00,0.5003,0.4868,-2.698,-1.349,Hard Stop,25.0,100.0,-2.698
RESOLVUSDT,2025-12-08 13:10:00,2025-12-08 14:40:00,0.0857,0.083,-3.151,-1.575,Hard Stop,90.0,40.0,-1.2603999999999997
WLFIUSDT,2025-12-08 14:45:00,2025-12-08 18:45:00,0.1535,0.1501,-2.215,-1.107,Time Exit,240.0,40.0,-0.886
ZECUSDT,2025-12-08 16:20:00,2025-12-08 20:20:00,417.5,411.03,-1.55,-0.775,Time Exit,240.0,40.0,-0.62
ORDIUSDT,2025-12-08 20:50:00,2025-12-08 20:55:00,4.417,4.285,-2.988,-1.494,Hard Stop,5.0,40.0,-1.1952
LUNCUSDT,2025-12-08 21:25:00,2025-12-08 22:10:00,5.868e-05,5.574e-05,-5.01,-2.505,Hard Stop,45.0,40.0,-2.004
HEMIUSDT,2025-12-09 03:35:00,2025-12-09 06:00:00,0.0167,0.016,-4.192,-2.096,Hard Stop,145.0,40.0,-1.6768
XPLUSDT,2025-12-09 15:00:00,2025-12-09 16:20:00,0.17,0.1751,3.0,1.5,Ladder,80.0,40.0,1.2
ENJUSDT,2025-12-09 15:40:00,2025-12-09 17:30:00,0.03791,0.03654,-3.614,-1.807,Hard Stop,110.0,40.0,-1.4456
ZROUSDT,2025-12-09 16:25:00,2025-12-09 19:35:00,1.578,1.518,-3.802,-1.901,Hard Stop,190.0,40.0,-1.5208
ETHFIUSDT,2025-12-09 16:05:00,2025-12-09 20:05:00,0.899,0.885,-1.557,-0.779,Time Exit,240.0,40.0,-0.6227999999999999
WIFUSDT,2025-12-09 16:35:00,2025-12-09 20:35:00,0.434,0.432,-0.461,-0.23,Time Exit,240.0,40.0,-0.1844
MAGICUSDT,2025-12-09 21:15:00,2025-12-09 21:20:00,0.1368,0.1252,-8.48,-4.24,Hard Stop,5.0,40.0,-3.392
NILUSDT,2025-12-09 21:55:00,2025-12-09 22:10:00,0.0767,0.0848,10.561,5.28,ATR Trail,15.0,40.0,4.2244
MUBARAKUSDT,2025-12-10 01:10:00,2025-12-10 01:30:00,0.01871,0.01806,-3.474,-1.737,Hard Stop,20.0,40.0,-1.3896
XAIUSDT,2025-12-10 07:40:00,2025-12-10 08:30:00,0.0207,0.0191,-7.729,-3.865,Hard Stop,50.0,40.0,-3.0915999999999997
SUPERUSDT,2025-12-10 07:40:00,2025-12-10 13:05:00,0.2791,0.287,2.831,1.415,Ladder,325.0,40.0,1.1323999999999999
METUSDT,2025-12-10 13:45:00,2025-12-10 14:00:00,0.3364,0.3172,-5.707,-2.854,Hard Stop,15.0,40.0,-2.2828
DYDXUSDT,2025-12-10 13:55:00,2025-12-10 14:00:00,0.2078,0.2034,-2.117,-1.059,Hard Stop,5.0,40.0,-0.8468
KITEUSDT,2025-12-10 15:40:00,2025-12-10 15:50:00,0.0814,0.0793,-2.58,-1.29,Hard Stop,10.0,40.0,-1.032
ACEUSDT,2025-12-10 17:40:00,2025-12-10 18:20:00,0.272,0.276,1.471,0.735,Ladder,40.0,40.0,0.5884
ENAUSDT,2025-12-10 18:35:00,2025-12-10 18:50:00,0.2724,0.2674,-1.836,-0.918,Hard Stop,15.0,40.0,-0.7344
AUDIOUSDT,2025-12-10 19:05:00,2025-12-10 19:10:00,0.0376,0.0351,-6.649,-3.324,Hard Stop,5.0,40.0,-2.6595999999999997
BATUSDT,2025-12-10 15:40:00,2025-12-10 19:40:00,0.2745,0.2712,-1.202,-0.601,Time Exit,240.0,40.0,-0.4808
SEIUSDT,2025-12-10 20:10:00,2025-12-10 20:50:00,0.1516,0.1463,-3.496,-1.748,Hard Stop,40.0,40.0,-1.3983999999999999
EIGENUSDT,2025-12-10 20:10:00,2025-12-10 20:50:00,0.529,0.504,-4.726,-2.363,Hard Stop,40.0,40.0,-1.8903999999999999
JTOUSDT,2025-12-10 18:35:00,2025-12-10 20:55:00,0.449,0.438,-2.45,-1.225,Hard Stop,140.0,40.0,-0.98
PLUMEUSDT,2025-12-10 17:40:00,2025-12-10 21:05:00,0.02196,0.02142,-2.459,-1.23,Hard Stop,205.0,40.0,-0.9836
BONKUSDT,2025-12-10 18:35:00,2025-12-10 21:05:00,9.94e-06,9.75e-06,-1.911,-0.956,Hard Stop,150.0,40.0,-0.7644000000000001
PORTALUSDT,2025-12-11 21:15:00,2025-12-11 22:15:00,0.0203,0.0199,-1.97,-0.985,Hard Stop,60.0,40.0,-0.7879999999999999
SAGAUSDT,2025-12-12 05:00:00,2025-12-12 05:10:00,0.0754,0.0728,-3.448,-1.724,Hard Stop,10.0,40.0,-1.3792
BIOUSDT,2025-12-13 00:00:00,2025-12-13 00:15:00,0.0509,0.0499,-1.965,-0.982,Hard Stop,15.0,40.0,-0.786
SCRUSDT,2025-12-12 22:20:00,2025-12-13 01:20:00,0.087,0.092,5.747,2.874,ATR Trail,180.0,40.0,2.2988
PROMUSDT,2025-12-12 23:00:00,2025-12-13 03:00:00,9.155,9.376,2.414,1.207,Time Exit,240.0,40.0,0.9656
MOVEUSDT,2025-12-14 01:50:00,2025-12-14 02:20:00,0.0404,0.0395,-2.228,-1.114,Hard Stop,30.0,40.0,-0.8912
GLMRUSDT,2025-12-14 08:55:00,2025-12-14 09:30:00,0.0296,0.0298,0.676,0.338,Ladder,35.0,40.0,0.27040000000000003
TRBUSDT,2025-12-14 22:05:00,2025-12-14 22:15:00,22.15,20.76,-6.275,-3.138,Hard Stop,10.0,40.0,-2.51
FORMUSDT,2025-12-15 01:25:00,2025-12-15 02:00:00,0.282,0.3848,36.454,18.227,ATR Trail,35.0,40.0,14.581600000000002
HEMIUSDT,2025-12-15 09:40:00,2025-12-15 10:10:00,0.0156,0.015,-3.846,-1.923,Hard Stop,30.0,40.0,-1.5384
MAGICUSDT,2025-12-15 11:15:00,2025-12-15 11:35:00,0.1123,0.1105,-1.603,-0.801,Hard Stop,20.0,40.0,-0.6412
XAIUSDT,2025-12-15 11:45:00,2025-12-15 12:25:00,0.0178,0.0171,-3.933,-1.966,Hard Stop,40.0,40.0,-1.5732
MORPHOUSDT,2025-12-15 15:40:00,2025-12-15 16:25:00,1.164,1.189,2.148,1.074,Ladder,45.0,100.0,2.148
LUNCUSDT,2025-12-16 08:30:00,2025-12-16 09:00:00,4.164e-05,4.007e-05,-3.77,-1.885,Hard Stop,30.0,40.0,-1.508
ZECUSDT,2025-12-16 10:35:00,2025-12-16 14:35:00,392.41,394.7,0.584,0.292,Time Exit,240.0,40.0,0.23359999999999997
SYNUSDT,2025-12-17 10:00:00,2025-12-17 12:00:00,0.053,0.0514,-3.019,-1.509,Hard Stop,120.0,40.0,-1.2076
NILUSDT,2025-12-17 11:45:00,2025-12-17 12:05:00,0.0652,0.0632,-3.067,-1.534,Hard Stop,20.0,40.0,-1.2268000000000001
SOLUSDT,2025-12-17 14:55:00,2025-12-17 15:40:00,132.62,129.06,-2.684,-1.342,Hard Stop,45.0,40.0,-1.0736
ETHUSDT,2025-12-17 14:55:00,2025-12-17 15:45:00,2995.89,2940.42,-1.852,-0.926,Hard Stop,50.0,40.0,-0.7408000000000001
SUIUSDT,2025-12-17 14:55:00,2025-12-17 15:45:00,1.5275,1.491,-2.39,-1.195,Hard Stop,50.0,40.0,-0.9560000000000001
WLDUSDT,2025-12-17 14:55:00,2025-12-17 15:45:00,0.538,0.524,-2.602,-1.301,Hard Stop,50.0,40.0,-1.0408
DOGEUSDT,2025-12-17 14:55:00,2025-12-17 15:45:00,0.13448,0.13181,-1.985,-0.993,Hard Stop,50.0,40.0,-0.794
LINKUSDT,2025-12-17 14:55:00,2025-12-17 15:45:00,13.02,12.72,-2.304,-1.152,Hard Stop,50.0,40.0,-0.9216
ADAUSDT,2025-12-17 14:55:00,2025-12-17 15:45:00,0.3952,0.3865,-2.201,-1.101,Hard Stop,50.0,40.0,-0.8804000000000001
SANDUSDT,2025-12-17 14:55:00,2025-12-17 15:45:00,0.1232,0.1211,-1.705,-0.852,Hard Stop,50.0,40.0,-0.6819999999999999
VIRTUALUSDT,2025-12-17 14:50:00,2025-12-17 15:50:00,0.752,0.7313,-2.753,-1.376,Hard Stop,60.0,40.0,-1.1012000000000002
BONKUSDT,2025-12-17 14:50:00,2025-12-17 15:50:00,8.81e-06,8.61e-06,-2.27,-1.135,Hard Stop,60.0,40.0,-0.908
NEARUSDT,2025-12-17 14:55:00,2025-12-17 15:50:00,1.586,1.54,-2.9,-1.45,Hard Stop,55.0,40.0,-1.16
ENAUSDT,2025-12-17 14:55:00,2025-12-17 15:50:00,0.2171,0.2091,-3.685,-1.842,Hard Stop,55.0,40.0,-1.474
AAVEUSDT,2025-12-17 14:55:00,2025-12-17 15:50:00,189.54,183.68,-3.092,-1.546,Hard Stop,55.0,100.0,-3.092
UNIUSDT,2025-12-17 14:55:00,2025-12-17 15:50:00,5.235,5.091,-2.751,-1.375,Hard Stop,55.0,100.0,-2.751
PENGUUSDT,2025-12-17 14:50:00,2025-12-17 16:10:00,0.010224,0.009906,-3.11,-1.555,Hard Stop,80.0,40.0,-1.244
WLFIUSDT,2025-12-18 10:20:00,2025-12-18 10:30:00,0.1302,0.1285,-1.306,-0.653,Hard Stop,10.0,40.0,-0.5224
BERAUSDT,2025-12-18 13:50:00,2025-12-18 14:05:00,0.599,0.575,-4.007,-2.003,Hard Stop,15.0,40.0,-1.6027999999999998
LSKUSDT,2025-12-18 14:30:00,2025-12-18 17:20:00,0.189,0.183,-3.175,-1.587,Hard Stop,170.0,40.0,-1.27
BCHUSDT,2025-12-18 13:40:00,2025-12-18 17:40:00,562.8,563.5,0.124,0.062,Time Exit,240.0,40.0,0.0496
NOMUSDT,2025-12-19 00:40:00,2025-12-19 00:50:00,0.00665,0.00655,-1.504,-0.752,Hard Stop,10.0,40.0,-0.6016
RESOLVUSDT,2025-12-19 09:55:00,2025-12-19 10:50:00,0.0857,0.0876,2.217,1.109,Ladder,55.0,40.0,0.8868
0GUSDT,2025-12-19 10:10:00,2025-12-19 11:05:00,0.773,0.754,-2.458,-1.229,Hard Stop,55.0,40.0,-0.9832000000000001
ACEUSDT,2025-12-19 11:25:00,2025-12-19 11:35:00,0.255,0.248,-2.745,-1.373,Hard Stop,10.0,40.0,-1.098
PEOPLEUSDT,2025-12-19 16:00:00,2025-12-19 17:30:00,0.00961,0.00921,-4.162,-2.081,Hard Stop,90.0,40.0,-1.6647999999999998
CHZUSDT,2025-12-19 16:10:00,2025-12-19 18:35:00,0.0359,0.03459,-3.649,-1.825,Hard Stop,145.0,40.0,-1.4596
TOWNSUSDT,2025-12-19 21:05:00,2025-12-19 21:10:00,0.00605,0.0059,-2.479,-1.24,Hard Stop,5.0,40.0,-0.9916
GIGGLEUSDT,2025-12-19 20:15:00,2025-12-19 21:15:00,63.23,64.53,2.056,1.028,Ladder,60.0,40.0,0.8224
MOVEUSDT,2025-12-19 21:05:00,2025-12-19 21:20:00,0.0362,0.0361,-0.276,-0.138,Ladder,15.0,40.0,-0.11040000000000001
HUMAUSDT,2025-12-19 19:45:00,2025-12-19 23:45:00,0.03126,0.03113,-0.416,-0.208,Time Exit,240.0,40.0,-0.1664
ICPUSDT,2025-12-20 21:40:00,2025-12-20 23:05:00,3.305,3.402,2.935,1.467,Ladder,85.0,40.0,1.174
SUPERUSDT,2025-12-21 00:30:00,2025-12-21 00:35:00,0.2462,0.2363,-4.021,-2.011,Hard Stop,5.0,40.0,-1.6083999999999998
VTHOUSDT,2025-12-21 00:05:00,2025-12-21 01:15:00,0.001027,0.001034,0.682,0.341,Ladder,70.0,40.0,0.27280000000000004
NILUSDT,2025-12-22 13:35:00,2025-12-22 14:15:00,0.0765,0.0745,-2.614,-1.307,Hard Stop,40.0,40.0,-1.0456
JASMYUSDT,2025-12-22 14:45:00,2025-12-22 15:10:00,0.00667,0.00647,-2.999,-1.499,Hard Stop,25.0,40.0,-1.1996000000000002
PORTALUSDT,2025-12-22 11:40:00,2025-12-22 15:40:00,0.0224,0.0229,2.232,1.116,Time Exit,240.0,40.0,0.8928000000000001
KITEUSDT,2025-12-22 16:15:00,2025-12-22 17:05:00,0.0928,0.0915,-1.401,-0.7,Hard Stop,50.0,40.0,-0.5604
BROCCOLI714USDT,2025-12-22 18:10:00,2025-12-22 19:55:00,0.01192,0.01169,-1.93,-0.965,Hard Stop,105.0,40.0,-0.7719999999999999
MUBARAKUSDT,2025-12-22 16:40:00,2025-12-22 20:40:00,0.01668,0.01673,0.3,0.15,Time Exit,240.0,40.0,0.12
AUDIOUSDT,2025-12-23 14:00:00,2025-12-23 14:35:00,0.0303,0.0295,-2.64,-1.32,Hard Stop,35.0,40.0,-1.056
TLMUSDT,2025-12-23 16:50:00,2025-12-23 17:25:00,0.002107,0.002064,-2.041,-1.02,Hard Stop,35.0,40.0,-0.8163999999999999
HEIUSDT,2025-12-23 17:20:00,2025-12-23 17:25:00,0.1254,0.1221,-2.632,-1.316,Hard Stop,5.0,40.0,-1.0528
ALICEUSDT,2025-12-23 16:45:00,2025-12-23 17:35:00,0.1818,0.1772,-2.53,-1.265,Hard Stop,50.0,40.0,-1.012
MAGICUSDT,2025-12-23 17:20:00,2025-12-23 21:20:00,0.1009,0.0995,-1.388,-0.694,Time Exit,240.0,40.0,-0.5551999999999999
GLMRUSDT,2025-12-23 19:00:00,2025-12-23 22:30:00,0.0246,0.0238,-3.252,-1.626,Hard Stop,210.0,40.0,-1.3008
ZKCUSDT,2025-12-24 04:00:00,2025-12-24 05:00:00,0.1046,0.1064,1.721,0.86,Ladder,60.0,40.0,0.6884
CFXUSDT,2025-12-24 15:10:00,2025-12-24 15:45:00,0.0713,0.0724,1.543,0.771,Ladder,35.0,40.0,0.6172
PENGUUSDT,2025-12-24 16:45:00,2025-12-24 17:00:00,0.009255,0.009039,-2.334,-1.167,Hard Stop,15.0,40.0,-0.9336
ACTUSDT,2025-12-24 11:50:00,2025-12-24 17:35:00,0.0414,0.0446,7.729,3.865,ATR Trail,345.0,40.0,3.0915999999999997
GMTUSDT,2025-12-24 17:35:00,2025-12-24 18:10:00,0.01532,0.01485,-3.068,-1.534,Hard Stop,35.0,40.0,-1.2271999999999998
0GUSDT,2025-12-25 00:00:00,2025-12-25 00:35:00,0.851,0.874,2.703,1.351,Ladder,35.0,40.0,1.0812
NOMUSDT,2025-12-25 01:30:00,2025-12-25 05:30:00,0.00772,0.00767,-0.648,-0.324,Time Exit,240.0,40.0,-0.25920000000000004
MOVRUSDT,2025-12-25 09:20:00,2025-12-25 11:00:00,2.696,2.638,-2.151,-1.076,Hard Stop,100.0,40.0,-0.8603999999999999
2ZUSDT,2025-12-25 11:50:00,2025-12-25 11:55:00,0.12167,0.11832,-2.753,-1.377,Hard Stop,5.0,40.0,-1.1012000000000002
SLPUSDT,2025-12-25 17:10:00,2025-12-25 17:15:00,0.000841,0.000803,-4.518,-2.259,Hard Stop,5.0,40.0,-1.8072
YGGUSDT,2025-12-26 06:00:00,2025-12-26 06:40:00,0.0686,0.0675,-1.603,-0.802,Hard Stop,40.0,40.0,-0.6412
BIOUSDT,2025-12-26 05:50:00,2025-12-26 06:45:00,0.0474,0.0452,-4.641,-2.321,Hard Stop,55.0,40.0,-1.8564
PLUMEUSDT,2025-12-26 06:40:00,2025-12-26 06:50:00,0.02044,0.0192,-6.067,-3.033,Hard Stop,10.0,40.0,-2.4268
MORPHOUSDT,2025-12-26 13:45:00,2025-12-26 14:15:00,1.248,1.222,-2.083,-1.042,Hard Stop,30.0,100.0,-2.083
FORMUSDT,2025-12-26 12:40:00,2025-12-26 14:45:00,0.3516,0.3443,-2.076,-1.038,Hard Stop,125.0,40.0,-0.8304
TOWNSUSDT,2025-12-26 18:10:00,2025-12-26 18:25:00,0.00622,0.00588,-5.466,-2.733,Hard Stop,15.0,40.0,-2.1864
XPLUSDT,2025-12-26 18:35:00,2025-12-26 18:45:00,0.1424,0.1402,-1.545,-0.772,Hard Stop,10.0,40.0,-0.6179999999999999
KAITOUSDT,2025-12-27 00:00:00,2025-12-27 00:30:00,0.5555,0.5981,7.669,3.834,ATR Trail,30.0,40.0,3.0675999999999997
MOVEUSDT,2025-12-27 00:15:00,2025-12-27 00:50:00,0.0364,0.0371,1.923,0.962,Ladder,35.0,40.0,0.7692
ZECUSDT,2025-12-27 01:55:00,2025-12-27 05:55:00,464.32,467.93,0.777,0.389,Time Exit,240.0,40.0,0.3108
ZENUSDT,2025-12-27 11:50:00,2025-12-27 12:50:00,9.038,9.19,1.682,0.841,Ladder,60.0,40.0,0.6728
GTCUSDT,2025-12-27 15:20:00,2025-12-27 15:25:00,0.135,0.132,-2.222,-1.111,Hard Stop,5.0,40.0,-0.8888
SPKUSDT,2025-12-28 03:50:00,2025-12-28 03:55:00,0.02544,0.0226,-11.164,-5.582,Hard Stop,5.0,40.0,-4.4656
CKBUSDT,2025-12-28 04:00:00,2025-12-28 04:30:00,0.002631,0.00253,-3.839,-1.919,Hard Stop,30.0,40.0,-1.5356
AUDIOUSDT,2025-12-28 21:10:00,2025-12-28 21:25:00,0.0305,0.0292,-4.262,-2.131,Hard Stop,15.0,40.0,-1.7047999999999999
ARKUSDT,2025-12-29 00:00:00,2025-12-29 04:00:00,0.2726,0.2655,-2.605,-1.302,Hard Stop,240.0,40.0,-1.042
ZKCUSDT,2025-12-29 05:30:00,2025-12-29 06:00:00,0.1385,0.1396,0.794,0.397,Ladder,30.0,40.0,0.31760000000000005
HEMIUSDT,2025-12-29 17:15:00,2025-12-29 21:15:00,0.0158,0.0161,1.899,0.949,Time Exit,240.0,40.0,0.7596
ACTUSDT,2025-12-29 20:10:00,2025-12-29 23:10:00,0.0426,0.0438,2.817,1.408,Ladder,180.0,40.0,1.1268
0GUSDT,2025-12-30 01:05:00,2025-12-30 01:15:00,1.088,1.013,-6.893,-3.447,Hard Stop,10.0,40.0,-2.7571999999999997
SYNUSDT,2025-12-31 09:05:00,2025-12-31 09:30:00,0.0518,0.0508,-1.931,-0.965,Hard Stop,25.0,40.0,-0.7724
DEXEUSDT,2025-12-31 14:05:00,2025-12-31 14:15:00,3.501,3.396,-2.999,-1.5,Hard Stop,10.0,40.0,-1.1996000000000002
LUNCUSDT,2025-12-31 15:00:00,2025-12-31 16:20:00,4.412e-05,4.405e-05,-0.159,-0.079,Ladder,80.0,40.0,-0.0636
BROCCOLI714USDT,2025-12-31 16:30:00,2025-12-31 19:30:00,0.01331,0.04443,233.809,116.905,ATR Trail,180.0,40.0,93.52359999999999
MUBARAKUSDT,2025-12-31 19:20:00,2025-12-31 20:30:00,0.01726,0.01846,6.952,3.476,ATR Trail,70.0,40.0,2.7808
TLMUSDT,2025-12-31 20:05:00,2025-12-31 20:35:00,0.00215,0.003143,46.186,23.093,ATR Trail,30.0,40.0,18.4744
SLPUSDT,2025-12-31 21:05:00,2025-12-31 21:10:00,0.00093,0.000771,-17.097,-8.548,Hard Stop,5.0,40.0,-6.838800000000001
HEIUSDT,2025-12-31 19:55:00,2025-12-31 23:55:00,0.1228,0.1217,-0.896,-0.448,Time Exit,240.0,40.0,-0.35840000000000005
ALICEUSDT,2025-12-31 20:20:00,2026-01-01 00:20:00,0.1656,0.1636,-1.208,-0.604,Time Exit,240.0,40.0,-0.4832
PEOPLEUSDT,2026-01-01 00:25:00,2026-01-01 04:25:00,0.00975,0.00956,-1.949,-0.974,Time Exit,240.0,40.0,-0.7796000000000001
VTHOUSDT,2026-01-01 06:20:00,2026-01-01 06:30:00,0.000814,0.000774,-4.914,-2.457,Hard Stop,10.0,40.0,-1.9655999999999998
GLMRUSDT,2026-01-01 09:10:00,2026-01-01 09:15:00,0.0241,0.0235,-2.49,-1.245,Hard Stop,5.0,40.0,-0.9960000000000001
PHAUSDT,2026-01-01 15:50:00,2026-01-01 15:55:00,0.0397,0.0374,-5.793,-2.897,Hard Stop,5.0,40.0,-2.3172
DODOUSDT,2026-01-01 16:25:00,2026-01-01 16:30:00,0.0201,0.0188,-6.468,-3.234,Hard Stop,5.0,100.0,-6.468
GTCUSDT,2026-01-01 15:45:00,2026-01-01 19:45:00,0.136,0.139,2.206,1.103,Time Exit,240.0,40.0,0.8824
TUTUSDT,2026-01-01 20:40:00,2026-01-01 20:45:00,0.01775,0.01704,-4.0,-2.0,Hard Stop,5.0,40.0,-1.6
NEIROUSDT,2026-01-01 22:45:00,2026-01-02 00:30:00,0.00012284,0.00012647,2.955,1.478,Ladder,105.0,40.0,1.182
PEPEUSDT,2026-01-02 03:15:00,2026-01-02 07:15:00,5.13e-06,5.1e-06,-0.585,-0.292,Time Exit,240.0,40.0,-0.23399999999999999
DOGEUSDT,2026-01-02 09:45:00,2026-01-02 10:20:00,0.13481,0.13215,-1.973,-0.987,Hard Stop,35.0,40.0,-0.7892
XPLUSDT,2026-01-02 06:25:00,2026-01-02 10:25:00,0.1821,0.182,-0.055,-0.027,Time Exit,240.0,40.0,-0.022000000000000002
RENDERUSDT,2026-01-02 09:00:00,2026-01-02 13:00:00,1.51,1.504,-0.397,-0.199,Time Exit,240.0,40.0,-0.15880000000000002
FLOKIUSDT,2026-01-02 12:35:00,2026-01-02 16:00:00,4.656e-05,4.786e-05,2.792,1.396,Ladder,205.0,40.0,1.1167999999999998
WIFUSDT,2026-01-02 16:45:00,2026-01-02 20:45:00,0.328,0.319,-2.744,-1.372,Time Exit,240.0,40.0,-1.0976000000000001
CKBUSDT,2026-01-02 17:00:00,2026-01-02 21:00:00,0.00265,0.002633,-0.642,-0.321,Time Exit,240.0,40.0,-0.25680000000000003
BOMEUSDT,2026-01-02 23:15:00,2026-01-03 00:55:00,0.00068,0.000658,-3.235,-1.618,Hard Stop,100.0,40.0,-1.2939999999999998
KAITOUSDT,2026-01-03 00:05:00,2026-01-03 02:00:00,0.5587,0.5738,2.703,1.351,Ladder,115.0,40.0,1.0812
VIRTUALUSDT,2026-01-03 03:50:00,2026-01-03 06:45:00,0.8638,0.8313,-3.762,-1.881,Hard Stop,175.0,40.0,-1.5048
NOMUSDT,2026-01-03 11:25:00,2026-01-03 11:45:00,0.00845,0.00878,3.905,1.953,Ladder,20.0,40.0,1.562
CVXUSDT,2026-01-03 16:50:00,2026-01-03 17:30:00,1.856,1.932,4.095,2.047,ATR Trail,40.0,40.0,1.638
ACEUSDT,2026-01-03 21:45:00,2026-01-03 21:55:00,0.319,0.321,0.627,0.313,ATR Trail,10.0,40.0,0.2508
FETUSDT,2026-01-04 00:10:00,2026-01-04 04:10:00,0.2496,0.2446,-2.003,-1.002,Time Exit,240.0,40.0,-0.8012000000000001
HEMIUSDT,2026-01-04 02:25:00,2026-01-04 06:25:00,0.0195,0.0194,-0.513,-0.256,Time Exit,240.0,40.0,-0.2052
BONKUSDT,2026-01-04 03:10:00,2026-01-04 06:40:00,1.079e-05,1.106e-05,2.502,1.251,Ladder,210.0,40.0,1.0008
STXUSDT,2026-01-04 05:20:00,2026-01-04 09:20:00,0.3316,0.3269,-1.417,-0.709,Time Exit,240.0,40.0,-0.5668
GIGGLEUSDT,2026-01-04 09:40:00,2026-01-04 11:20:00,74.95,78.78,5.11,2.555,ATR Trail,100.0,40.0,2.0440000000000005
BIOUSDT,2026-01-04 15:15:00,2026-01-04 19:15:00,0.0513,0.0505,-1.559,-0.78,Time Exit,240.0,40.0,-0.6235999999999999
NMRUSDT,2026-01-04 21:10:00,2026-01-04 21:40:00,10.75,10.31,-4.093,-2.047,Hard Stop,30.0,40.0,-1.6372
BATUSDT,2026-01-05 01:40:00,2026-01-05 04:40:00,0.232,0.2253,-2.888,-1.444,Hard Stop,180.0,40.0,-1.1552
MOVEUSDT,2026-01-05 13:15:00,2026-01-05 13:25:00,0.0401,0.039,-2.743,-1.372,Hard Stop,10.0,40.0,-1.0972
BICOUSDT,2026-01-05 14:05:00,2026-01-05 15:45:00,0.0502,0.0486,-3.187,-1.594,Hard Stop,100.0,40.0,-1.2748
SHIBUSDT,2026-01-05 16:15:00,2026-01-05 16:45:00,9.49e-06,9.67e-06,1.897,0.948,Ladder,30.0,40.0,0.7588
ONEUSDT,2026-01-05 18:15:00,2026-01-05 19:15:00,0.00457,0.00443,-3.063,-1.532,Hard Stop,60.0,40.0,-1.2252
MINAUSDT,2026-01-05 19:05:00,2026-01-05 19:30:00,0.0939,0.096,2.236,1.118,Ladder,25.0,40.0,0.8944000000000001
SYNUSDT,2026-01-06 04:00:00,2026-01-06 04:15:00,0.0634,0.0605,-4.574,-2.287,Hard Stop,15.0,40.0,-1.8296
JASMYUSDT,2026-01-06 08:00:00,2026-01-06 10:10:00,0.00825,0.00846,2.545,1.273,Ladder,130.0,40.0,1.018
BROCCOLI714USDT,2026-01-06 06:30:00,2026-01-06 10:50:00,0.03,0.03943,31.433,15.717,ATR Trail,260.0,40.0,12.5732
MUBARAKUSDT,2026-01-06 07:50:00,2026-01-06 10:50:00,0.02086,0.02133,2.253,1.127,Ladder,180.0,40.0,0.9012
SPKUSDT,2026-01-06 18:55:00,2026-01-06 19:05:00,0.024851,0.023924,-3.73,-1.865,Hard Stop,10.0,40.0,-1.492
PUMPUSDT,2026-01-06 23:30:00,2026-01-07 00:50:00,0.002656,0.002593,-2.372,-1.186,Hard Stop,80.0,40.0,-0.9487999999999999
TLMUSDT,2026-01-07 10:40:00,2026-01-07 11:05:00,0.002799,0.002695,-3.716,-1.858,Hard Stop,25.0,40.0,-1.4864
ZKCUSDT,2026-01-07 11:30:00,2026-01-07 11:40:00,0.1301,0.126,-3.151,-1.576,Hard Stop,10.0,40.0,-1.2603999999999997
SUIUSDT,2026-01-07 08:00:00,2026-01-07 12:00:00,1.9432,1.9126,-1.575,-0.787,Time Exit,240.0,40.0,-0.63
ZENUSDT,2026-01-07 23:10:00,2026-01-08 03:10:00,9.268,9.517,2.687,1.343,Time Exit,240.0,40.0,1.0748
AUDIOUSDT,2026-01-08 08:35:00,2026-01-08 08:55:00,0.0337,0.0321,-4.748,-2.374,Hard Stop,20.0,40.0,-1.8992
MAGICUSDT,2026-01-08 08:45:00,2026-01-08 08:55:00,0.1019,0.0989,-2.944,-1.472,Hard Stop,10.0,40.0,-1.1776
币安人生USDT,2026-01-08 15:25:00,2026-01-08 16:40:00,0.1485,0.1358,-8.552,-4.276,Hard Stop,75.0,40.0,-3.4208
RENDERUSDT,2026-01-08 15:45:00,2026-01-08 16:55:00,2.329,2.234,-4.079,-2.04,Hard Stop,70.0,40.0,-1.6316
IOTAUSDT,2026-01-08 17:20:00,2026-01-08 17:25:00,0.1282,0.1083,-15.523,-7.761,Hard Stop,5.0,40.0,-6.2092
WLFIUSDT,2026-01-08 15:20:00,2026-01-08 19:20:00,0.1821,0.1777,-2.416,-1.208,Time Exit,240.0,40.0,-0.9664
VIRTUALUSDT,2026-01-08 15:25:00,2026-01-08 19:25:00,1.0871,1.0807,-0.589,-0.294,Time Exit,240.0,40.0,-0.23559999999999998
FORMUSDT,2026-01-09 03:55:00,2026-01-09 06:10:00,0.3865,0.3749,-3.001,-1.501,Hard Stop,135.0,40.0,-1.2004
GMTUSDT,2026-01-09 09:30:00,2026-01-09 10:35:00,0.01784,0.01832,2.691,1.345,Ladder,65.0,40.0,1.0764
STXUSDT,2026-01-09 15:30:00,2026-01-09 17:10:00,0.3635,0.3739,2.861,1.431,Ladder,100.0,40.0,1.1444
PENGUUSDT,2026-01-09 15:25:00,2026-01-09 17:30:00,0.012561,0.012177,-3.057,-1.529,Hard Stop,125.0,40.0,-1.2227999999999999
TIAUSDT,2026-01-09 15:25:00,2026-01-09 18:15:00,0.5658,0.5521,-2.421,-1.211,Hard Stop,170.0,40.0,-0.9683999999999999
POLUSDT,2026-01-09 15:30:00,2026-01-09 19:30:00,0.1551,0.151,-2.643,-1.322,Time Exit,240.0,100.0,-2.643
LUNCUSDT,2026-01-10 09:30:00,2026-01-10 10:30:00,4.456e-05,4.385e-05,-1.593,-0.797,Hard Stop,60.0,40.0,-0.6372
ACEUSDT,2026-01-10 16:40:00,2026-01-10 17:00:00,0.29,0.284,-2.069,-1.034,Hard Stop,20.0,40.0,-0.8276
NMRUSDT,2026-01-10 21:20:00,2026-01-10 22:00:00,10.62,10.85,2.166,1.083,Ladder,40.0,40.0,0.8664
BIOUSDT,2026-01-11 00:00:00,2026-01-11 00:05:00,0.0458,0.0446,-2.62,-1.31,Hard Stop,5.0,40.0,-1.048
GIGGLEUSDT,2026-01-11 00:15:00,2026-01-11 00:40:00,65.78,64.52,-1.915,-0.958,Hard Stop,25.0,40.0,-0.766
DEXEUSDT,2026-01-11 15:05:00,2026-01-11 19:05:00,3.775,3.913,3.656,1.828,Time Exit,240.0,40.0,1.4624000000000001
EIGENUSDT,2026-01-12 01:00:00,2026-01-12 05:00:00,0.413,0.422,2.179,1.09,Time Exit,240.0,40.0,0.8715999999999999
IMXUSDT,2026-01-12 01:00:00,2026-01-12 05:00:00,0.273,0.273,0.0,0.0,Time Exit,240.0,40.0,0.0
PUMPUSDT,2026-01-12 16:25:00,2026-01-12 20:25:00,0.002555,0.002559,0.157,0.078,Time Exit,240.0,40.0,0.0628
DASHUSDT,2026-01-13 03:15:00,2026-01-13 07:35:00,41.9,45.48,8.544,4.272,ATR Trail,260.0,40.0,3.4176
ZENUSDT,2026-01-13 10:05:00,2026-01-13 11:45:00,10.114,10.261,1.453,0.727,Ladder,100.0,40.0,0.5812
ONEUSDT,2026-01-13 12:00:00,2026-01-13 12:10:00,0.00422,0.00412,-2.37,-1.185,Hard Stop,10.0,40.0,-0.9480000000000001
ALICEUSDT,2026-01-13 13:25:00,2026-01-13 13:35:00,0.1881,0.1831,-2.658,-1.329,Hard Stop,10.0,40.0,-1.0632
AXSUSDT,2026-01-13 12:50:00,2026-01-13 13:50:00,1.024,1.072,4.688,2.344,Ladder,60.0,40.0,1.8752
ICPUSDT,2026-01-13 14:35:00,2026-01-13 16:10:00,3.526,3.627,2.864,1.432,Ladder,95.0,40.0,1.1456
WIFUSDT,2026-01-13 22:10:00,2026-01-13 23:15:00,0.417,0.426,2.158,1.079,Ladder,65.0,40.0,0.8632
PEPEUSDT,2026-01-13 22:05:00,2026-01-13 23:30:00,6.35e-06,6.52e-06,2.677,1.339,Ladder,85.0,40.0,1.0708000000000002
BERAUSDT,2026-01-14 00:05:00,2026-01-14 01:00:00,0.618,0.727,17.638,8.819,ATR Trail,55.0,40.0,7.0552
ENAUSDT,2026-01-13 22:05:00,2026-01-14 02:05:00,0.2353,0.2436,3.527,1.764,Time Exit,240.0,40.0,1.4108
BONKUSDT,2026-01-13 22:05:00,2026-01-14 02:05:00,1.149e-05,1.17e-05,1.828,0.914,Time Exit,240.0,40.0,0.7312000000000001
BOMEUSDT,2026-01-13 22:05:00,2026-01-14 02:05:00,0.000737,0.000736,-0.136,-0.068,Time Exit,240.0,40.0,-0.054400000000000004
PEOPLEUSDT,2026-01-13 22:05:00,2026-01-14 02:05:00,0.01159,0.01148,-0.949,-0.475,Time Exit,240.0,40.0,-0.3796
ETHUSDT,2026-01-13 22:10:00,2026-01-14 02:10:00,3321.26,3350.54,0.882,0.441,Time Exit,240.0,40.0,0.3528
FETUSDT,2026-01-13 22:10:00,2026-01-14 02:10:00,0.2961,0.2941,-0.675,-0.338,Time Exit,240.0,40.0,-0.27
XPLUSDT,2026-01-13 22:10:00,2026-01-14 02:10:00,0.1607,0.1642,2.178,1.089,Time Exit,240.0,40.0,0.8712
INJUSDT,2026-01-13 22:10:00,2026-01-14 02:10:00,5.712,5.665,-0.823,-0.411,Time Exit,240.0,40.0,-0.3292
NEIROUSDT,2026-01-13 22:10:00,2026-01-14 02:10:00,0.00014194,0.00014247,0.373,0.187,Time Exit,240.0,40.0,0.1492
FLOKIUSDT,2026-01-13 22:10:00,2026-01-14 02:10:00,5.505e-05,5.523e-05,0.327,0.163,Time Exit,240.0,40.0,0.13080000000000003
币安人生USDT,2026-01-14 00:00:00,2026-01-14 02:35:00,0.1938,0.2662,37.358,18.679,ATR Trail,155.0,40.0,14.9432
CKBUSDT,2026-01-13 23:00:00,2026-01-14 03:00:00,0.00291,0.00289,-0.687,-0.344,Time Exit,240.0,40.0,-0.2748
VIRTUALUSDT,2026-01-14 00:05:00,2026-01-14 04:05:00,1.0851,1.076,-0.839,-0.419,Time Exit,240.0,40.0,-0.3356
CHZUSDT,2026-01-14 02:10:00,2026-01-14 06:10:00,0.05629,0.05643,0.249,0.124,Time Exit,240.0,40.0,0.0996
ASTERUSDT,2026-01-14 09:00:00,2026-01-14 11:15:00,0.768,0.753,-1.953,-0.977,Hard Stop,135.0,40.0,-0.7812000000000001
RESOLVUSDT,2026-01-14 13:40:00,2026-01-14 15:15:00,0.0808,0.0831,2.847,1.423,Ladder,95.0,40.0,1.1388
WLFIUSDT,2026-01-14 16:05:00,2026-01-14 17:00:00,0.1877,0.1839,-2.025,-1.012,Hard Stop,55.0,40.0,-0.81
MOVEUSDT,2026-01-14 14:00:00,2026-01-14 18:00:00,0.0386,0.0381,-1.295,-0.648,Time Exit,240.0,40.0,-0.518
ACTUSDT,2026-01-15 08:55:00,2026-01-15 09:10:00,0.028,0.0267,-4.643,-2.321,Hard Stop,15.0,40.0,-1.8572
YGGUSDT,2026-01-15 10:20:00,2026-01-15 14:20:00,0.0719,0.0713,-0.834,-0.417,Time Exit,240.0,40.0,-0.3336
TOWNSUSDT,2026-01-15 14:55:00,2026-01-15 15:00:00,0.00689,0.00672,-2.467,-1.234,Hard Stop,5.0,40.0,-0.9868
GLMRUSDT,2026-01-15 21:00:00,2026-01-15 21:25:00,0.0241,0.0293,21.577,10.788,ATR Trail,25.0,40.0,8.6308
XAIUSDT,2026-01-16 03:10:00,2026-01-16 07:25:00,0.01683,0.01875,11.408,5.704,ATR Trail,255.0,40.0,4.5632
METUSDT,2026-01-16 07:50:00,2026-01-16 08:30:00,0.2736,0.293,7.091,3.545,ATR Trail,40.0,40.0,2.8364000000000003
BIOUSDT,2026-01-16 22:00:00,2026-01-17 02:00:00,0.0475,0.0475,0.0,0.0,Time Exit,240.0,40.0,0.0
SLPUSDT,2026-01-17 07:10:00,2026-01-17 08:10:00,0.000968,0.000996,2.893,1.446,Ladder,60.0,40.0,1.1572
ILVUSDT,2026-01-17 07:30:00,2026-01-17 09:15:00,6.6,6.78,2.727,1.364,Ladder,105.0,40.0,1.0908
DODOUSDT,2026-01-17 13:20:00,2026-01-17 13:55:00,0.0211,0.0217,2.844,1.422,Ladder,35.0,100.0,2.844
SANDUSDT,2026-01-17 13:35:00,2026-01-17 17:35:00,0.1526,0.1478,-3.145,-1.573,Time Exit,240.0,40.0,-1.258
ENJUSDT,2026-01-17 15:05:00,2026-01-17 19:05:00,0.03572,0.03639,1.876,0.938,Time Exit,240.0,40.0,0.7504
SUPERUSDT,2026-01-17 21:05:00,2026-01-17 21:15:00,0.2353,0.2325,-1.19,-0.595,Ladder,10.0,40.0,-0.476
MANAUSDT,2026-01-18 00:00:00,2026-01-18 01:15:00,0.1723,0.1675,-2.786,-1.393,Hard Stop,75.0,40.0,-1.1144
MAGICUSDT,2026-01-18 10:35:00,2026-01-18 11:00:00,0.1117,0.1145,2.507,1.253,Ladder,25.0,40.0,1.0028000000000001
DASHUSDT,2026-01-18 13:00:00,2026-01-18 14:30:00,82.56,84.84,2.762,1.381,Ladder,90.0,40.0,1.1048
PHAUSDT,2026-01-18 15:05:00,2026-01-18 15:10:00,0.0432,0.0416,-3.704,-1.852,Hard Stop,5.0,40.0,-1.4816000000000003
SAGAUSDT,2026-01-18 22:05:00,2026-01-18 23:40:00,0.0711,0.0676,-4.923,-2.461,Hard Stop,95.0,40.0,-1.9692
KITEUSDT,2026-01-19 02:15:00,2026-01-19 02:45:00,0.0942,0.0961,2.017,1.008,Ladder,30.0,40.0,0.8068
MINAUSDT,2026-01-19 06:15:00,2026-01-19 07:20:00,0.0862,0.0831,-3.596,-1.798,Hard Stop,65.0,40.0,-1.4384
ZENUSDT,2026-01-19 07:15:00,2026-01-19 09:00:00,11.86,11.486,-3.153,-1.577,Hard Stop,105.0,40.0,-1.2612
BERAUSDT,2026-01-19 11:10:00,2026-01-19 11:30:00,0.94,0.896,-4.681,-2.34,Hard Stop,20.0,40.0,-1.8723999999999998
COTIUSDT,2026-01-19 14:10:00,2026-01-19 15:40:00,0.02166,0.021,-3.047,-1.524,Hard Stop,90.0,40.0,-1.2188
RESOLVUSDT,2026-01-19 19:50:00,2026-01-19 20:30:00,0.0993,0.1017,2.417,1.208,Ladder,40.0,40.0,0.9667999999999999
QNTUSDT,2026-01-19 17:25:00,2026-01-19 21:25:00,84.34,84.39,0.059,0.03,Time Exit,240.0,40.0,0.023599999999999996
AXSUSDT,2026-01-20 02:35:00,2026-01-20 05:50:00,1.878,2.029,8.04,4.02,ATR Trail,195.0,40.0,3.2159999999999993
BATUSDT,2026-01-20 05:15:00,2026-01-20 05:50:00,0.2126,0.2072,-2.54,-1.27,Hard Stop,35.0,40.0,-1.016
BROCCOLI714USDT,2026-01-20 06:45:00,2026-01-20 07:15:00,0.02162,0.02046,-5.365,-2.683,Hard Stop,30.0,40.0,-2.146
TLMUSDT,2026-01-20 13:20:00,2026-01-20 13:45:00,0.002349,0.002274,-3.193,-1.596,Hard Stop,25.0,40.0,-1.2772000000000001
WLFIUSDT,2026-01-20 14:35:00,2026-01-20 14:55:00,0.1668,0.1623,-2.698,-1.349,Hard Stop,20.0,40.0,-1.0792
VIRTUALUSDT,2026-01-20 14:35:00,2026-01-20 15:05:00,0.8573,0.8397,-2.053,-1.026,Hard Stop,30.0,40.0,-0.8211999999999999
ALICEUSDT,2026-01-20 12:20:00,2026-01-20 15:10:00,0.1756,0.1797,2.335,1.167,Ladder,170.0,40.0,0.9339999999999999
ICPUSDT,2026-01-20 16:15:00,2026-01-20 17:40:00,3.845,3.751,-2.445,-1.222,Hard Stop,85.0,40.0,-0.978
PROMUSDT,2026-01-21 02:00:00,2026-01-21 02:05:00,2.65,2.571,-2.981,-1.491,Hard Stop,5.0,40.0,-1.1924
HEIUSDT,2026-01-21 00:55:00,2026-01-21 02:35:00,0.1347,0.1343,-0.297,-0.148,Ladder,100.0,40.0,-0.1188
PENDLEUSDT,2026-01-21 14:10:00,2026-01-21 14:40:00,2.032,2.089,2.805,1.403,Ladder,30.0,100.0,2.805
NEIROUSDT,2026-01-21 14:10:00,2026-01-21 16:20:00,0.00012096,0.00012433,2.786,1.393,Ladder,130.0,40.0,1.1144
PENGUUSDT,2026-01-21 14:10:00,2026-01-21 16:40:00,0.01004,0.009675,-3.635,-1.818,Hard Stop,150.0,40.0,-1.454
WIFUSDT,2026-01-21 14:10:00,2026-01-21 16:40:00,0.34,0.331,-2.647,-1.324,Hard Stop,150.0,40.0,-1.0588
METUSDT,2026-01-21 14:55:00,2026-01-21 17:10:00,0.2757,0.2693,-2.321,-1.161,Hard Stop,135.0,40.0,-0.9284000000000001
PUMPUSDT,2026-01-21 19:25:00,2026-01-21 20:15:00,0.002599,0.002649,1.924,0.962,Ladder,50.0,40.0,0.7696000000000001
XAIUSDT,2026-01-21 21:35:00,2026-01-21 22:10:00,0.01648,0.01584,-3.883,-1.942,Hard Stop,35.0,40.0,-1.5532000000000001
RENDERUSDT,2026-01-21 19:25:00,2026-01-21 23:25:00,2.023,2.003,-0.989,-0.494,Time Exit,240.0,40.0,-0.39559999999999995
PEPEUSDT,2026-01-21 19:30:00,2026-01-21 23:30:00,5.04e-06,5.19e-06,2.976,1.488,Ladder,240.0,40.0,1.1904
ONDOUSDT,2026-01-21 19:30:00,2026-01-21 23:30:00,0.3427,0.3425,-0.058,-0.029,Time Exit,240.0,100.0,-0.058
TIAUSDT,2026-01-21 19:30:00,2026-01-21 23:30:00,0.4778,0.4751,-0.565,-0.283,Time Exit,240.0,40.0,-0.22599999999999998
BOMEUSDT,2026-01-21 19:30:00,2026-01-21 23:30:00,0.000609,0.000615,0.985,0.493,Time Exit,240.0,40.0,0.39399999999999996
YGGUSDT,2026-01-22 00:10:00,2026-01-22 00:15:00,0.0664,0.064,-3.614,-1.807,Hard Stop,5.0,40.0,-1.4456
BIOUSDT,2026-01-22 10:05:00,2026-01-22 10:15:00,0.049,0.0477,-2.653,-1.327,Hard Stop,10.0,40.0,-1.0612000000000001
ZROUSDT,2026-01-22 07:45:00,2026-01-22 11:45:00,1.952,1.946,-0.307,-0.154,Time Exit,240.0,40.0,-0.12279999999999999
0GUSDT,2026-01-22 13:25:00,2026-01-22 13:55:00,0.844,0.848,0.474,0.237,Ladder,30.0,40.0,0.1896
KAITOUSDT,2026-01-23 01:05:00,2026-01-23 03:25:00,0.4462,0.422,-5.424,-2.712,Hard Stop,140.0,40.0,-2.1696
SANDUSDT,2026-01-23 13:45:00,2026-01-23 14:00:00,0.1673,0.1633,-2.391,-1.195,Hard Stop,15.0,40.0,-0.9564
PLUMEUSDT,2026-01-23 10:05:00,2026-01-23 14:05:00,0.01591,0.01627,2.263,1.131,Time Exit,240.0,40.0,0.9051999999999999
SLPUSDT,2026-01-23 16:10:00,2026-01-23 16:40:00,0.001138,0.001151,1.142,0.571,Ladder,30.0,40.0,0.4568
2ZUSDT,2026-01-23 15:45:00,2026-01-23 19:45:00,0.14439,0.14213,-1.565,-0.783,Time Exit,240.0,40.0,-0.626
ASTERUSDT,2026-01-23 17:20:00,2026-01-23 21:20:00,0.649,0.644,-0.77,-0.385,Time Exit,240.0,40.0,-0.308
NOMUSDT,2026-01-24 07:15:00,2026-01-24 07:20:00,0.00815,0.00789,-3.19,-1.595,Hard Stop,5.0,40.0,-1.2759999999999998
ZKCUSDT,2026-01-25 03:10:00,2026-01-25 04:00:00,0.126,0.1207,-4.206,-2.103,Hard Stop,50.0,40.0,-1.6824000000000003
SUPERUSDT,2026-01-25 01:05:00,2026-01-25 04:10:00,0.2211,0.205,-7.282,-3.641,Hard Stop,185.0,40.0,-2.9128
PHAUSDT,2026-01-25 03:55:00,2026-01-25 06:15:00,0.0408,0.0419,2.696,1.348,Ladder,140.0,40.0,1.0784
WLFIUSDT,2026-01-26 00:20:00,2026-01-26 00:40:00,0.174,0.1701,-2.241,-1.121,Hard Stop,20.0,40.0,-0.8964
MOVEUSDT,2026-01-26 04:10:00,2026-01-26 04:55:00,0.0353,0.0345,-2.266,-1.133,Hard Stop,45.0,40.0,-0.9064
MOVRUSDT,2026-01-26 07:00:00,2026-01-26 07:25:00,2.41,2.307,-4.274,-2.137,Hard Stop,25.0,40.0,-1.7096
AXSUSDT,2026-01-26 06:55:00,2026-01-26 07:40:00,2.214,2.262,2.168,1.084,Ladder,45.0,40.0,0.8672000000000001
RESOLVUSDT,2026-01-26 06:45:00,2026-01-26 08:45:00,0.1155,0.1257,8.831,4.416,ATR Trail,120.0,40.0,3.5324
DODOUSDT,2026-01-26 07:25:00,2026-01-26 10:55:00,0.0223,0.0189,-15.247,-7.623,Hard Stop,210.0,100.0,-15.247
HEIUSDT,2026-01-26 11:15:00,2026-01-26 11:25:00,0.1566,0.152,-2.937,-1.469,Hard Stop,10.0,40.0,-1.1747999999999998
JTOUSDT,2026-01-26 16:25:00,2026-01-26 20:15:00,0.353,0.342,-3.116,-1.558,Hard Stop,230.0,40.0,-1.2464
GLMRUSDT,2026-01-27 14:55:00,2026-01-27 15:25:00,0.0234,0.0219,-6.41,-3.205,Hard Stop,30.0,40.0,-2.564
PYTHUSDT,2026-01-27 15:45:00,2026-01-27 16:25:00,0.0623,0.0654,4.976,2.488,Ladder,40.0,40.0,1.9904
QNTUSDT,2026-01-27 16:40:00,2026-01-27 17:15:00,77.87,76.23,-2.106,-1.053,Hard Stop,35.0,40.0,-0.8423999999999999
币安人生USDT,2026-01-27 16:05:00,2026-01-27 17:55:00,0.1607,0.1551,-3.485,-1.742,Hard Stop,110.0,40.0,-1.394
KITEUSDT,2026-01-28 06:00:00,2026-01-28 06:25:00,0.1452,0.1434,-1.24,-0.62,Ladder,25.0,40.0,-0.496
SYNUSDT,2026-01-28 09:20:00,2026-01-28 12:30:00,0.0543,0.0602,10.866,5.433,ATR Trail,190.0,40.0,4.3464
0GUSDT,2026-01-28 14:00:00,2026-01-28 15:05:00,0.874,0.825,-5.606,-2.803,Hard Stop,65.0,40.0,-2.2424
WLDUSDT,2026-01-28 21:05:00,2026-01-28 21:15:00,0.5482,0.5109,-6.804,-3.402,Hard Stop,10.0,40.0,-2.7216
ZROUSDT,2026-01-29 06:35:00,2026-01-29 07:30:00,2.067,2.016,-2.467,-1.234,Hard Stop,55.0,40.0,-0.9868
AUDIOUSDT,2026-01-29 13:55:00,2026-01-29 14:10:00,0.0279,0.028,0.358,0.179,Ladder,15.0,40.0,0.1432
ENJUSDT,2026-01-29 13:55:00,2026-01-29 16:00:00,0.03109,0.02745,-11.708,-5.854,Hard Stop,125.0,40.0,-4.6832
TLMUSDT,2026-01-29 21:30:00,2026-01-29 21:50:00,0.002174,0.002478,13.983,6.992,ATR Trail,20.0,40.0,5.5932
BERAUSDT,2026-01-30 07:05:00,2026-01-30 07:40:00,0.631,0.599,-5.071,-2.536,Hard Stop,35.0,40.0,-2.0284
NOMUSDT,2026-01-30 10:50:00,2026-01-30 11:15:00,0.00968,0.00981,1.343,0.671,Ladder,25.0,40.0,0.5372
ZKCUSDT,2026-01-30 11:30:00,2026-01-30 12:00:00,0.1183,0.1216,2.79,1.395,Ladder,30.0,40.0,1.116
NMRUSDT,2026-01-30 15:40:00,2026-01-30 17:10:00,10.24,9.86,-3.711,-1.855,Hard Stop,90.0,40.0,-1.4844
XPLUSDT,2026-01-30 18:45:00,2026-01-30 21:40:00,0.1261,0.1225,-2.855,-1.427,Hard Stop,175.0,40.0,-1.142
PUMPUSDT,2026-01-30 18:45:00,2026-01-30 22:45:00,0.002835,0.002807,-0.988,-0.494,Time Exit,240.0,40.0,-0.3952
JASMYUSDT,2026-01-30 18:50:00,2026-01-30 22:50:00,0.00645,0.00649,0.62,0.31,Time Exit,240.0,40.0,0.248
ZKUSDT,2026-02-01 01:25:00,2026-02-01 01:55:00,0.02408,0.02512,4.319,2.159,ATR Trail,30.0,100.0,4.319
HEMIUSDT,2026-02-01 03:10:00,2026-02-01 03:55:00,0.01279,0.01315,2.815,1.407,Ladder,45.0,40.0,1.126
ARKUSDT,2026-02-01 13:05:00,2026-02-01 13:35:00,0.2307,0.3163,37.104,18.552,ATR Trail,30.0,40.0,14.8416
WLFIUSDT,2026-02-01 20:35:00,2026-02-01 23:45:00,0.1339,0.1298,-3.062,-1.531,Hard Stop,190.0,40.0,-1.2247999999999999
ZECUSDT,2026-02-02 00:15:00,2026-02-02 01:10:00,319.53,310.19,-2.923,-1.462,Hard Stop,55.0,40.0,-1.1692
LSKUSDT,2026-02-02 00:20:00,2026-02-02 02:55:00,0.15,0.147,-2.0,-1.0,Hard Stop,155.0,40.0,-0.8
KAITOUSDT,2026-02-02 00:15:00,2026-02-02 03:40:00,0.3648,0.3537,-3.043,-1.521,Hard Stop,205.0,40.0,-1.2172
STXUSDT,2026-02-02 03:45:00,2026-02-02 05:20:00,0.2577,0.2504,-2.833,-1.416,Hard Stop,95.0,40.0,-1.1332
AXSUSDT,2026-02-02 04:15:00,2026-02-02 05:20:00,1.768,1.692,-4.299,-2.149,Hard Stop,65.0,40.0,-1.7196
COTIUSDT,2026-02-02 03:45:00,2026-02-02 05:25:00,0.01419,0.0137,-3.453,-1.727,Hard Stop,100.0,40.0,-1.3812
VIRTUALUSDT,2026-02-02 03:45:00,2026-02-02 06:30:00,0.6315,0.6095,-3.484,-1.742,Hard Stop,165.0,40.0,-1.3936000000000002
PEOPLEUSDT,2026-02-02 03:45:00,2026-02-02 06:35:00,0.00754,0.00731,-3.05,-1.525,Hard Stop,170.0,40.0,-1.22
BOMEUSDT,2026-02-02 03:50:00,2026-02-02 06:35:00,0.000471,0.000453,-3.822,-1.911,Hard Stop,165.0,40.0,-1.5288000000000002
INJUSDT,2026-02-02 03:45:00,2026-02-02 07:45:00,3.574,3.575,0.028,0.014,Time Exit,240.0,40.0,0.011200000000000002
ALGOUSDT,2026-02-02 03:45:00,2026-02-02 07:45:00,0.1019,0.1021,0.196,0.098,Time Exit,240.0,40.0,0.0784
TRBUSDT,2026-02-02 03:45:00,2026-02-02 07:45:00,16.02,16.04,0.125,0.062,Time Exit,240.0,40.0,0.05
ORDIUSDT,2026-02-02 03:50:00,2026-02-02 07:50:00,3.085,3.073,-0.389,-0.194,Time Exit,240.0,40.0,-0.15560000000000002
ASTERUSDT,2026-02-02 06:45:00,2026-02-02 10:35:00,0.54,0.556,2.963,1.481,Ladder,230.0,40.0,1.1852
PENGUUSDT,2026-02-02 06:40:00,2026-02-02 10:40:00,0.007542,0.007639,1.286,0.643,Time Exit,240.0,40.0,0.5144
GIGGLEUSDT,2026-02-02 06:45:00,2026-02-02 10:45:00,36.21,36.64,1.188,0.594,Time Exit,240.0,40.0,0.4752
YGGUSDT,2026-02-02 06:45:00,2026-02-02 10:45:00,0.0461,0.0463,0.434,0.217,Time Exit,240.0,40.0,0.1736
JTOUSDT,2026-02-02 06:45:00,2026-02-02 10:45:00,0.2952,0.2909,-1.457,-0.728,Time Exit,240.0,40.0,-0.5828000000000001
BROCCOLI714USDT,2026-02-02 16:25:00,2026-02-02 16:55:00,0.01675,0.01625,-2.985,-1.493,Hard Stop,30.0,40.0,-1.194
ACTUSDT,2026-02-02 18:50:00,2026-02-02 19:05:00,0.0161,0.0156,-3.106,-1.553,Hard Stop,15.0,40.0,-1.2424
RESOLVUSDT,2026-02-02 20:30:00,2026-02-02 20:35:00,0.0865,0.0832,-3.815,-1.908,Hard Stop,5.0,40.0,-1.5259999999999998
SYNUSDT,2026-02-03 00:20:00,2026-02-03 00:40:00,0.0773,0.0742,-4.01,-2.005,Hard Stop,20.0,40.0,-1.6039999999999999
BATUSDT,2026-02-03 04:50:00,2026-02-03 06:05:00,0.1283,0.1256,-2.104,-1.052,Hard Stop,75.0,40.0,-0.8416
币安人生USDT,2026-02-03 08:00:00,2026-02-03 08:25:00,0.1338,0.1308,-2.242,-1.121,Hard Stop,25.0,40.0,-0.8967999999999999
ONDOUSDT,2026-02-03 15:25:00,2026-02-03 16:50:00,0.2901,0.2793,-3.723,-1.861,Hard Stop,85.0,100.0,-3.723
ICPUSDT,2026-02-03 19:10:00,2026-02-03 21:20:00,2.646,2.725,2.986,1.493,Ladder,130.0,40.0,1.1944000000000001
PEPEUSDT,2026-02-03 19:10:00,2026-02-03 21:25:00,4.17e-06,4.29e-06,2.878,1.439,Ladder,135.0,40.0,1.1512
WIFUSDT,2026-02-03 19:10:00,2026-02-03 21:25:00,0.251,0.258,2.789,1.394,Ladder,135.0,40.0,1.1156000000000001
NEARUSDT,2026-02-03 19:10:00,2026-02-03 21:30:00,1.168,1.202,2.911,1.455,Ladder,140.0,40.0,1.1644
ARBUSDT,2026-02-03 19:10:00,2026-02-03 21:35:00,0.1289,0.1326,2.87,1.435,Ladder,145.0,100.0,2.87
GALAUSDT,2026-02-03 19:10:00,2026-02-03 21:35:00,0.00469,0.00482,2.772,1.386,Ladder,145.0,40.0,1.1088
TIAUSDT,2026-02-03 19:10:00,2026-02-03 21:35:00,0.3661,0.3759,2.677,1.338,Ladder,145.0,40.0,1.0708000000000002
SANDUSDT,2026-02-03 19:10:00,2026-02-03 21:45:00,0.0977,0.1005,2.866,1.433,Ladder,155.0,40.0,1.1464
ETHFIUSDT,2026-02-03 19:10:00,2026-02-03 22:00:00,0.497,0.511,2.817,1.408,Ladder,170.0,40.0,1.1268
STRKUSDT,2026-02-03 19:10:00,2026-02-03 22:00:00,0.0555,0.057,2.703,1.351,Ladder,170.0,100.0,2.703
FILUSDT,2026-02-03 19:10:00,2026-02-03 22:05:00,1.051,1.077,2.474,1.237,Ladder,175.0,40.0,0.9896
EIGENUSDT,2026-02-03 19:10:00,2026-02-03 22:05:00,0.246,0.253,2.846,1.423,Ladder,175.0,40.0,1.1383999999999999
ENJUSDT,2026-02-03 19:10:00,2026-02-03 22:45:00,0.02362,0.02427,2.752,1.376,Ladder,215.0,40.0,1.1008
AAVEUSDT,2026-02-03 19:10:00,2026-02-03 23:10:00,125.5,125.33,-0.135,-0.068,Time Exit,240.0,100.0,-0.135
SEIUSDT,2026-02-03 19:10:00,2026-02-03 23:10:00,0.0865,0.0864,-0.116,-0.058,Time Exit,240.0,40.0,-0.0464
MOVEUSDT,2026-02-04 00:15:00,2026-02-04 04:15:00,0.0266,0.0263,-1.128,-0.564,Time Exit,240.0,40.0,-0.45119999999999993
0GUSDT,2026-02-04 07:45:00,2026-02-04 08:55:00,0.66,0.62,-6.061,-3.03,Hard Stop,70.0,40.0,-2.4244
ZAMAUSDT,2026-02-04 10:30:00,2026-02-04 11:50:00,0.03019,0.03103,2.782,1.391,Ladder,80.0,40.0,1.1128
BERAUSDT,2026-02-04 18:30:00,2026-02-04 22:30:00,0.435,0.44,1.149,0.575,Time Exit,240.0,40.0,0.4596
PUMPUSDT,2026-02-05 08:30:00,2026-02-05 11:20:00,0.002281,0.002237,-1.929,-0.964,Hard Stop,170.0,40.0,-0.7716000000000001
POLUSDT,2026-02-06 05:50:00,2026-02-06 06:25:00,0.1012,0.0973,-3.854,-1.927,Hard Stop,35.0,100.0,-3.8539999999999996
ZKUSDT,2026-02-06 07:20:00,2026-02-06 08:15:00,0.02377,0.02295,-3.45,-1.725,Hard Stop,55.0,100.0,-3.45
PROVEUSDT,2026-02-06 14:45:00,2026-02-06 15:05:00,0.3289,0.3793,15.324,7.662,ATR Trail,20.0,40.0,6.1296
ZROUSDT,2026-02-06 16:05:00,2026-02-06 16:50:00,1.645,1.693,2.918,1.459,Ladder,45.0,40.0,1.1672
XRPUSDT,2026-02-06 15:35:00,2026-02-06 18:05:00,1.5293,1.4602,-4.518,-2.259,Hard Stop,150.0,40.0,-1.8072
NOMUSDT,2026-02-07 00:05:00,2026-02-07 00:35:00,0.00643,0.00661,2.799,1.4,Ladder,30.0,40.0,1.1196000000000002
BCHUSDT,2026-02-06 22:35:00,2026-02-07 02:35:00,523.0,529.7,1.281,0.641,Time Exit,240.0,40.0,0.5124
ARKUSDT,2026-02-07 03:45:00,2026-02-07 03:50:00,0.2041,0.1938,-5.047,-2.523,Hard Stop,5.0,40.0,-2.0187999999999997
MAGICUSDT,2026-02-07 08:10:00,2026-02-07 08:20:00,0.0675,0.0642,-4.889,-2.444,Hard Stop,10.0,40.0,-1.9556
AUDIOUSDT,2026-02-07 13:30:00,2026-02-07 14:05:00,0.0225,0.0219,-2.667,-1.333,Hard Stop,35.0,40.0,-1.0668
RESOLVUSDT,2026-02-07 22:30:00,2026-02-07 22:55:00,0.0892,0.0861,-3.475,-1.738,Hard Stop,25.0,40.0,-1.3900000000000001
MUBARAKUSDT,2026-02-07 19:55:00,2026-02-07 23:55:00,0.01467,0.01435,-2.181,-1.091,Time Exit,240.0,40.0,-0.8724
LSKUSDT,2026-02-08 02:25:00,2026-02-08 03:00:00,0.148,0.148,0.0,0.0,Ladder,35.0,40.0,0.0
币安人生USDT,2026-02-08 15:10:00,2026-02-08 15:20:00,0.0985,0.0959,-2.64,-1.32,Hard Stop,10.0,40.0,-1.056
AXSUSDT,2026-02-09 01:25:00,2026-02-09 03:55:00,1.352,1.502,11.095,5.547,ATR Trail,150.0,40.0,4.438000000000001
HEMIUSDT,2026-02-09 12:05:00,2026-02-09 12:20:00,0.01171,0.01151,-1.708,-0.854,Hard Stop,15.0,40.0,-0.6831999999999999
ZKCUSDT,2026-02-09 17:25:00,2026-02-09 21:25:00,0.0895,0.0916,2.346,1.173,Time Exit,240.0,40.0,0.9384000000000001
KAITOUSDT,2026-02-10 13:00:00,2026-02-10 14:00:00,0.3402,0.3263,-4.086,-2.043,Hard Stop,60.0,40.0,-1.6344
BERAUSDT,2026-02-10 17:30:00,2026-02-10 21:30:00,0.522,0.493,-5.556,-2.778,Time Exit,240.0,40.0,-2.2224
NILUSDT,2026-02-11 09:15:00,2026-02-11 09:30:00,0.0538,0.0544,1.115,0.558,Ladder,15.0,40.0,0.446
UNIUSDT,2026-02-11 13:55:00,2026-02-11 14:20:00,3.394,4.129,21.656,10.828,ATR Trail,25.0,100.0,21.656
AAVEUSDT,2026-02-11 14:05:00,2026-02-11 14:30:00,111.97,108.92,-2.724,-1.362,Hard Stop,25.0,100.0,-2.724
PLUMEUSDT,2026-02-11 14:10:00,2026-02-11 14:30:00,0.01108,0.01073,-3.159,-1.579,Hard Stop,20.0,40.0,-1.2636
MINAUSDT,2026-02-11 18:20:00,2026-02-11 19:50:00,0.0677,0.0658,-2.806,-1.403,Hard Stop,90.0,40.0,-1.1224
JASMYUSDT,2026-02-11 21:25:00,2026-02-11 22:15:00,0.00608,0.00585,-3.783,-1.891,Hard Stop,50.0,40.0,-1.5132
SAGAUSDT,2026-02-11 23:00:00,2026-02-11 23:15:00,0.0347,0.0321,-7.493,-3.746,Hard Stop,15.0,40.0,-2.9972
DODOUSDT,2026-02-12 03:50:00,2026-02-12 04:50:00,0.0149,0.0147,-1.342,-0.671,Hard Stop,60.0,100.0,-1.342
0GUSDT,2026-02-12 02:45:00,2026-02-12 05:15:00,0.639,0.656,2.66,1.33,Ladder,150.0,40.0,1.064
MOVEUSDT,2026-02-12 08:35:00,2026-02-12 08:55:00,0.0257,0.0279,8.56,4.28,ATR Trail,20.0,40.0,3.4240000000000004
XPLUSDT,2026-02-12 05:05:00,2026-02-12 09:05:00,0.0937,0.0927,-1.067,-0.534,Time Exit,240.0,40.0,-0.42679999999999996
MAGICUSDT,2026-02-12 08:35:00,2026-02-12 09:05:00,0.0733,0.0729,-0.546,-0.273,Ladder,30.0,40.0,-0.2184
ZAMAUSDT,2026-02-13 08:25:00,2026-02-13 10:00:00,0.018,0.01756,-2.444,-1.222,Hard Stop,95.0,40.0,-0.9776
PYTHUSDT,2026-02-13 15:05:00,2026-02-13 15:40:00,0.0503,0.0489,-2.783,-1.392,Hard Stop,35.0,40.0,-1.1132
ZECUSDT,2026-02-13 18:20:00,2026-02-13 20:05:00,269.49,276.91,2.753,1.377,Ladder,105.0,40.0,1.1012000000000002
KITEUSDT,2026-02-14 00:15:00,2026-02-14 01:00:00,0.2341,0.2266,-3.204,-1.602,Hard Stop,45.0,40.0,-1.2816
MUBARAKUSDT,2026-02-13 23:00:00,2026-02-14 03:00:00,0.01693,0.01712,1.122,0.561,Time Exit,240.0,40.0,0.44880000000000003
MORPHOUSDT,2026-02-14 01:25:00,2026-02-14 05:25:00,1.269,1.223,-3.625,-1.812,Time Exit,240.0,100.0,-3.6249999999999996
PENDLEUSDT,2026-02-14 08:10:00,2026-02-14 08:20:00,1.336,1.278,-4.341,-2.171,Hard Stop,10.0,100.0,-4.341
HEMIUSDT,2026-02-14 13:05:00,2026-02-14 13:25:00,0.01052,0.01025,-2.567,-1.283,Hard Stop,20.0,40.0,-1.0268000000000002
SLPUSDT,2026-02-14 15:30:00,2026-02-14 15:40:00,0.000755,0.000726,-3.841,-1.921,Hard Stop,10.0,40.0,-1.5364
币安人生USDT,2026-02-14 14:45:00,2026-02-14 16:20:00,0.1111,0.1085,-2.34,-1.17,Hard Stop,95.0,40.0,-0.9359999999999999
BROCCOLI714USDT,2026-02-14 17:50:00,2026-02-14 21:30:00,0.0161,0.01547,-3.913,-1.957,Hard Stop,220.0,40.0,-1.5652
LUNCUSDT,2026-02-15 09:45:00,2026-02-15 10:10:00,3.705e-05,3.589e-05,-3.131,-1.565,Hard Stop,25.0,40.0,-1.2524
ALICEUSDT,2026-02-15 17:40:00,2026-02-15 17:45:00,0.1162,0.1139,-1.979,-0.99,Hard Stop,5.0,40.0,-0.7916000000000001
HUMAUSDT,2026-02-15 17:35:00,2026-02-15 17:55:00,0.01411,0.01381,-2.126,-1.063,Hard Stop,20.0,40.0,-0.8503999999999999
TLMUSDT,2026-02-15 17:35:00,2026-02-15 18:00:00,0.002069,0.001937,-6.38,-3.19,Hard Stop,25.0,40.0,-2.5519999999999996
ACEUSDT,2026-02-15 17:35:00,2026-02-15 18:25:00,0.179,0.174,-2.793,-1.397,Hard Stop,50.0,40.0,-1.1172
WLFIUSDT,2026-02-15 19:20:00,2026-02-15 19:25:00,0.1052,0.1018,-3.232,-1.616,Hard Stop,5.0,40.0,-1.2928000000000002
XAIUSDT,2026-02-15 20:05:00,2026-02-15 20:10:00,0.01191,0.0114,-4.282,-2.141,Hard Stop,5.0,40.0,-1.7127999999999999
GLMRUSDT,2026-02-15 19:05:00,2026-02-15 20:50:00,0.0157,0.0145,-7.643,-3.822,Hard Stop,105.0,40.0,-3.0572
TRUMPUSDT,2026-02-16 00:05:00,2026-02-16 00:20:00,3.554,3.473,-2.279,-1.14,Hard Stop,15.0,40.0,-0.9116
SUPERUSDT,2026-02-16 00:15:00,2026-02-16 00:35:00,0.1336,0.1427,6.811,3.406,ATR Trail,20.0,40.0,2.7244
TAOUSDT,2026-02-16 05:00:00,2026-02-16 07:25:00,203.0,192.5,-5.172,-2.586,Hard Stop,145.0,40.0,-2.0688
NOMUSDT,2026-02-16 15:55:00,2026-02-16 16:35:00,0.00594,0.00564,-5.051,-2.525,Hard Stop,40.0,40.0,-2.0204
PROMUSDT,2026-02-16 18:10:00,2026-02-16 18:20:00,1.562,1.503,-3.777,-1.889,Hard Stop,10.0,40.0,-1.5108
RAYUSDT,2026-02-17 07:50:00,2026-02-17 08:25:00,0.71,0.729,2.676,1.338,Ladder,35.0,40.0,1.0704
BERAUSDT,2026-02-17 08:25:00,2026-02-17 10:00:00,0.696,0.712,2.299,1.149,Ladder,95.0,40.0,0.9196
JTOUSDT,2026-02-17 11:05:00,2026-02-17 12:20:00,0.2982,0.3642,22.133,11.066,ATR Trail,75.0,40.0,8.8532
COTIUSDT,2026-02-17 12:10:00,2026-02-17 12:20:00,0.01356,0.01391,2.581,1.291,Ladder,10.0,40.0,1.0324
MAGICUSDT,2026-02-17 11:25:00,2026-02-17 12:55:00,0.0765,0.0785,2.614,1.307,Ladder,90.0,40.0,1.0456
TOWNSUSDT,2026-02-17 16:05:00,2026-02-17 16:15:00,0.00437,0.0042,-3.89,-1.945,Hard Stop,10.0,40.0,-1.556
PUMPUSDT,2026-02-17 15:05:00,2026-02-17 19:05:00,0.00224,0.002284,1.964,0.982,Time Exit,240.0,40.0,0.7856000000000001
NILUSDT,2026-02-18 14:45:00,2026-02-18 18:45:00,0.0564,0.0554,-1.773,-0.887,Time Exit,240.0,40.0,-0.7091999999999999
INJUSDT,2026-02-19 01:45:00,2026-02-19 02:00:00,3.778,3.386,-10.376,-5.188,Hard Stop,15.0,40.0,-4.150399999999999
ZROUSDT,2026-02-19 17:15:00,2026-02-19 17:50:00,1.463,1.431,-2.187,-1.094,Hard Stop,35.0,40.0,-0.8747999999999999
MUBARAKUSDT,2026-02-20 02:10:00,2026-02-20 03:00:00,0.01733,0.01682,-2.943,-1.471,Hard Stop,50.0,40.0,-1.1772
AXSUSDT,2026-02-20 00:00:00,2026-02-20 04:00:00,1.328,1.332,0.301,0.151,Time Exit,240.0,40.0,0.12040000000000001
0GUSDT,2026-02-20 00:15:00,2026-02-20 04:15:00,0.653,0.652,-0.153,-0.077,Time Exit,240.0,40.0,-0.0612
DODOUSDT,2026-02-20 03:30:00,2026-02-20 06:25:00,0.0157,0.0154,-1.911,-0.955,Hard Stop,175.0,100.0,-1.9110000000000003
ZKCUSDT,2026-02-20 03:30:00,2026-02-20 07:30:00,0.0939,0.093,-0.958,-0.479,Time Exit,240.0,40.0,-0.3832
BIOUSDT,2026-02-20 07:10:00,2026-02-20 08:05:00,0.0283,0.0287,1.413,0.707,Ladder,55.0,40.0,0.5652
RESOLVUSDT,2026-02-20 07:40:00,2026-02-20 11:40:00,0.0647,0.0653,0.927,0.464,Time Exit,240.0,40.0,0.3708
MORPHOUSDT,2026-02-20 09:30:00,2026-02-20 13:30:00,1.543,1.495,-3.111,-1.555,Hard Stop,240.0,100.0,-3.111
ZAMAUSDT,2026-02-20 12:15:00,2026-02-20 14:50:00,0.02126,0.02186,2.822,1.411,Ladder,155.0,40.0,1.1288
BCHUSDT,2026-02-20 16:00:00,2026-02-20 20:00:00,560.7,560.5,-0.036,-0.018,Time Exit,240.0,40.0,-0.0144
YGGUSDT,2026-02-21 00:00:00,2026-02-21 01:25:00,0.046,0.0481,4.565,2.283,Ladder,85.0,40.0,1.826
ACEUSDT,2026-02-21 03:25:00,2026-02-21 04:20:00,0.168,0.165,-1.786,-0.893,Hard Stop,55.0,40.0,-0.7144
ETCUSDT,2026-02-21 08:55:00,2026-02-21 12:55:00,9.65,9.56,-0.933,-0.466,Time Exit,240.0,40.0,-0.3732
HUMAUSDT,2026-02-21 18:10:00,2026-02-21 18:20:00,0.01391,0.01342,-3.523,-1.761,Hard Stop,10.0,40.0,-1.4092000000000002
VTHOUSDT,2026-02-22 00:00:00,2026-02-22 01:05:00,0.000732,0.00068,-7.104,-3.552,Hard Stop,65.0,40.0,-2.8416
WLFIUSDT,2026-02-22 20:30:00,2026-02-22 20:50:00,0.1198,0.1156,-3.506,-1.753,Hard Stop,20.0,40.0,-1.4024
PROMUSDT,2026-02-23 01:10:00,2026-02-23 01:35:00,1.295,1.261,-2.625,-1.313,Hard Stop,25.0,40.0,-1.05
ZECUSDT,2026-02-23 06:00:00,2026-02-23 10:00:00,245.48,250.02,1.849,0.925,Time Exit,240.0,40.0,0.7396
PENDLEUSDT,2026-02-23 13:40:00,2026-02-23 14:20:00,1.223,1.202,-1.717,-0.859,Hard Stop,40.0,100.0,-1.717
COTIUSDT,2026-02-23 18:40:00,2026-02-23 19:05:00,0.01219,0.01234,1.231,0.615,Ladder,25.0,40.0,0.49240000000000006
币安人生USDT,2026-02-24 02:25:00,2026-02-24 02:45:00,0.0615,0.0595,-3.252,-1.626,Hard Stop,20.0,40.0,-1.3008
GLMRUSDT,2026-02-24 11:35:00,2026-02-24 12:40:00,0.0123,0.0118,-4.065,-2.033,Hard Stop,65.0,40.0,-1.6260000000000003
PORTALUSDT,2026-02-24 20:35:00,2026-02-24 20:50:00,0.01403,0.01306,-6.914,-3.457,Hard Stop,15.0,40.0,-2.7655999999999996
AUDIOUSDT,2026-02-24 21:30:00,2026-02-24 21:35:00,0.0211,0.0206,-2.37,-1.185,Hard Stop,5.0,40.0,-0.9480000000000001
WIFUSDT,2026-02-25 01:10:00,2026-02-25 03:10:00,0.202,0.197,-2.475,-1.238,Hard Stop,120.0,40.0,-0.99
PUMPUSDT,2026-02-25 01:10:00,2026-02-25 03:15:00,0.00177,0.001724,-2.599,-1.299,Hard Stop,125.0,40.0,-1.0396
INJUSDT,2026-02-25 01:10:00,2026-02-25 03:15:00,3.232,3.18,-1.609,-0.804,Hard Stop,125.0,40.0,-0.6436
BONKUSDT,2026-02-25 01:10:00,2026-02-25 03:15:00,5.93e-06,5.84e-06,-1.518,-0.759,Hard Stop,125.0,40.0,-0.6072000000000001
PEPEUSDT,2026-02-25 01:10:00,2026-02-25 03:20:00,4.1e-06,4.01e-06,-2.195,-1.098,Hard Stop,130.0,40.0,-0.8779999999999999
EIGENUSDT,2026-02-25 01:10:00,2026-02-25 03:20:00,0.199,0.193,-3.015,-1.508,Hard Stop,130.0,40.0,-1.206
ACTUSDT,2026-02-25 01:10:00,2026-02-25 03:25:00,0.0142,0.0139,-2.113,-1.056,Hard Stop,135.0,40.0,-0.8452
ENAUSDT,2026-02-25 01:10:00,2026-02-25 03:55:00,0.1012,0.0997,-1.482,-0.741,Hard Stop,165.0,40.0,-0.5928
TIAUSDT,2026-02-25 01:10:00,2026-02-25 04:00:00,0.3112,0.3056,-1.799,-0.9,Hard Stop,170.0,40.0,-0.7196
AAVEUSDT,2026-02-25 01:10:00,2026-02-25 05:10:00,118.38,117.87,-0.431,-0.215,Time Exit,240.0,100.0,-0.43099999999999994
UNIUSDT,2026-02-25 01:10:00,2026-02-25 05:10:00,3.467,3.493,0.75,0.375,Time Exit,240.0,100.0,0.75
GTCUSDT,2026-02-25 01:10:00,2026-02-25 05:10:00,0.089,0.089,0.0,0.0,Time Exit,240.0,40.0,0.0
PENGUUSDT,2026-02-25 01:10:00,2026-02-25 05:10:00,0.006649,0.006635,-0.211,-0.105,Time Exit,240.0,40.0,-0.0844
ETHFIUSDT,2026-02-25 01:10:00,2026-02-25 05:10:00,0.514,0.509,-0.973,-0.486,Time Exit,240.0,40.0,-0.3892
VIRTUALUSDT,2026-02-25 01:10:00,2026-02-25 05:35:00,0.6231,0.641,2.873,1.436,Ladder,265.0,40.0,1.1492
DEXEUSDT,2026-02-25 15:05:00,2026-02-25 15:20:00,3.532,3.351,-5.125,-2.562,Hard Stop,15.0,40.0,-2.05
METUSDT,2026-02-25 17:25:00,2026-02-25 17:45:00,0.1942,0.1899,-2.214,-1.107,Hard Stop,20.0,40.0,-0.8855999999999999
SYNUSDT,2026-02-25 19:40:00,2026-02-25 20:10:00,0.0516,0.0505,-2.132,-1.066,Hard Stop,30.0,40.0,-0.8528000000000001
APTUSDT,2026-02-25 20:25:00,2026-02-25 21:00:00,1.084,1.039,-4.151,-2.076,Hard Stop,35.0,40.0,-1.6603999999999999
ARUSDT,2026-02-25 17:10:00,2026-02-25 21:10:00,1.97,1.89,-4.061,-2.03,Time Exit,240.0,40.0,-1.6244
SAGAUSDT,2026-02-25 18:10:00,2026-02-25 22:10:00,0.0322,0.0321,-0.311,-0.155,Time Exit,240.0,40.0,-0.1244
GIGGLEUSDT,2026-02-25 21:50:00,2026-02-25 22:35:00,28.3,28.91,2.155,1.078,Ladder,45.0,40.0,0.862
NILUSDT,2026-02-26 19:00:00,2026-02-26 19:20:00,0.0563,0.0528,-6.217,-3.108,Hard Stop,20.0,40.0,-2.4867999999999997
ZKCUSDT,2026-02-26 19:05:00,2026-02-26 19:40:00,0.0868,0.0889,2.419,1.21,Ladder,35.0,40.0,0.9676
LUNCUSDT,2026-02-27 03:15:00,2026-02-27 05:20:00,4.255e-05,4.496e-05,5.664,2.832,ATR Trail,125.0,40.0,2.2656
ACEUSDT,2026-02-27 15:00:00,2026-02-27 15:10:00,0.161,0.157,-2.484,-1.242,Hard Stop,10.0,40.0,-0.9936
ALICEUSDT,2026-02-27 17:05:00,2026-02-27 17:30:00,0.1192,0.1397,17.198,8.599,ATR Trail,25.0,40.0,6.8792
TLMUSDT,2026-02-27 17:15:00,2026-02-27 17:30:00,0.001691,0.001718,1.597,0.798,Ladder,15.0,40.0,0.6387999999999999
XAIUSDT,2026-02-27 18:10:00,2026-02-27 18:30:00,0.01017,0.00976,-4.031,-2.016,Hard Stop,20.0,40.0,-1.6124
MOVRUSDT,2026-02-27 20:10:00,2026-02-27 20:20:00,1.315,1.295,-1.521,-0.76,Hard Stop,10.0,40.0,-0.6083999999999999
0GUSDT,2026-02-28 06:10:00,2026-02-28 06:15:00,0.652,0.63,-3.374,-1.687,Hard Stop,5.0,40.0,-1.3496
BERAUSDT,2026-02-28 15:30:00,2026-02-28 15:55:00,0.618,0.605,-2.104,-1.052,Hard Stop,25.0,40.0,-0.8416
XPLUSDT,2026-02-28 19:35:00,2026-02-28 23:25:00,0.0977,0.1006,2.968,1.484,Ladder,230.0,40.0,1.1871999999999998
HUMAUSDT,2026-02-28 23:45:00,2026-03-01 00:15:00,0.01352,0.01279,-5.399,-2.7,Hard Stop,30.0,40.0,-2.1596
ZROUSDT,2026-02-28 23:45:00,2026-03-01 03:45:00,1.795,1.823,1.56,0.78,Time Exit,240.0,40.0,0.624
FORMUSDT,2026-03-01 10:10:00,2026-03-01 10:20:00,0.2049,0.1976,-3.563,-1.781,Hard Stop,10.0,40.0,-1.4252
DODOUSDT,2026-03-01 17:30:00,2026-03-01 17:55:00,0.0148,0.0151,2.027,1.014,Ladder,25.0,100.0,2.027
PHAUSDT,2026-03-02 06:30:00,2026-03-02 06:55:00,0.0244,0.0235,-3.689,-1.844,Hard Stop,25.0,40.0,-1.4756
YGGUSDT,2026-03-02 11:10:00,2026-03-02 11:15:00,0.0413,0.0401,-2.906,-1.453,Hard Stop,5.0,40.0,-1.1624
PENGUUSDT,2026-03-02 16:45:00,2026-03-02 17:10:00,0.007635,0.007313,-4.217,-2.109,Hard Stop,25.0,40.0,-1.6867999999999999
MUBARAKUSDT,2026-03-02 14:35:00,2026-03-02 18:35:00,0.01383,0.01398,1.085,0.542,Time Exit,240.0,40.0,0.434
NEARUSDT,2026-03-02 16:15:00,2026-03-02 20:15:00,1.336,1.318,-1.347,-0.674,Time Exit,240.0,40.0,-0.5388
ENAUSDT,2026-03-02 16:40:00,2026-03-02 20:40:00,0.1147,0.1174,2.354,1.177,Time Exit,240.0,40.0,0.9416000000000001
ARKUSDT,2026-03-03 02:25:00,2026-03-03 02:45:00,0.188,0.1812,-3.617,-1.809,Hard Stop,20.0,40.0,-1.4468
BIOUSDT,2026-03-03 03:30:00,2026-03-03 03:55:00,0.0215,0.0209,-2.791,-1.395,Hard Stop,25.0,40.0,-1.1164
LSKUSDT,2026-03-03 00:35:00,2026-03-03 04:35:00,0.133,0.134,0.752,0.376,Time Exit,240.0,40.0,0.3008
GLMRUSDT,2026-03-03 15:00:00,2026-03-03 19:00:00,0.0123,0.0122,-0.813,-0.407,Time Exit,240.0,40.0,-0.3252
KITEUSDT,2026-03-03 17:10:00,2026-03-03 21:10:00,0.2249,0.2278,1.289,0.645,Time Exit,240.0,40.0,0.5156
GIGGLEUSDT,2026-03-04 12:10:00,2026-03-04 16:10:00,31.49,30.72,-2.445,-1.223,Time Exit,240.0,40.0,-0.978
NILUSDT,2026-03-05 09:50:00,2026-03-05 13:50:00,0.0537,0.053,-1.304,-0.652,Time Exit,240.0,40.0,-0.5216000000000001
RESOLVUSDT,2026-03-04 22:05:00,2026-03-05 14:05:00,0.062,0.0671,8.226,4.113,ATR Trail,960.0,40.0,3.2904000000000004
AUDIOUSDT,2026-03-05 17:40:00,2026-03-05 18:05:00,0.0203,0.02402,18.325,9.163,ATR Trail,25.0,40.0,7.33
MAGICUSDT,2026-03-05 20:45:00,2026-03-05 22:10:00,0.0674,0.0644,-4.451,-2.226,Hard Stop,85.0,40.0,-1.7803999999999998
TOWNSUSDT,2026-03-06 00:35:00,2026-03-06 03:30:00,0.00384,0.00369,-3.906,-1.953,Hard Stop,175.0,40.0,-1.5624000000000002
BICOUSDT,2026-03-06 04:40:00,2026-03-06 05:00:00,0.0228,0.0234,2.632,1.316,Ladder,20.0,40.0,1.0528
PLUMEUSDT,2026-03-06 07:40:00,2026-03-06 08:35:00,0.01135,0.01173,3.348,1.674,Ladder,55.0,40.0,1.3392
HUMAUSDT,2026-03-06 08:30:00,2026-03-06 10:40:00,0.02072,0.02129,2.751,1.375,Ladder,130.0,40.0,1.1004
SPKUSDT,2026-03-06 20:10:00,2026-03-06 20:35:00,0.020366,0.019926,-2.16,-1.08,Hard Stop,25.0,40.0,-0.8640000000000001
币安人生USDT,2026-03-07 00:20:00,2026-03-07 01:20:00,0.0652,0.063,-3.374,-1.687,Hard Stop,60.0,40.0,-1.3496
BROCCOLI714USDT,2026-03-07 03:15:00,2026-03-07 03:40:00,0.01391,0.01334,-4.098,-2.049,Hard Stop,25.0,40.0,-1.6391999999999998
OPNUSDT,2026-03-07 14:50:00,2026-03-07 15:10:00,0.3275,0.3148,-3.878,-1.939,Hard Stop,20.0,40.0,-1.5512000000000001
MOVRUSDT,2026-03-07 17:55:00,2026-03-07 18:15:00,1.357,1.396,2.874,1.437,Ladder,20.0,40.0,1.1496
DODOUSDT,2026-03-08 01:35:00,2026-03-08 02:20:00,0.01494,0.0144,-3.614,-1.807,Hard Stop,45.0,100.0,-3.614
HEIUSDT,2026-03-08 07:50:00,2026-03-08 08:30:00,0.0771,0.0758,-1.686,-0.843,Hard Stop,40.0,40.0,-0.6744
TLMUSDT,2026-03-08 13:45:00,2026-03-08 14:00:00,0.001743,0.001676,-3.844,-1.922,Hard Stop,15.0,40.0,-1.5376
PHAUSDT,2026-03-08 13:45:00,2026-03-08 15:30:00,0.036,0.0348,-3.333,-1.667,Hard Stop,105.0,40.0,-1.3332
PORTALUSDT,2026-03-09 02:30:00,2026-03-09 02:40:00,0.01243,0.012,-3.459,-1.73,Hard Stop,10.0,40.0,-1.3836000000000002
ILVUSDT,2026-03-09 00:35:00,2026-03-09 04:35:00,3.95,3.83,-3.038,-1.519,Time Exit,240.0,40.0,-1.2151999999999998
ALICEUSDT,2026-03-09 09:50:00,2026-03-09 10:55:00,0.1264,0.1234,-2.373,-1.187,Hard Stop,65.0,40.0,-0.9492
SLPUSDT,2026-03-09 12:20:00,2026-03-09 12:45:00,0.000557,0.000557,0.0,0.0,Ladder,25.0,40.0,0.0
DYDXUSDT,2026-03-09 19:25:00,2026-03-09 19:35:00,0.0855,0.0835,-2.339,-1.17,Hard Stop,10.0,40.0,-0.9356
SUIUSDT,2026-03-09 19:25:00,2026-03-09 19:40:00,0.9835,0.9667,-1.708,-0.854,Hard Stop,15.0,40.0,-0.6831999999999999
TUTUSDT,2026-03-10 03:00:00,2026-03-10 03:40:00,0.01186,0.01147,-3.288,-1.644,Hard Stop,40.0,40.0,-1.3152
ACEUSDT,2026-03-10 19:20:00,2026-03-10 19:30:00,0.152,0.146,-3.947,-1.974,Hard Stop,10.0,40.0,-1.5788
XAIUSDT,2026-03-10 18:40:00,2026-03-10 19:45:00,0.0113,0.01013,-10.354,-5.177,Hard Stop,65.0,40.0,-4.1415999999999995
VTHOUSDT,2026-03-11 03:20:00,2026-03-11 04:00:00,0.000659,0.00062,-5.918,-2.959,Hard Stop,40.0,40.0,-2.3672
ICPUSDT,2026-03-11 06:00:00,2026-03-11 06:40:00,2.563,2.637,2.887,1.444,Ladder,40.0,40.0,1.1548
PUMPUSDT,2026-03-11 13:35:00,2026-03-11 13:45:00,0.002079,0.002025,-2.597,-1.299,Hard Stop,10.0,40.0,-1.0388
TOWNSUSDT,2026-03-11 15:30:00,2026-03-11 15:45:00,0.00375,0.00429,14.4,7.2,ATR Trail,15.0,40.0,5.760000000000001
HUMAUSDT,2026-03-11 13:35:00,2026-03-11 16:00:00,0.0205,0.02058,0.39,0.195,Ladder,145.0,40.0,0.156
RESOLVUSDT,2026-03-11 13:30:00,2026-03-11 17:00:00,0.1226,0.116,-5.383,-2.692,Hard Stop,210.0,40.0,-2.1532
GTCUSDT,2026-03-11 18:05:00,2026-03-11 19:10:00,0.088,0.093,5.682,2.841,ATR Trail,65.0,40.0,2.2728
GLMRUSDT,2026-03-11 19:30:00,2026-03-11 19:45:00,0.0131,0.0124,-5.344,-2.672,Hard Stop,15.0,40.0,-2.1376
HEMIUSDT,2026-03-12 07:40:00,2026-03-12 07:45:00,0.00848,0.00827,-2.476,-1.238,Hard Stop,5.0,40.0,-0.9904000000000001
SCRUSDT,2026-03-12 09:40:00,2026-03-12 09:45:00,0.04288,0.04225,-1.469,-0.735,Hard Stop,5.0,40.0,-0.5876000000000001
TRUMPUSDT,2026-03-12 19:15:00,2026-03-12 19:45:00,2.943,3.022,2.684,1.342,Ladder,30.0,40.0,1.0736
GRTUSDT,2026-03-12 19:20:00,2026-03-12 21:10:00,0.02795,0.02865,2.504,1.252,Ladder,110.0,40.0,1.0016
BROCCOLI714USDT,2026-03-12 17:40:00,2026-03-12 21:40:00,0.01377,0.01394,1.235,0.617,Time Exit,240.0,40.0,0.49400000000000005
FETUSDT,2026-03-13 00:15:00,2026-03-13 04:50:00,0.1821,0.1874,2.91,1.455,Ladder,275.0,40.0,1.1640000000000001
NIGHTUSDT,2026-03-13 04:45:00,2026-03-13 06:25:00,0.05452,0.05333,-2.183,-1.091,Hard Stop,100.0,40.0,-0.8732
DEXEUSDT,2026-03-13 08:45:00,2026-03-13 12:45:00,4.779,4.772,-0.146,-0.073,Time Exit,240.0,40.0,-0.058399999999999994
PHAUSDT,2026-03-13 17:00:00,2026-03-13 17:55:00,0.0355,0.0364,2.535,1.268,Ladder,55.0,40.0,1.014
TLMUSDT,2026-03-13 19:45:00,2026-03-13 20:50:00,0.001904,0.002045,7.405,3.703,ATR Trail,65.0,40.0,2.962
AXSUSDT,2026-03-14 08:10:00,2026-03-14 08:50:00,1.285,1.245,-3.113,-1.556,Hard Stop,40.0,40.0,-1.2452
SPKUSDT,2026-03-14 20:05:00,2026-03-14 20:15:00,0.025019,0.025654,2.538,1.269,Ladder,10.0,40.0,1.0152
AUDIOUSDT,2026-03-14 20:20:00,2026-03-14 20:50:00,0.02095,0.02304,9.976,4.988,ATR Trail,30.0,40.0,3.9904000000000006
SLPUSDT,2026-03-15 00:45:00,2026-03-15 01:00:00,0.000633,0.000604,-4.581,-2.291,Hard Stop,15.0,40.0,-1.8324000000000003
YGGUSDT,2026-03-15 00:00:00,2026-03-15 04:00:00,0.04323,0.04207,-2.683,-1.342,Time Exit,240.0,40.0,-1.0732
ZENUSDT,2026-03-15 04:55:00,2026-03-15 05:50:00,5.975,6.151,2.946,1.473,Ladder,55.0,40.0,1.1784
BERAUSDT,2026-03-15 07:45:00,2026-03-15 08:15:00,0.692,0.67,-3.179,-1.59,Hard Stop,30.0,40.0,-1.2715999999999998
NEOUSDT,2026-03-15 10:30:00,2026-03-15 11:50:00,2.862,3.086,7.827,3.913,ATR Trail,80.0,40.0,3.1308000000000002
ZKCUSDT,2026-03-15 10:50:00,2026-03-15 14:05:00,0.0865,0.0846,-2.197,-1.098,Hard Stop,195.0,40.0,-0.8788
CAKEUSDT,2026-03-15 13:15:00,2026-03-15 17:15:00,1.418,1.466,3.385,1.693,Time Exit,240.0,40.0,1.3539999999999999
DODOUSDT,2026-03-15 13:25:00,2026-03-15 17:25:00,0.01587,0.0159,0.189,0.095,Time Exit,240.0,100.0,0.189
HEIUSDT,2026-03-15 19:10:00,2026-03-15 19:15:00,0.0917,0.0877,-4.362,-2.181,Hard Stop,5.0,40.0,-1.7448
EIGENUSDT,2026-03-15 17:15:00,2026-03-15 21:15:00,0.217,0.216,-0.461,-0.23,Time Exit,240.0,40.0,-0.1844
ZECUSDT,2026-03-15 21:50:00,2026-03-15 22:10:00,236.21,230.19,-2.549,-1.274,Hard Stop,20.0,40.0,-1.0196
TUTUSDT,2026-03-16 03:05:00,2026-03-16 03:55:00,0.01147,0.01103,-3.836,-1.918,Hard Stop,50.0,40.0,-1.5344
MOVEUSDT,2026-03-16 11:25:00,2026-03-16 11:30:00,0.0224,0.022,-1.786,-0.893,Hard Stop,5.0,40.0,-0.7144
ILVUSDT,2026-03-16 08:25:00,2026-03-16 12:25:00,4.14,4.16,0.483,0.242,Time Exit,240.0,40.0,0.1932
XPLUSDT,2026-03-16 21:50:00,2026-03-16 22:20:00,0.1253,0.1216,-2.953,-1.476,Hard Stop,30.0,40.0,-1.1811999999999998
SKYUSDT,2026-03-17 01:10:00,2026-03-17 05:10:00,0.07913,0.07917,0.051,0.025,Time Exit,240.0,40.0,0.020399999999999998
IMXUSDT,2026-03-17 08:10:00,2026-03-17 08:35:00,0.1926,0.1824,-5.296,-2.648,Hard Stop,25.0,40.0,-2.1184
ENJUSDT,2026-03-17 12:40:00,2026-03-17 12:50:00,0.02041,0.0215,5.341,2.67,ATR Trail,10.0,40.0,2.1364
TOWNSUSDT,2026-03-17 13:30:00,2026-03-17 13:35:00,0.00437,0.00422,-3.432,-1.716,Hard Stop,5.0,40.0,-1.3727999999999998
COTIUSDT,2026-03-17 22:20:00,2026-03-17 22:30:00,0.01491,0.01407,-5.634,-2.817,Hard Stop,10.0,40.0,-2.2536
GIGGLEUSDT,2026-03-18 12:25:00,2026-03-18 14:00:00,28.28,27.25,-3.642,-1.821,Hard Stop,95.0,40.0,-1.4568
GTCUSDT,2026-03-18 16:50:00,2026-03-18 17:00:00,0.093,0.096,3.226,1.613,Ladder,10.0,40.0,1.2904
MUBARAKUSDT,2026-03-18 16:50:00,2026-03-18 17:00:00,0.01569,0.0153,-2.486,-1.243,Hard Stop,10.0,40.0,-0.9944000000000002
KITEUSDT,2026-03-18 16:30:00,2026-03-18 18:00:00,0.2044,0.1962,-4.012,-2.006,Hard Stop,90.0,40.0,-1.6047999999999998
OPNUSDT,2026-03-19 19:10:00,2026-03-19 22:30:00,0.2995,0.2912,-2.771,-1.386,Hard Stop,200.0,40.0,-1.1084
MORPHOUSDT,2026-03-19 20:35:00,2026-03-20 00:35:00,1.752,1.755,0.171,0.086,Time Exit,240.0,100.0,0.171
NILUSDT,2026-03-20 01:00:00,2026-03-20 01:25:00,0.0503,0.0511,1.59,0.795,Ladder,25.0,40.0,0.636
CFGUSDT,2026-03-20 00:10:00,2026-03-20 04:10:00,0.1515,0.1546,2.046,1.023,Time Exit,240.0,40.0,0.8184
PHAUSDT,2026-03-20 02:40:00,2026-03-20 06:00:00,0.0433,0.0444,2.54,1.27,Ladder,200.0,40.0,1.016
FETUSDT,2026-03-20 05:00:00,2026-03-20 07:00:00,0.2386,0.2319,-2.808,-1.404,Hard Stop,120.0,40.0,-1.1232
ALICEUSDT,2026-03-20 12:15:00,2026-03-20 12:50:00,0.124,0.1266,2.097,1.048,Ladder,35.0,40.0,0.8388
XAIUSDT,2026-03-20 17:00:00,2026-03-20 17:55:00,0.01108,0.01128,1.805,0.903,Ladder,55.0,40.0,0.722
WLDUSDT,2026-03-20 16:45:00,2026-03-20 19:05:00,0.3346,0.3274,-2.152,-1.076,Hard Stop,140.0,40.0,-0.8608
BERAUSDT,2026-03-21 01:05:00,2026-03-21 05:05:00,0.569,0.571,0.351,0.176,Time Exit,240.0,40.0,0.1404
AUDIOUSDT,2026-03-21 13:10:00,2026-03-21 13:25:00,0.02042,0.02003,-1.91,-0.955,Hard Stop,15.0,40.0,-0.764
RESOLVUSDT,2026-03-22 03:30:00,2026-03-22 05:10:00,0.0582,0.0549,-5.67,-2.835,Hard Stop,100.0,40.0,-2.268
TUTUSDT,2026-03-22 07:00:00,2026-03-22 07:10:00,0.00917,0.00905,-1.309,-0.654,Hard Stop,10.0,40.0,-0.5236
GLMRUSDT,2026-03-22 13:25:00,2026-03-22 16:35:00,0.0114,0.011,-3.509,-1.754,Hard Stop,190.0,40.0,-1.4036
SCRUSDT,2026-03-22 17:50:00,2026-03-22 18:20:00,0.04658,0.04466,-4.122,-2.061,Hard Stop,30.0,40.0,-1.6488
0GUSDT,2026-03-22 23:55:00,2026-03-23 00:15:00,0.538,0.545,1.301,0.651,Ladder,20.0,40.0,0.5204
PUMPUSDT,2026-03-23 11:05:00,2026-03-23 11:35:00,0.001849,0.00181,-2.109,-1.055,Hard Stop,30.0,40.0,-0.8436
ZECUSDT,2026-03-23 11:05:00,2026-03-23 11:45:00,229.93,224.2,-2.492,-1.246,Hard Stop,40.0,40.0,-0.9968
BTCUSDT,2026-03-23 11:05:00,2026-03-23 11:55:00,71216.41,70122.15,-1.537,-0.768,Hard Stop,50.0,40.0,-0.6148
SOLUSDT,2026-03-23 11:05:00,2026-03-23 11:55:00,90.74,88.78,-2.16,-1.08,Hard Stop,50.0,40.0,-0.8640000000000001
BNBUSDT,2026-03-23 11:05:00,2026-03-23 11:55:00,647.88,638.4,-1.463,-0.732,Hard Stop,50.0,40.0,-0.5852
DOGEUSDT,2026-03-23 11:05:00,2026-03-23 11:55:00,0.09428,0.09254,-1.846,-0.923,Hard Stop,50.0,40.0,-0.7384000000000001
ENAUSDT,2026-03-23 11:05:00,2026-03-23 11:55:00,0.0982,0.0958,-2.444,-1.222,Hard Stop,50.0,40.0,-0.9776
UNIUSDT,2026-03-23 11:05:00,2026-03-23 11:55:00,3.642,3.575,-1.84,-0.92,Hard Stop,50.0,100.0,-1.8399999999999999
ETHUSDT,2026-03-23 11:05:00,2026-03-23 12:00:00,2158.76,2120.41,-1.776,-0.888,Hard Stop,55.0,40.0,-0.7104
XRPUSDT,2026-03-23 11:05:00,2026-03-23 12:00:00,1.4334,1.4111,-1.556,-0.778,Hard Stop,55.0,40.0,-0.6224000000000001
NEARUSDT,2026-03-23 11:05:00,2026-03-23 12:10:00,1.321,1.298,-1.741,-0.871,Hard Stop,65.0,40.0,-0.6964000000000001
SUIUSDT,2026-03-23 11:05:00,2026-03-23 15:05:00,0.9479,0.9695,2.279,1.139,Time Exit,240.0,40.0,0.9116
AAVEUSDT,2026-03-23 11:05:00,2026-03-23 15:05:00,110.72,111.78,0.957,0.479,Time Exit,240.0,100.0,0.9570000000000001
AVAXUSDT,2026-03-23 11:05:00,2026-03-23 15:05:00,9.46,9.66,2.114,1.057,Time Exit,240.0,40.0,0.8455999999999999
LINKUSDT,2026-03-23 11:05:00,2026-03-23 15:05:00,9.13,9.25,1.314,0.657,Time Exit,240.0,40.0,0.5256000000000001
CFGUSDT,2026-03-25 06:35:00,2026-03-25 06:50:00,0.1425,0.1487,4.351,2.175,ATR Trail,15.0,40.0,1.7404
ZKCUSDT,2026-03-25 18:40:00,2026-03-25 19:15:00,0.0804,0.0828,2.985,1.493,Ladder,35.0,40.0,1.194
GTCUSDT,2026-03-26 12:50:00,2026-03-26 13:00:00,0.087,0.088,1.149,0.575,Ladder,10.0,40.0,0.4596
ENJUSDT,2026-03-26 15:40:00,2026-03-26 16:30:00,0.02289,0.02294,0.218,0.109,Ladder,50.0,40.0,0.0872
RESOLVUSDT,2026-03-27 08:50:00,2026-03-27 09:40:00,0.0466,0.0439,-5.794,-2.897,Hard Stop,50.0,40.0,-2.3176
GIGGLEUSDT,2026-03-27 09:05:00,2026-03-27 10:35:00,24.68,23.79,-3.606,-1.803,Hard Stop,90.0,40.0,-1.4424000000000001
ALICEUSDT,2026-03-27 17:00:00,2026-03-27 17:05:00,0.113,0.11,-2.655,-1.327,Hard Stop,5.0,40.0,-1.0619999999999998
NOMUSDT,2026-03-28 11:10:00,2026-03-28 12:10:00,0.00201,0.00228,13.433,6.716,ATR Trail,60.0,40.0,5.373200000000001
0GUSDT,2026-03-28 12:20:00,2026-03-28 12:45:00,0.494,0.503,1.822,0.911,Ladder,25.0,40.0,0.7288
HEMIUSDT,2026-03-28 17:35:00,2026-03-28 18:05:00,0.00603,0.0061,1.161,0.58,Ladder,30.0,40.0,0.46440000000000003
KITEUSDT,2026-03-29 01:30:00,2026-03-29 02:50:00,0.1726,0.1662,-3.708,-1.854,Hard Stop,80.0,40.0,-1.4832
AUDIOUSDT,2026-03-29 16:10:00,2026-03-29 16:15:00,0.01837,0.01757,-4.355,-2.177,Hard Stop,5.0,40.0,-1.7420000000000002
币安人生USDT,2026-03-29 14:55:00,2026-03-29 16:35:00,0.0454,0.0439,-3.304,-1.652,Hard Stop,100.0,40.0,-1.3216
DEXEUSDT,2026-03-30 03:30:00,2026-03-30 07:30:00,8.314,8.125,-2.273,-1.137,Time Exit,240.0,40.0,-0.9092
CFGUSDT,2026-03-30 09:35:00,2026-03-30 10:20:00,0.1771,0.1703,-3.84,-1.92,Hard Stop,45.0,40.0,-1.5359999999999998
GLMRUSDT,2026-03-30 16:20:00,2026-03-30 16:35:00,0.0111,0.0107,-3.604,-1.802,Hard Stop,15.0,40.0,-1.4416000000000002
HUMAUSDT,2026-03-30 16:40:00,2026-03-30 18:55:00,0.01514,0.01469,-2.972,-1.486,Hard Stop,135.0,40.0,-1.1888
ZECUSDT,2026-03-31 11:15:00,2026-03-31 15:15:00,247.36,248.19,0.336,0.168,Time Exit,240.0,40.0,0.13440000000000002
MOVRUSDT,2026-03-31 18:15:00,2026-03-31 19:05:00,1.34,1.269,-5.299,-2.649,Hard Stop,50.0,40.0,-2.1196
ILVUSDT,2026-03-31 17:50:00,2026-03-31 21:50:00,3.93,3.85,-2.036,-1.018,Time Exit,240.0,40.0,-0.8144
MINAUSDT,2026-04-01 00:00:00,2026-04-01 01:35:00,0.0552,0.0567,2.717,1.359,Ladder,95.0,40.0,1.0868
RAYUSDT,2026-04-01 01:25:00,2026-04-01 01:45:00,0.656,0.665,1.372,0.686,Ladder,20.0,40.0,0.5488000000000001
DODOUSDT,2026-04-01 05:20:00,2026-04-01 05:50:00,0.0145,0.01492,2.897,1.448,Ladder,30.0,100.0,2.897
METUSDT,2026-04-01 18:30:00,2026-04-01 18:35:00,0.1422,0.1376,-3.235,-1.617,Hard Stop,5.0,40.0,-1.2939999999999998
ALICEUSDT,2026-04-01 20:35:00,2026-04-01 20:45:00,0.1152,0.1131,-1.823,-0.911,Hard Stop,10.0,40.0,-0.7292
VTHOUSDT,2026-04-02 00:00:00,2026-04-02 00:35:00,0.00061,0.000581,-4.754,-2.377,Hard Stop,35.0,40.0,-1.9016
GIGGLEUSDT,2026-04-02 05:25:00,2026-04-02 05:35:00,22.99,22.39,-2.61,-1.305,Hard Stop,10.0,40.0,-1.044
XPLUSDT,2026-04-02 04:10:00,2026-04-02 08:25:00,0.107,0.11,2.804,1.402,Ladder,255.0,40.0,1.1216
ZAMAUSDT,2026-04-02 12:30:00,2026-04-02 12:55:00,0.02373,0.02332,-1.728,-0.864,Hard Stop,25.0,40.0,-0.6912
PYTHUSDT,2026-04-02 13:30:00,2026-04-02 13:35:00,0.0391,0.0384,-1.79,-0.895,Hard Stop,5.0,40.0,-0.716
RESOLVUSDT,2026-04-02 15:10:00,2026-04-02 15:25:00,0.0473,0.0441,-6.765,-3.383,Hard Stop,15.0,40.0,-2.706
NMRUSDT,2026-04-02 15:35:00,2026-04-02 16:10:00,8.17,7.79,-4.651,-2.326,Hard Stop,35.0,40.0,-1.8603999999999998
SYNUSDT,2026-04-02 16:05:00,2026-04-02 17:25:00,0.0512,0.0494,-3.516,-1.758,Hard Stop,80.0,40.0,-1.4063999999999999
HEIUSDT,2026-04-02 17:10:00,2026-04-02 20:25:00,0.0965,0.0827,-14.301,-7.15,Hard Stop,195.0,40.0,-5.7204
MAGICUSDT,2026-04-03 10:25:00,2026-04-03 11:10:00,0.0636,0.0651,2.358,1.179,Ladder,45.0,40.0,0.9432
HEMIUSDT,2026-04-03 16:00:00,2026-04-03 17:15:00,0.0077,0.00793,2.987,1.494,Ladder,75.0,40.0,1.1948
FORMUSDT,2026-04-03 14:55:00,2026-04-03 17:20:00,0.2137,0.2079,-2.714,-1.357,Hard Stop,145.0,40.0,-1.0856000000000001
币安人生USDT,2026-04-04 02:10:00,2026-04-04 02:25:00,0.0579,0.0563,-2.763,-1.382,Hard Stop,15.0,40.0,-1.1052
NOMUSDT,2026-04-04 07:30:00,2026-04-04 08:50:00,0.00719,0.00667,-7.232,-3.616,Hard Stop,80.0,40.0,-2.8928
BERAUSDT,2026-04-04 09:15:00,2026-04-04 11:55:00,0.429,0.499,16.317,8.159,ATR Trail,160.0,40.0,6.526800000000001
JTOUSDT,2026-04-04 13:10:00,2026-04-04 13:30:00,0.3023,0.2806,-7.178,-3.589,Hard Stop,20.0,40.0,-2.8712
BROCCOLI714USDT,2026-04-04 16:00:00,2026-04-04 20:00:00,0.01233,0.01229,-0.324,-0.162,Time Exit,240.0,40.0,-0.12960000000000002
ZKUSDT,2026-04-05 01:10:00,2026-04-05 01:40:00,0.01645,0.01592,-3.222,-1.611,Hard Stop,30.0,100.0,-3.222
ACEUSDT,2026-04-05 06:25:00,2026-04-05 06:35:00,0.125,0.122,-2.4,-1.2,Hard Stop,10.0,40.0,-0.96
LUNCUSDT,2026-04-05 14:20:00,2026-04-05 15:10:00,3.685e-05,3.637e-05,-1.303,-0.651,Hard Stop,50.0,40.0,-0.5212
AUDIOUSDT,2026-04-05 21:00:00,2026-04-05 21:10:00,0.01787,0.01769,-1.007,-0.504,Ladder,10.0,40.0,-0.40279999999999994
CFGUSDT,2026-04-06 00:05:00,2026-04-06 01:05:00,0.1632,0.1584,-2.941,-1.471,Hard Stop,60.0,40.0,-1.1764
DEXEUSDT,2026-04-06 05:35:00,2026-04-06 09:35:00,8.774,8.611,-1.858,-0.929,Time Exit,240.0,40.0,-0.7432
GLMRUSDT,2026-04-06 09:45:00,2026-04-06 11:30:00,0.0113,0.0107,-5.31,-2.655,Hard Stop,105.0,40.0,-2.1239999999999997
SUPERUSDT,2026-04-06 11:15:00,2026-04-06 11:40:00,0.1085,0.1084,-0.092,-0.046,Ladder,25.0,40.0,-0.0368
ZKCUSDT,2026-04-06 14:05:00,2026-04-06 14:15:00,0.0884,0.0773,-12.557,-6.278,Hard Stop,10.0,40.0,-5.0228
NILUSDT,2026-04-06 14:15:00,2026-04-06 14:35:00,0.0339,0.0332,-2.065,-1.032,Hard Stop,20.0,40.0,-0.826
GTCUSDT,2026-04-06 21:40:00,2026-04-06 22:05:00,0.081,0.079,-2.469,-1.235,Hard Stop,25.0,40.0,-0.9876
ZROUSDT,2026-04-07 20:15:00,2026-04-07 21:20:00,1.974,2.03,2.837,1.418,Ladder,65.0,40.0,1.1348
ZECUSDT,2026-04-07 21:35:00,2026-04-07 22:20:00,299.91,308.25,2.781,1.39,Ladder,45.0,40.0,1.1124
HUMAUSDT,2026-04-07 19:10:00,2026-04-07 22:25:00,0.01497,0.01468,-1.937,-0.969,Hard Stop,195.0,40.0,-0.7748
DASHUSDT,2026-04-07 21:40:00,2026-04-07 23:10:00,32.54,33.48,2.889,1.444,Ladder,90.0,40.0,1.1556
RAYUSDT,2026-04-07 22:35:00,2026-04-08 00:50:00,0.654,0.64,-2.141,-1.07,Hard Stop,135.0,40.0,-0.8563999999999999
0GUSDT,2026-04-08 00:00:00,2026-04-08 04:00:00,0.545,0.553,1.468,0.734,Time Exit,240.0,40.0,0.5872
GIGGLEUSDT,2026-04-08 12:55:00,2026-04-08 13:10:00,29.39,28.16,-4.185,-2.093,Hard Stop,15.0,40.0,-1.674
RESOLVUSDT,2026-04-08 14:20:00,2026-04-08 15:15:00,0.0429,0.0406,-5.361,-2.681,Hard Stop,55.0,40.0,-2.1444
ENJUSDT,2026-04-08 15:15:00,2026-04-08 16:30:00,0.02762,0.02993,8.364,4.182,ATR Trail,75.0,40.0,3.3456
SLPUSDT,2026-04-08 17:05:00,2026-04-08 17:15:00,0.000639,0.000655,2.504,1.252,Ladder,10.0,40.0,1.0016
TLMUSDT,2026-04-08 16:55:00,2026-04-08 20:55:00,0.001769,0.001711,-3.279,-1.639,Time Exit,240.0,40.0,-1.3115999999999999
MAGICUSDT,2026-04-08 19:55:00,2026-04-08 22:55:00,0.0659,0.0609,-7.587,-3.794,Hard Stop,180.0,40.0,-3.0347999999999997
PHAUSDT,2026-04-09 08:00:00,2026-04-09 09:30:00,0.0378,0.0371,-1.852,-0.926,Hard Stop,90.0,40.0,-0.7408000000000001
NOMUSDT,2026-04-09 09:45:00,2026-04-09 11:10:00,0.00647,0.00734,13.447,6.723,ATR Trail,85.0,40.0,5.378799999999999
MINAUSDT,2026-04-10 00:00:00,2026-04-10 00:25:00,0.0607,0.0618,1.812,0.906,Ladder,25.0,40.0,0.7248
NEOUSDT,2026-04-10 03:00:00,2026-04-10 03:15:00,2.936,2.871,-2.214,-1.107,Hard Stop,15.0,40.0,-0.8855999999999999
币安人生USDT,2026-04-10 03:45:00,2026-04-10 04:15:00,0.0944,0.0876,-7.203,-3.602,Hard Stop,30.0,40.0,-2.8811999999999998
ILVUSDT,2026-04-10 11:20:00,2026-04-10 12:30:00,4.17,5.0,19.904,9.952,ATR Trail,70.0,40.0,7.9616
HEMIUSDT,2026-04-10 12:15:00,2026-04-10 13:45:00,0.00722,0.00745,3.186,1.593,Ladder,90.0,40.0,1.2744
WLDUSDT,2026-04-10 15:00:00,2026-04-10 19:00:00,0.2783,0.2782,-0.036,-0.018,Time Exit,240.0,40.0,-0.0144
FORMUSDT,2026-04-10 19:00:00,2026-04-10 19:15:00,0.2247,0.2318,3.16,1.58,ATR Trail,15.0,40.0,1.2640000000000002
TRBUSDT,2026-04-10 17:45:00,2026-04-10 21:45:00,15.81,16.21,2.53,1.265,Time Exit,240.0,40.0,1.012
PEOPLEUSDT,2026-04-10 18:15:00,2026-04-10 22:15:00,0.00712,0.00711,-0.14,-0.07,Time Exit,240.0,40.0,-0.05600000000000001
PROMUSDT,2026-04-11 05:25:00,2026-04-11 07:20:00,1.167,1.139,-2.399,-1.2,Hard Stop,115.0,40.0,-0.9596
NMRUSDT,2026-04-11 09:20:00,2026-04-11 09:45:00,9.12,8.72,-4.386,-2.193,Hard Stop,25.0,40.0,-1.7544000000000002
DEXEUSDT,2026-04-11 10:50:00,2026-04-11 14:50:00,9.677,9.627,-0.517,-0.258,Time Exit,240.0,40.0,-0.2068
TAOUSDT,2026-04-11 21:50:00,2026-04-11 23:05:00,279.8,273.0,-2.43,-1.215,Hard Stop,75.0,40.0,-0.9720000000000001
GLMRUSDT,2026-04-11 20:15:00,2026-04-12 00:15:00,0.0117,0.0114,-2.564,-1.282,Time Exit,240.0,40.0,-1.0256
TUTUSDT,2026-04-12 00:55:00,2026-04-12 01:40:00,0.00969,0.00938,-3.199,-1.6,Hard Stop,45.0,40.0,-1.2795999999999998
IMXUSDT,2026-04-13 00:00:00,2026-04-13 00:15:00,0.1471,0.1433,-2.583,-1.292,Hard Stop,15.0,40.0,-1.0332000000000001
PLUMEUSDT,2026-04-13 00:25:00,2026-04-13 00:35:00,0.01085,0.01037,-4.424,-2.212,Hard Stop,10.0,40.0,-1.7696
JTOUSDT,2026-04-13 09:35:00,2026-04-13 10:00:00,0.3363,0.3191,-5.114,-2.557,Hard Stop,25.0,40.0,-2.0456
BROCCOLI714USDT,2026-04-13 09:00:00,2026-04-13 13:00:00,0.01388,0.01424,2.594,1.297,Time Exit,240.0,40.0,1.0375999999999999
HUMAUSDT,2026-04-13 14:10:00,2026-04-13 14:55:00,0.01813,0.01763,-2.758,-1.379,Hard Stop,45.0,40.0,-1.1032
GIGGLEUSDT,2026-04-13 14:10:00,2026-04-13 16:00:00,41.43,38.89,-6.131,-3.065,Hard Stop,110.0,40.0,-2.4524
MUBARAKUSDT,2026-04-13 17:20:00,2026-04-13 18:15:00,0.01372,0.01308,-4.665,-2.332,Hard Stop,55.0,40.0,-1.8659999999999999
NEIROUSDT,2026-04-13 23:55:00,2026-04-14 01:05:00,6.87e-05,6.373e-05,-7.234,-3.617,Hard Stop,70.0,40.0,-2.8936
ENJUSDT,2026-04-14 08:30:00,2026-04-14 10:20:00,0.0519,0.04713,-9.191,-4.595,Hard Stop,110.0,40.0,-3.6764
ZAMAUSDT,2026-04-14 10:15:00,2026-04-14 10:40:00,0.03761,0.03784,0.612,0.306,Ladder,25.0,40.0,0.2448
NOMUSDT,2026-04-14 11:30:00,2026-04-14 12:40:00,0.00361,0.00351,-2.77,-1.385,Hard Stop,70.0,40.0,-1.1079999999999999
SCRUSDT,2026-04-14 15:55:00,2026-04-14 16:00:00,0.04479,0.04317,-3.617,-1.808,Hard Stop,5.0,40.0,-1.4468
0GUSDT,2026-04-14 20:10:00,2026-04-14 21:05:00,0.614,0.6,-2.28,-1.14,Hard Stop,55.0,40.0,-0.9119999999999999
BIOUSDT,2026-04-15 09:20:00,2026-04-15 09:45:00,0.0239,0.0224,-6.276,-3.138,Hard Stop,25.0,40.0,-2.5103999999999997
WLFIUSDT,2026-04-15 12:15:00,2026-04-15 14:05:00,0.0815,0.0795,-2.454,-1.227,Hard Stop,110.0,40.0,-0.9816000000000001
币安人生USDT,2026-04-15 13:45:00,2026-04-15 15:15:00,0.3793,0.3185,-16.03,-8.015,Hard Stop,90.0,40.0,-6.412
ORDIUSDT,2026-04-15 16:30:00,2026-04-15 17:15:00,2.985,3.095,3.685,1.843,Ladder,45.0,40.0,1.474
MORPHOUSDT,2026-04-16 01:45:00,2026-04-16 03:15:00,1.885,1.806,-4.191,-2.095,Hard Stop,90.0,100.0,-4.191
FORMUSDT,2026-04-16 06:00:00,2026-04-16 06:15:00,0.2791,0.2719,-2.58,-1.29,Hard Stop,15.0,40.0,-1.032
TRBUSDT,2026-04-16 03:20:00,2026-04-16 07:20:00,19.07,18.61,-2.412,-1.206,Time Exit,240.0,40.0,-0.9648
ZKUSDT,2026-04-16 07:00:00,2026-04-16 08:50:00,0.01676,0.0164,-2.148,-1.074,Hard Stop,110.0,100.0,-2.148
SAGAUSDT,2026-04-16 10:05:00,2026-04-16 11:00:00,0.02953,0.02992,1.321,0.66,Ladder,55.0,40.0,0.5284
PORTALUSDT,2026-04-16 11:10:00,2026-04-16 11:20:00,0.00974,0.00919,-5.647,-2.823,Hard Stop,10.0,40.0,-2.2588
MOVRUSDT,2026-04-16 13:20:00,2026-04-16 13:30:00,1.438,1.363,-5.216,-2.608,Hard Stop,10.0,40.0,-2.0864000000000003
ARUSDT,2026-04-16 13:15:00,2026-04-16 13:45:00,2.29,2.16,-5.677,-2.838,Hard Stop,30.0,40.0,-2.2708
PEOPLEUSDT,2026-04-16 13:05:00,2026-04-16 13:50:00,0.00821,0.00791,-3.654,-1.827,Hard Stop,45.0,40.0,-1.4615999999999998
OPNUSDT,2026-04-16 12:55:00,2026-04-16 15:15:00,0.1839,0.2021,9.897,4.948,ATR Trail,140.0,40.0,3.9588
ACTUSDT,2026-04-16 16:00:00,2026-04-16 16:35:00,0.0163,0.0169,3.681,1.84,ATR Trail,35.0,40.0,1.4724000000000002
TIAUSDT,2026-04-16 15:40:00,2026-04-16 16:50:00,0.3923,0.3786,-3.492,-1.746,Hard Stop,70.0,40.0,-1.3968
BOMEUSDT,2026-04-16 17:55:00,2026-04-16 19:30:00,0.000551,0.00059,7.078,3.539,ATR Trail,95.0,40.0,2.8312000000000004
DYDXUSDT,2026-04-16 20:15:00,2026-04-16 20:30:00,0.1373,0.13124,-4.414,-2.207,Hard Stop,15.0,40.0,-1.7656
TUTUSDT,2026-04-17 01:45:00,2026-04-17 02:00:00,0.01301,0.01229,-5.534,-2.767,Hard Stop,15.0,40.0,-2.2136
LUNCUSDT,2026-04-17 00:30:00,2026-04-17 04:30:00,4.685e-05,4.616e-05,-1.473,-0.736,Time Exit,240.0,40.0,-0.5892
GLMRUSDT,2026-04-17 05:30:00,2026-04-17 06:05:00,0.0129,0.0153,18.605,9.302,ATR Trail,35.0,40.0,7.442
PROMUSDT,2026-04-17 06:00:00,2026-04-17 06:10:00,1.593,1.534,-3.704,-1.852,Ladder,10.0,40.0,-1.4816000000000003
DEXEUSDT,2026-04-17 03:20:00,2026-04-17 07:20:00,11.547,11.82,2.364,1.182,Time Exit,240.0,40.0,0.9455999999999999
SYNUSDT,2026-04-17 06:15:00,2026-04-17 09:30:00,0.0496,0.051,2.823,1.411,Ladder,195.0,40.0,1.1292
AUDIOUSDT,2026-04-17 09:35:00,2026-04-17 09:50:00,0.01928,0.02045,6.068,3.034,ATR Trail,15.0,40.0,2.4272
GTCUSDT,2026-04-17 06:25:00,2026-04-17 10:45:00,0.089,0.091,2.247,1.124,Ladder,260.0,40.0,0.8988
ILVUSDT,2026-04-17 15:15:00,2026-04-17 15:20:00,4.85,4.72,-2.68,-1.34,Hard Stop,5.0,40.0,-1.072
NILUSDT,2026-04-17 16:40:00,2026-04-17 16:50:00,0.0409,0.04236,3.57,1.785,Ladder,10.0,40.0,1.428
APEUSDT,2026-04-17 13:20:00,2026-04-17 17:20:00,0.1039,0.1061,2.117,1.059,Time Exit,240.0,40.0,0.8468
TLMUSDT,2026-04-17 19:20:00,2026-04-17 19:35:00,0.001902,0.001994,4.837,2.419,Ladder,15.0,40.0,1.9347999999999999
ENAUSDT,2026-04-17 19:15:00,2026-04-17 23:05:00,0.1323,0.1285,-2.872,-1.436,Hard Stop,230.0,40.0,-1.1488
ALICEUSDT,2026-04-18 00:30:00,2026-04-18 00:40:00,0.1373,0.1291,-5.972,-2.986,Hard Stop,10.0,40.0,-2.3888000000000003
ACEUSDT,2026-04-18 06:35:00,2026-04-18 06:50:00,0.145,0.148,2.069,1.034,Ladder,15.0,40.0,0.8276
MAGICUSDT,2026-04-18 07:00:00,2026-04-18 07:50:00,0.076,0.0733,-3.553,-1.776,Hard Stop,50.0,40.0,-1.4212
HEIUSDT,2026-04-18 13:20:00,2026-04-18 13:25:00,0.0991,0.0928,-6.357,-3.179,Hard Stop,5.0,40.0,-2.5428
TOWNSUSDT,2026-04-18 14:50:00,2026-04-18 15:00:00,0.00409,0.00373,-8.802,-4.401,Hard Stop,10.0,40.0,-3.5208
XAIUSDT,2026-04-18 18:25:00,2026-04-18 18:35:00,0.01204,0.01125,-6.561,-3.281,Hard Stop,10.0,40.0,-2.6244
MOVEUSDT,2026-04-18 19:20:00,2026-04-18 20:05:00,0.0203,0.0211,3.941,1.97,Ladder,45.0,40.0,1.5764
CFGUSDT,2026-04-19 01:20:00,2026-04-19 01:40:00,0.2724,0.2527,-7.232,-3.616,Hard Stop,20.0,40.0,-2.8928
SPKUSDT,2026-04-19 08:40:00,2026-04-19 11:20:00,0.024136,0.024665,2.192,1.096,Ladder,160.0,40.0,0.8768
NEIROUSDT,2026-04-19 12:10:00,2026-04-19 12:30:00,8.961e-05,9.171e-05,2.343,1.172,Ladder,20.0,40.0,0.9372
SUPERUSDT,2026-04-19 21:05:00,2026-04-19 21:30:00,0.125,0.1207,-3.44,-1.72,Hard Stop,25.0,40.0,-1.376
ZROUSDT,2026-04-20 04:25:00,2026-04-20 05:20:00,1.687,1.638,-2.905,-1.452,Hard Stop,55.0,40.0,-1.162
币安人生USDT,2026-04-20 15:35:00,2026-04-20 16:10:00,0.483,0.4652,-3.685,-1.843,Hard Stop,35.0,40.0,-1.474
ORDIUSDT,2026-04-20 19:15:00,2026-04-20 20:00:00,5.103,4.861,-4.742,-2.371,Hard Stop,45.0,40.0,-1.8967999999999998
ZENUSDT,2026-04-21 11:45:00,2026-04-21 12:15:00,6.518,6.224,-4.511,-2.255,Hard Stop,30.0,40.0,-1.8044000000000002
XPLUSDT,2026-04-21 14:20:00,2026-04-21 14:55:00,0.1056,0.1028,-2.652,-1.326,Hard Stop,35.0,40.0,-1.0608
SAGAUSDT,2026-04-21 13:55:00,2026-04-21 17:20:00,0.01929,0.01843,-4.458,-2.229,Hard Stop,205.0,40.0,-1.7832000000000001
GIGGLEUSDT,2026-04-21 15:05:00,2026-04-21 17:25:00,37.64,35.62,-5.367,-2.683,Hard Stop,140.0,40.0,-2.1468000000000003
METUSDT,2026-04-21 17:30:00,2026-04-21 19:25:00,0.1545,0.1588,2.783,1.392,Ladder,115.0,40.0,1.1132
BOMEUSDT,2026-04-22 03:15:00,2026-04-22 03:20:00,0.000631,0.000576,-8.716,-4.358,Hard Stop,5.0,40.0,-3.4863999999999997
PROMUSDT,2026-04-22 12:30:00,2026-04-22 13:15:00,2.448,2.352,-3.922,-1.961,Hard Stop,45.0,40.0,-1.5688000000000002
CHIPUSDT,2026-04-22 15:10:00,2026-04-22 19:10:00,0.11425,0.11385,-0.35,-0.175,Time Exit,240.0,40.0,-0.13999999999999999
AUDIOUSDT,2026-04-22 15:25:00,2026-04-22 19:25:00,0.0231,0.02206,-4.502,-2.251,Time Exit,240.0,40.0,-1.8008
GLMRUSDT,2026-04-22 19:55:00,2026-04-22 20:00:00,0.0158,0.0151,-4.43,-2.215,Hard Stop,5.0,40.0,-1.772
HEMIUSDT,2026-04-22 16:10:00,2026-04-22 20:10:00,0.00801,0.00796,-0.624,-0.312,Time Exit,240.0,40.0,-0.2496
CHZUSDT,2026-04-22 20:55:00,2026-04-22 23:35:00,0.0479,0.04706,-1.754,-0.877,Hard Stop,160.0,40.0,-0.7016
HUMAUSDT,2026-04-22 21:30:00,2026-04-22 23:35:00,0.02386,0.02444,2.431,1.215,Ladder,125.0,40.0,0.9724
BIOUSDT,2026-04-23 01:55:00,2026-04-23 02:15:00,0.0354,0.0352,-0.565,-0.282,Ladder,20.0,40.0,-0.22599999999999998
MOVRUSDT,2026-04-23 12:25:00,2026-04-23 13:35:00,2.004,2.442,21.856,10.928,ATR Trail,70.0,40.0,8.7424
DEXEUSDT,2026-04-23 13:55:00,2026-04-23 14:30:00,14.996,13.103,-12.623,-6.312,Hard Stop,35.0,40.0,-5.049199999999999
DODOUSDT,2026-04-23 15:05:00,2026-04-23 15:30:00,0.02133,0.02169,1.688,0.844,Ladder,25.0,100.0,1.688
ENJUSDT,2026-04-23 16:25:00,2026-04-23 17:35:00,0.06187,0.0604,-2.376,-1.188,Hard Stop,70.0,40.0,-0.9504
ZECUSDT,2026-04-23 21:30:00,2026-04-23 21:55:00,348.71,341.07,-2.191,-1.095,Hard Stop,25.0,40.0,-0.8764
ACEUSDT,2026-04-23 19:10:00,2026-04-23 23:10:00,0.119,0.119,0.0,0.0,Time Exit,240.0,40.0,0.0
LUNCUSDT,2026-04-24 00:50:00,2026-04-24 02:05:00,5.503e-05,5.236e-05,-4.852,-2.426,Hard Stop,75.0,40.0,-1.9408
APEUSDT,2026-04-24 02:40:00,2026-04-24 04:25:00,0.1047,0.1029,-1.719,-0.86,Hard Stop,105.0,40.0,-0.6876
ZAMAUSDT,2026-04-24 12:50:00,2026-04-24 13:55:00,0.03195,0.03094,-3.161,-1.581,Hard Stop,65.0,40.0,-1.2644
MAGICUSDT,2026-04-24 15:55:00,2026-04-24 16:00:00,0.0701,0.0682,-2.71,-1.355,Hard Stop,5.0,40.0,-1.084
TRUMPUSDT,2026-04-24 17:05:00,2026-04-24 18:05:00,3.083,3.021,-2.011,-1.006,Hard Stop,60.0,40.0,-0.8044000000000001
PORTALUSDT,2026-04-25 03:25:00,2026-04-25 04:20:00,0.012,0.01174,-2.167,-1.083,Hard Stop,55.0,40.0,-0.8667999999999999
AXSUSDT,2026-04-25 04:25:00,2026-04-25 06:35:00,1.281,1.407,9.836,4.918,ATR Trail,130.0,40.0,3.9344
ALICEUSDT,2026-04-25 07:15:00,2026-04-25 09:05:00,0.1701,0.1791,5.291,2.646,ATR Trail,110.0,40.0,2.1164
SLPUSDT,2026-04-25 09:20:00,2026-04-25 10:20:00,0.000782,0.00086,9.974,4.987,ATR Trail,60.0,40.0,3.9896
IMXUSDT,2026-04-25 13:35:00,2026-04-25 13:40:00,0.2008,0.1889,-5.926,-2.963,Hard Stop,5.0,40.0,-2.3704
RAYUSDT,2026-04-25 14:40:00,2026-04-25 14:50:00,0.711,0.683,-3.938,-1.969,Hard Stop,10.0,40.0,-1.5752
TOWNSUSDT,2026-04-25 19:55:00,2026-04-25 23:55:00,0.00337,0.00344,2.077,1.039,Time Exit,240.0,40.0,0.8308
GMTUSDT,2026-04-25 21:50:00,2026-04-26 00:25:00,0.01209,0.01189,-1.654,-0.827,Hard Stop,155.0,40.0,-0.6616
PROVEUSDT,2026-04-26 00:30:00,2026-04-26 00:35:00,0.274,0.2605,-4.927,-2.464,Hard Stop,5.0,40.0,-1.9707999999999997
MINAUSDT,2026-04-26 06:50:00,2026-04-26 07:15:00,0.0715,0.0668,-6.573,-3.287,Hard Stop,25.0,40.0,-2.6292000000000004
INJUSDT,2026-04-26 07:15:00,2026-04-26 07:25:00,3.933,4.032,2.517,1.259,Ladder,10.0,40.0,1.0068
CKBUSDT,2026-04-26 10:45:00,2026-04-26 14:45:00,0.001684,0.001638,-2.732,-1.366,Time Exit,240.0,40.0,-1.0928
LDOUSDT,2026-04-26 14:10:00,2026-04-26 16:45:00,0.4068,0.4225,3.859,1.93,ATR Trail,155.0,100.0,3.859
SPKUSDT,2026-04-27 00:25:00,2026-04-27 00:55:00,0.03833,0.03722,-2.896,-1.448,Hard Stop,30.0,40.0,-1.1583999999999999
0GUSDT,2026-04-27 00:00:00,2026-04-27 01:10:00,0.575,0.602,4.696,2.348,Ladder,70.0,40.0,1.8783999999999998
币安人生USDT,2026-04-27 01:10:00,2026-04-27 05:10:00,0.3707,0.3605,-2.752,-1.376,Time Exit,240.0,40.0,-1.1008
BICOUSDT,2026-04-27 10:05:00,2026-04-27 10:20:00,0.0329,0.0303,-7.903,-3.951,Hard Stop,15.0,40.0,-3.1611999999999996
GIGGLEUSDT,2026-04-27 16:35:00,2026-04-27 17:25:00,35.01,35.14,0.371,0.186,Ladder,50.0,40.0,0.14839999999999998
BIOUSDT,2026-04-28 10:10:00,2026-04-28 12:10:00,0.0293,0.0304,3.754,1.877,Ladder,120.0,40.0,1.5015999999999998
ZKCUSDT,2026-04-28 17:40:00,2026-04-28 19:15:00,0.0797,0.0772,-3.137,-1.568,Hard Stop,95.0,40.0,-1.2548000000000001
MUBARAKUSDT,2026-04-28 16:45:00,2026-04-28 20:45:00,0.01414,0.01445,2.192,1.096,Time Exit,240.0,40.0,0.8768
TUTUSDT,2026-04-28 16:45:00,2026-04-28 20:45:00,0.01155,0.0118,2.165,1.082,Time Exit,240.0,40.0,0.866
PUMPUSDT,2026-04-28 21:00:00,2026-04-28 21:10:00,0.001977,0.001881,-4.856,-2.428,Hard Stop,10.0,40.0,-1.9424
BROCCOLI714USDT,2026-04-28 15:15:00,2026-04-28 22:35:00,0.01795,0.02052,14.318,7.159,ATR Trail,440.0,40.0,5.7272
NOMUSDT,2026-04-29 02:35:00,2026-04-29 04:50:00,0.0028,0.00318,13.571,6.786,ATR Trail,135.0,40.0,5.4284
MOVRUSDT,2026-04-29 06:40:00,2026-04-29 07:25:00,2.383,2.578,8.183,4.091,ATR Trail,45.0,40.0,3.2732
LUNCUSDT,2026-04-29 09:05:00,2026-04-29 10:15:00,6.973e-05,6.718e-05,-3.657,-1.828,Hard Stop,70.0,40.0,-1.4627999999999999
DOGEUSDT,2026-04-29 09:45:00,2026-04-29 12:00:00,0.11121,0.10777,-3.093,-1.547,Hard Stop,135.0,40.0,-1.2372
AUDIOUSDT,2026-04-29 17:45:00,2026-04-29 18:35:00,0.02096,0.02222,6.011,3.006,ATR Trail,50.0,40.0,2.4044000000000003
APEUSDT,2026-04-30 06:35:00,2026-04-30 08:10:00,0.1638,0.1558,-4.884,-2.442,Hard Stop,95.0,40.0,-1.9536
GLMRUSDT,2026-04-30 07:55:00,2026-04-30 08:50:00,0.0171,0.0167,-2.339,-1.17,Hard Stop,55.0,40.0,-0.9356
KITEUSDT,2026-04-30 11:35:00,2026-04-30 15:35:00,0.1451,0.1426,-1.723,-0.861,Time Exit,240.0,40.0,-0.6892
DEXEUSDT,2026-04-30 15:10:00,2026-04-30 16:25:00,11.803,11.483,-2.711,-1.356,Hard Stop,75.0,40.0,-1.0844
TRBUSDT,2026-05-01 04:10:00,2026-05-01 04:25:00,21.8,19.44,-10.826,-5.413,Hard Stop,15.0,40.0,-4.3304
PENDLEUSDT,2026-05-01 15:20:00,2026-05-01 17:05:00,1.572,1.521,-3.244,-1.622,Hard Stop,105.0,100.0,-3.244
JSTUSDT,2026-05-01 17:15:00,2026-05-01 18:50:00,0.08729,0.08543,-2.131,-1.065,Hard Stop,95.0,40.0,-0.8523999999999999
ZENUSDT,2026-05-01 17:50:00,2026-05-01 21:50:00,6.333,6.328,-0.079,-0.039,Time Exit,240.0,40.0,-0.0316
ORDIUSDT,2026-05-02 14:50:00,2026-05-02 16:30:00,5.208,5.92,13.671,6.836,ATR Trail,100.0,40.0,5.4684
币安人生USDT,2026-05-02 16:00:00,2026-05-02 16:35:00,0.3729,0.3806,2.065,1.032,Ladder,35.0,40.0,0.826
NILUSDT,2026-05-02 16:30:00,2026-05-02 16:45:00,0.04307,0.04236,-1.648,-0.824,Hard Stop,15.0,40.0,-0.6591999999999999
ACEUSDT,2026-05-03 09:55:00,2026-05-03 10:35:00,0.128,0.125,-2.344,-1.172,Hard Stop,40.0,40.0,-0.9376
FORMUSDT,2026-05-03 09:00:00,2026-05-03 13:00:00,0.2895,0.2846,-1.693,-0.846,Time Exit,240.0,40.0,-0.6772
BIOUSDT,2026-05-03 15:45:00,2026-05-03 16:50:00,0.0621,0.0586,-5.636,-2.818,Hard Stop,65.0,40.0,-2.2544
MINAUSDT,2026-05-04 00:00:00,2026-05-04 00:40:00,0.0624,0.0612,-1.923,-0.962,Hard Stop,40.0,40.0,-0.7692
DASHUSDT,2026-05-04 00:50:00,2026-05-04 04:20:00,41.45,48.68,17.443,8.721,ATR Trail,210.0,40.0,6.9772
MEGAUSDT,2026-05-04 05:00:00,2026-05-04 06:25:00,0.13347,0.12946,-3.004,-1.502,Hard Stop,85.0,40.0,-1.2016
ZKUSDT,2026-05-04 06:00:00,2026-05-04 09:05:00,0.01829,0.01785,-2.406,-1.203,Hard Stop,185.0,100.0,-2.406
ARUSDT,2026-05-04 09:50:00,2026-05-04 10:05:00,2.25,2.18,-3.111,-1.556,Hard Stop,15.0,40.0,-1.2444000000000002
TUTUSDT,2026-05-04 08:45:00,2026-05-04 10:15:00,0.01246,0.01271,2.006,1.003,Ladder,90.0,40.0,0.8023999999999999
MUBARAKUSDT,2026-05-04 10:30:00,2026-05-04 14:45:00,0.01664,0.01713,2.945,1.472,Ladder,255.0,40.0,1.178
LUNCUSDT,2026-05-04 21:20:00,2026-05-04 21:50:00,0.00010541,0.00010179,-3.434,-1.717,Hard Stop,30.0,40.0,-1.3736000000000002
GIGGLEUSDT,2026-05-04 21:00:00,2026-05-04 22:55:00,39.83,38.15,-4.218,-2.109,Hard Stop,115.0,40.0,-1.6872
HUMAUSDT,2026-05-04 20:10:00,2026-05-05 00:10:00,0.02166,0.02164,-0.092,-0.046,Time Exit,240.0,40.0,-0.0368
PENGUUSDT,2026-05-05 01:50:00,2026-05-05 05:50:00,0.010692,0.01081,1.104,0.552,Time Exit,240.0,40.0,0.44160000000000005
APEUSDT,2026-05-05 13:05:00,2026-05-05 14:10:00,0.1701,0.1664,-2.175,-1.088,Hard Stop,65.0,40.0,-0.8699999999999999
CFGUSDT,2026-05-05 14:30:00,2026-05-05 15:15:00,0.2607,0.2438,-6.483,-3.241,Hard Stop,45.0,40.0,-2.5932
STXUSDT,2026-05-05 18:40:00,2026-05-05 20:20:00,0.2377,0.2946,23.938,11.969,ATR Trail,100.0,40.0,9.575199999999999
EIGENUSDT,2026-05-05 20:55:00,2026-05-05 21:25:00,0.1934,0.2074,7.239,3.619,ATR Trail,30.0,40.0,2.8956
CFXUSDT,2026-05-05 22:15:00,2026-05-05 22:40:00,0.06522,0.06645,1.886,0.943,Ladder,25.0,40.0,0.7544
ZECUSDT,2026-05-05 20:10:00,2026-05-05 22:55:00,463.02,507.64,9.637,4.818,ATR Trail,165.0,40.0,3.8548000000000004
ICPUSDT,2026-05-05 20:05:00,2026-05-06 00:05:00,2.693,2.686,-0.26,-0.13,Time Exit,240.0,40.0,-0.104
FILUSDT,2026-05-06 01:50:00,2026-05-06 02:30:00,1.03,1.007,-2.233,-1.117,Hard Stop,40.0,40.0,-0.8932000000000001
MOVRUSDT,2026-05-06 03:15:00,2026-05-06 04:30:00,2.198,2.16,-1.729,-0.864,Hard Stop,75.0,40.0,-0.6916
BCHUSDT,2026-05-06 04:35:00,2026-05-06 08:15:00,476.0,469.8,-1.303,-0.651,Hard Stop,220.0,40.0,-0.5212
JTOUSDT,2026-05-06 14:15:00,2026-05-06 14:45:00,0.4605,0.4741,2.953,1.477,Ladder,30.0,40.0,1.1811999999999998
ENJUSDT,2026-05-06 15:15:00,2026-05-06 15:20:00,0.05217,0.05122,-1.821,-0.91,Hard Stop,5.0,40.0,-0.7284
MORPHOUSDT,2026-05-06 14:30:00,2026-05-06 18:10:00,2.337,2.286,-2.182,-1.091,Hard Stop,220.0,100.0,-2.182
PORTALUSDT,2026-05-07 06:05:00,2026-05-07 06:45:00,0.01051,0.01078,2.569,1.284,Ladder,40.0,40.0,1.0276
DYDXUSDT,2026-05-07 08:45:00,2026-05-07 11:50:00,0.15872,0.16335,2.917,1.459,Ladder,185.0,40.0,1.1667999999999998
DEXEUSDT,2026-05-07 09:05:00,2026-05-07 13:05:00,11.856,11.588,-2.26,-1.13,Time Exit,240.0,40.0,-0.9039999999999999
XPLUSDT,2026-05-07 13:20:00,2026-05-07 13:35:00,0.1079,0.1043,-3.336,-1.668,Hard Stop,15.0,40.0,-1.3344
ENAUSDT,2026-05-07 11:05:00,2026-05-07 13:45:00,0.126,0.1225,-2.778,-1.389,Hard Stop,160.0,40.0,-1.1112
NILUSDT,2026-05-07 17:55:00,2026-05-07 22:40:00,0.07134,0.10228,43.37,21.685,ATR Trail,285.0,40.0,17.348
PROVEUSDT,2026-05-08 00:00:00,2026-05-08 00:05:00,0.2753,0.266,-3.378,-1.689,Hard Stop,5.0,40.0,-1.3512000000000002
JSTUSDT,2026-05-06 23:55:00,2026-05-08 06:35:00,0.08154,0.08395,2.956,1.478,Ladder,1840.0,40.0,1.1824
CHIPUSDT,2026-05-08 07:25:00,2026-05-08 09:40:00,0.06684,0.06282,-6.014,-3.007,Hard Stop,135.0,40.0,-2.4055999999999997
STRKUSDT,2026-05-08 08:15:00,2026-05-08 11:05:00,0.0533,0.0564,5.816,2.908,ATR Trail,170.0,100.0,5.816
GALAUSDT,2026-05-08 14:25:00,2026-05-08 15:50:00,0.00434,0.00406,-6.452,-3.226,Hard Stop,85.0,40.0,-2.5808
ACEUSDT,2026-05-08 13:00:00,2026-05-08 17:00:00,0.134,0.136,1.493,0.746,Time Exit,240.0,40.0,0.5972000000000001
ONDOUSDT,2026-05-08 16:35:00,2026-05-08 18:40:00,0.4443,0.4572,2.903,1.452,Ladder,125.0,100.0,2.903
ARBUSDT,2026-05-08 17:30:00,2026-05-08 21:30:00,0.1427,0.1449,1.542,0.771,Time Exit,240.0,100.0,1.542
BIOUSDT,2026-05-08 18:15:00,2026-05-08 22:15:00,0.0509,0.0508,-0.196,-0.098,Time Exit,240.0,40.0,-0.0784
PROMUSDT,2026-05-09 02:55:00,2026-05-09 04:55:00,2.1,2.157,2.714,1.357,Ladder,120.0,40.0,1.0856000000000001
ALICEUSDT,2026-05-09 08:10:00,2026-05-09 08:55:00,0.1629,0.1575,-3.315,-1.657,Hard Stop,45.0,40.0,-1.326
FORMUSDT,2026-05-09 09:30:00,2026-05-09 10:10:00,0.3009,0.2945,-2.127,-1.063,Hard Stop,40.0,40.0,-0.8507999999999999
GTCUSDT,2026-05-09 14:10:00,2026-05-09 15:00:00,0.1,0.104,4.0,2.0,ATR Trail,50.0,40.0,1.6
币安人生USDT,2026-05-10 15:25:00,2026-05-10 15:45:00,0.4502,0.4604,2.266,1.133,Ladder,20.0,40.0,0.9064
APTUSDT,2026-05-10 17:15:00,2026-05-10 17:45:00,1.19,1.162,-2.353,-1.176,Hard Stop,30.0,40.0,-0.9412
ATOMUSDT,2026-05-10 15:15:00,2026-05-10 19:15:00,2.009,2.046,1.842,0.921,Time Exit,240.0,40.0,0.7368000000000001
SEIUSDT,2026-05-10 18:35:00,2026-05-10 19:50:00,0.07647,0.07765,1.543,0.772,Ladder,75.0,40.0,0.6172
SUIUSDT,2026-05-10 17:15:00,2026-05-10 20:00:00,1.3287,1.3679,2.95,1.475,Ladder,165.0,40.0,1.1800000000000002
SAGAUSDT,2026-05-10 18:15:00,2026-05-10 22:15:00,0.02021,0.01997,-1.188,-0.594,Time Exit,240.0,40.0,-0.4752
LDOUSDT,2026-05-11 05:15:00,2026-05-11 06:00:00,0.4174,0.4288,2.731,1.366,Ladder,45.0,100.0,2.731
MOVEUSDT,2026-05-11 07:05:00,2026-05-11 08:55:00,0.0228,0.0214,-6.14,-3.07,Hard Stop,110.0,40.0,-2.456
AUDIOUSDT,2026-05-11 18:45:00,2026-05-11 20:10:00,0.0224,0.02144,-4.286,-2.143,Hard Stop,85.0,40.0,-1.7144
PENDLEUSDT,2026-05-11 22:00:00,2026-05-11 22:20:00,2.18,2.126,-2.477,-1.239,Hard Stop,20.0,100.0,-2.477
YGGUSDT,2026-05-12 00:00:00,2026-05-12 00:10:00,0.0479,0.04648,-2.965,-1.482,Hard Stop,10.0,40.0,-1.186
KITEUSDT,2026-05-12 01:05:00,2026-05-12 01:25:00,0.1888,0.1825,-3.337,-1.668,Hard Stop,20.0,40.0,-1.3348000000000002
ENJUSDT,2026-05-12 05:30:00,2026-05-12 06:25:00,0.05047,0.04865,-3.606,-1.803,Hard Stop,55.0,40.0,-1.4424000000000001
TRUMPUSDT,2026-05-12 21:35:00,2026-05-12 22:10:00,2.448,2.509,2.492,1.246,Ladder,35.0,40.0,0.9968
DEXEUSDT,2026-05-13 01:55:00,2026-05-13 02:50:00,13.102,12.825,-2.114,-1.057,Hard Stop,55.0,40.0,-0.8455999999999999
INJUSDT,2026-05-13 09:15:00,2026-05-13 11:50:00,5.773,5.863,1.559,0.779,Ladder,155.0,40.0,0.6235999999999999
VTHOUSDT,2026-05-14 00:00:00,2026-05-14 01:05:00,0.000624,0.000603,-3.365,-1.683,Hard Stop,65.0,40.0,-1.346
NILUSDT,2026-05-14 10:15:00,2026-05-14 11:10:00,0.05522,0.05375,-2.662,-1.331,Hard Stop,55.0,40.0,-1.0648
BIOUSDT,2026-05-14 13:40:00,2026-05-14 14:05:00,0.0465,0.0445,-4.301,-2.151,Hard Stop,25.0,40.0,-1.7204
JTOUSDT,2026-05-14 14:45:00,2026-05-14 15:00:00,0.5442,0.5322,-2.205,-1.103,Hard Stop,15.0,40.0,-0.882
DODOUSDT,2026-05-14 15:15:00,2026-05-14 16:30:00,0.02357,0.02395,1.612,0.806,Ladder,75.0,100.0,1.6120000000000003
LSKUSDT,2026-05-14 15:55:00,2026-05-14 17:35:00,0.134,0.131,-2.239,-1.119,Hard Stop,100.0,40.0,-0.8956
SYNUSDT,2026-05-17 09:10:00,2026-05-17 10:50:00,0.0547,0.0523,-4.388,-2.194,Hard Stop,100.0,40.0,-1.7552
AUDIOUSDT,2026-05-17 18:15:00,2026-05-17 18:30:00,0.02045,0.01991,-2.641,-1.32,Hard Stop,15.0,40.0,-1.0564
GLMRUSDT,2026-05-17 18:25:00,2026-05-17 18:45:00,0.0157,0.0151,-3.822,-1.911,Hard Stop,20.0,40.0,-1.5288000000000002
HUMAUSDT,2026-05-17 23:55:00,2026-05-18 00:05:00,0.02251,0.02185,-2.932,-1.466,Hard Stop,10.0,40.0,-1.1728
PROMUSDT,2026-05-18 03:10:00,2026-05-18 03:45:00,1.842,1.776,-3.583,-1.792,Hard Stop,35.0,40.0,-1.4332
DEXEUSDT,2026-05-18 03:05:00,2026-05-18 07:05:00,13.768,13.925,1.14,0.57,Time Exit,240.0,40.0,0.45599999999999996
GTCUSDT,2026-05-18 12:25:00,2026-05-18 13:45:00,0.101,0.097,-3.96,-1.98,Hard Stop,80.0,40.0,-1.5839999999999999
TOWNSUSDT,2026-05-18 11:30:00,2026-05-18 14:35:00,0.00347,0.00373,7.493,3.746,ATR Trail,185.0,40.0,2.9972
KITEUSDT,2026-05-18 17:35:00,2026-05-18 18:10:00,0.2315,0.2264,-2.203,-1.102,Hard Stop,35.0,40.0,-0.8811999999999999
ALICEUSDT,2026-05-18 18:30:00,2026-05-18 18:45:00,0.1429,0.1372,-3.989,-1.994,Hard Stop,15.0,40.0,-1.5956000000000001
ACEUSDT,2026-05-18 18:40:00,2026-05-18 22:40:00,0.119,0.121,1.681,0.84,Time Exit,240.0,40.0,0.6724000000000001
ONDOUSDT,2026-05-18 21:10:00,2026-05-19 02:00:00,0.3692,0.3794,2.763,1.381,Ladder,290.0,100.0,2.763
TUTUSDT,2026-05-19 13:15:00,2026-05-19 14:35:00,0.01144,0.01118,-2.273,-1.136,Hard Stop,80.0,40.0,-0.9092
ENJUSDT,2026-05-19 14:05:00,2026-05-19 15:20:00,0.04675,0.04821,3.123,1.561,Ladder,75.0,40.0,1.2492
DODOUSDT,2026-05-19 18:05:00,2026-05-19 18:20:00,0.01989,0.01895,-4.726,-2.363,Hard Stop,15.0,100.0,-4.726
PROVEUSDT,2026-05-20 00:00:00,2026-05-20 00:05:00,0.2359,0.227,-3.773,-1.886,Hard Stop,5.0,40.0,-1.5091999999999999
币安人生USDT,2026-05-20 01:25:00,2026-05-20 05:25:00,0.4456,0.4461,0.112,0.056,Time Exit,240.0,40.0,0.044800000000000006
JTOUSDT,2026-05-20 06:25:00,2026-05-20 10:25:00,0.4346,0.433,-0.368,-0.184,Time Exit,240.0,40.0,-0.1472
SAGAUSDT,2026-05-20 06:40:00,2026-05-20 10:40:00,0.02139,0.02095,-2.057,-1.029,Time Exit,240.0,40.0,-0.8228
BERAUSDT,2026-05-20 16:00:00,2026-05-20 18:45:00,0.396,0.388,-2.02,-1.01,Hard Stop,165.0,40.0,-0.8079999999999999
NILUSDT,2026-05-20 19:05:00,2026-05-20 19:30:00,0.06361,0.06546,2.908,1.454,Ladder,25.0,40.0,1.1632
TIAUSDT,2026-05-20 19:20:00,2026-05-20 22:05:00,0.4153,0.4067,-2.071,-1.035,Hard Stop,165.0,40.0,-0.8284000000000001
KAITOUSDT,2026-05-20 18:20:00,2026-05-20 22:15:00,0.4826,0.4754,-1.492,-0.746,Hard Stop,235.0,40.0,-0.5968
BIOUSDT,2026-05-20 18:35:00,2026-05-20 22:35:00,0.0367,0.0364,-0.817,-0.409,Time Exit,240.0,40.0,-0.3268
ZENUSDT,2026-05-20 19:20:00,2026-05-20 23:20:00,6.779,6.748,-0.457,-0.229,Time Exit,240.0,40.0,-0.18280000000000002
DASHUSDT,2026-05-21 03:20:00,2026-05-21 05:00:00,52.8,51.3,-2.841,-1.42,Hard Stop,100.0,40.0,-1.1364
GIGGLEUSDT,2026-05-21 02:15:00,2026-05-21 05:10:00,35.35,34.64,-2.008,-1.004,Hard Stop,175.0,40.0,-0.8032
QNTUSDT,2026-05-22 06:55:00,2026-05-22 10:55:00,76.6,77.25,0.849,0.424,Time Exit,240.0,40.0,0.33959999999999996
GMTUSDT,2026-05-23 02:10:00,2026-05-23 02:15:00,0.01099,0.01054,-4.095,-2.047,Hard Stop,5.0,40.0,-1.638
HEIUSDT,2026-05-23 09:05:00,2026-05-23 09:30:00,0.0686,0.0661,-3.644,-1.822,Hard Stop,25.0,40.0,-1.4576
NOMUSDT,2026-05-23 15:05:00,2026-05-23 15:30:00,0.00224,0.00216,-3.571,-1.786,Hard Stop,25.0,40.0,-1.4284
PENGUUSDT,2026-05-23 20:35:00,2026-05-23 21:25:00,0.009308,0.009148,-1.719,-0.859,Hard Stop,50.0,40.0,-0.6876
ZECUSDT,2026-05-23 20:55:00,2026-05-23 21:25:00,663.5,643.42,-3.026,-1.513,Hard Stop,30.0,40.0,-1.2104
DYDXUSDT,2026-05-23 20:35:00,2026-05-23 21:40:00,0.1559,0.15232,-2.296,-1.148,Hard Stop,65.0,40.0,-0.9183999999999999
NEIROUSDT,2026-05-23 20:35:00,2026-05-23 21:45:00,0.00010032,9.847e-05,-1.844,-0.922,Hard Stop,70.0,40.0,-0.7376
ENAUSDT,2026-05-23 20:35:00,2026-05-23 22:30:00,0.1048,0.1029,-1.813,-0.906,Hard Stop,115.0,40.0,-0.7252000000000001
PUMPUSDT,2026-05-23 20:35:00,2026-05-23 22:35:00,0.001809,0.001769,-2.211,-1.106,Hard Stop,120.0,40.0,-0.8843999999999999
DOTUSDT,2026-05-23 20:40:00,2026-05-23 22:35:00,1.32,1.293,-2.045,-1.023,Hard Stop,115.0,40.0,-0.818
SUPERUSDT,2026-05-24 00:00:00,2026-05-24 00:05:00,0.1262,0.1218,-3.487,-1.743,Hard Stop,5.0,40.0,-1.3948
EIGENUSDT,2026-05-23 20:35:00,2026-05-24 00:35:00,0.2248,0.2281,1.468,0.734,Time Exit,240.0,40.0,0.5872
PLUMEUSDT,2026-05-23 20:35:00,2026-05-24 00:35:00,0.01422,0.01431,0.633,0.316,Time Exit,240.0,40.0,0.2532
DEXEUSDT,2026-05-24 06:45:00,2026-05-24 06:50:00,15.261,14.517,-4.875,-2.438,Hard Stop,5.0,40.0,-1.9500000000000002
BICOUSDT,2026-05-24 06:10:00,2026-05-24 07:20:00,0.0296,0.0287,-3.041,-1.52,Hard Stop,70.0,40.0,-1.2164
AUDIOUSDT,2026-05-24 21:40:00,2026-05-24 21:55:00,0.02023,0.0195,-3.609,-1.804,Hard Stop,15.0,40.0,-1.4436
PHAUSDT,2026-05-25 07:55:00,2026-05-25 08:45:00,0.0398,0.0406,2.01,1.005,Ladder,50.0,40.0,0.8039999999999998
RESOLVUSDT,2026-05-25 08:45:00,2026-05-25 09:20:00,0.028,0.0274,-2.143,-1.071,Hard Stop,35.0,40.0,-0.8572
SAGAUSDT,2026-05-25 10:40:00,2026-05-25 12:05:00,0.02399,0.02456,2.376,1.188,Ladder,85.0,40.0,0.9504
DODOUSDT,2026-05-25 18:45:00,2026-05-25 18:55:00,0.01876,0.01847,-1.546,-0.773,Hard Stop,10.0,100.0,-1.546
KITEUSDT,2026-05-26 06:50:00,2026-05-26 10:50:00,0.2069,0.2141,3.48,1.74,Time Exit,240.0,40.0,1.392
HUMAUSDT,2026-05-26 11:45:00,2026-05-26 12:00:00,0.02663,0.02608,-2.065,-1.033,Hard Stop,15.0,40.0,-0.826
MORPHOUSDT,2026-05-26 10:25:00,2026-05-26 14:25:00,2.254,2.287,1.464,0.732,Time Exit,240.0,100.0,1.464
WLDUSDT,2026-05-26 14:25:00,2026-05-26 18:25:00,0.3979,0.3937,-1.056,-0.528,Time Exit,240.0,40.0,-0.4224
LUNCUSDT,2026-05-26 21:50:00,2026-05-27 00:05:00,8.638e-05,8.876e-05,2.755,1.378,Ladder,135.0,40.0,1.1019999999999999
CHIPUSDT,2026-05-27 00:00:00,2026-05-27 00:15:00,0.04379,0.04267,-2.558,-1.279,Hard Stop,15.0,40.0,-1.0231999999999999
ICPUSDT,2026-05-27 04:50:00,2026-05-27 09:05:00,2.85,2.918,2.386,1.193,Ladder,255.0,40.0,0.9544000000000001
2ZUSDT,2026-05-27 12:20:00,2026-05-27 12:40:00,0.10007,0.09777,-2.298,-1.149,Hard Stop,20.0,40.0,-0.9192
GRTUSDT,2026-05-27 20:50:00,2026-05-27 21:35:00,0.02925,0.02855,-2.393,-1.197,Hard Stop,45.0,40.0,-0.9571999999999998
XLMUSDT,2026-05-28 13:40:00,2026-05-28 14:00:00,0.2037,0.1932,-5.155,-2.577,Hard Stop,20.0,40.0,-2.0620000000000003
GLMRUSDT,2026-05-28 19:15:00,2026-05-28 20:05:00,0.0124,0.012,-3.226,-1.613,Hard Stop,50.0,40.0,-1.2904
BATUSDT,2026-05-28 14:15:00,2026-05-28 21:20:00,0.1069,0.112,4.771,2.385,Ladder,425.0,40.0,1.9084
XPLUSDT,2026-05-28 17:10:00,2026-05-29 05:55:00,0.0898,0.0961,7.016,3.508,ATR Trail,765.0,40.0,2.8064
ETHFIUSDT,2026-05-29 05:00:00,2026-05-29 06:35:00,0.403,0.395,-1.985,-0.993,Hard Stop,95.0,40.0,-0.794
NILUSDT,2026-05-29 05:05:00,2026-05-29 11:20:00,0.06479,0.07137,10.156,5.078,ATR Trail,375.0,40.0,4.0624
JTOUSDT,2026-05-29 07:10:00,2026-05-29 11:50:00,0.5058,0.5181,2.432,1.216,Ladder,280.0,40.0,0.9727999999999999
HEIUSDT,2026-05-29 11:55:00,2026-05-29 13:55:00,0.0725,0.1104,52.276,26.138,ATR Trail,120.0,40.0,20.9104
NOMUSDT,2026-05-29 15:55:00,2026-05-29 16:15:00,0.00218,0.00209,-4.128,-2.064,Hard Stop,20.0,40.0,-1.6512000000000002
HEMIUSDT,2026-05-29 18:55:00,2026-05-29 19:20:00,0.00735,0.00803,9.252,4.626,ATR Trail,25.0,40.0,3.7008
INJUSDT,2026-05-29 15:25:00,2026-05-29 19:25:00,6.56,6.411,-2.271,-1.136,Time Exit,240.0,40.0,-0.9083999999999999
CFGUSDT,2026-05-30 05:05:00,2026-05-30 05:15:00,0.2724,0.2649,-2.753,-1.377,Hard Stop,10.0,40.0,-1.1012000000000002
VTHOUSDT,2026-05-30 03:15:00,2026-05-30 06:10:00,0.000576,0.000594,3.125,1.563,Ladder,175.0,40.0,1.25
PORTALUSDT,2026-05-30 07:10:00,2026-05-30 07:25:00,0.00842,0.00807,-4.157,-2.078,Hard Stop,15.0,40.0,-1.6628
OPNUSDT,2026-05-30 13:25:00,2026-05-30 13:50:00,0.1399,0.1357,-3.002,-1.501,Hard Stop,25.0,40.0,-1.2007999999999999
ZAMAUSDT,2026-05-30 10:15:00,2026-05-30 14:15:00,0.03671,0.03556,-3.133,-1.566,Time Exit,240.0,40.0,-1.2531999999999999
币安人生USDT,2026-05-30 15:10:00,2026-05-30 15:20:00,0.4743,0.4651,-1.94,-0.97,Hard Stop,10.0,40.0,-0.776
DYDXUSDT,2026-05-30 14:05:00,2026-05-30 16:00:00,0.19211,0.18723,-2.54,-1.27,Hard Stop,115.0,40.0,-1.016
FETUSDT,2026-05-30 13:55:00,2026-05-30 17:55:00,0.2743,0.2706,-1.349,-0.674,Time Exit,240.0,40.0,-0.5396
AXSUSDT,2026-05-31 00:15:00,2026-05-31 00:55:00,1.249,1.216,-2.642,-1.321,Hard Stop,40.0,40.0,-1.0568
BROCCOLI714USDT,2026-05-30 22:00:00,2026-05-31 02:00:00,0.01493,0.01464,-1.942,-0.971,Time Exit,240.0,40.0,-0.7767999999999999
FORMUSDT,2026-05-30 22:45:00,2026-05-31 02:45:00,0.2513,0.2558,1.791,0.895,Time Exit,240.0,40.0,0.7163999999999999
ACEUSDT,2026-05-31 19:00:00,2026-05-31 19:05:00,0.1214,0.1156,-4.778,-2.389,Hard Stop,5.0,40.0,-1.9111999999999998
ALICEUSDT,2026-05-31 22:25:00,2026-06-01 02:25:00,0.132,0.1322,0.152,0.076,Time Exit,240.0,40.0,0.06079999999999999
WLDUSDT,2026-06-01 02:05:00,2026-06-01 03:50:00,0.3764,0.387,2.816,1.408,Ladder,105.0,40.0,1.1263999999999998
GIGGLEUSDT,2026-06-01 07:35:00,2026-06-01 07:45:00,34.8,33.75,-3.017,-1.509,Hard Stop,10.0,40.0,-1.2067999999999999
ONDOUSDT,2026-06-01 09:40:00,2026-06-01 10:20:00,0.3626,0.3553,-2.013,-1.007,Hard Stop,40.0,100.0,-2.013
GTCUSDT,2026-06-01 07:35:00,2026-06-01 11:35:00,0.097,0.098,1.031,0.515,Time Exit,240.0,40.0,0.4124
NEARUSDT,2026-06-01 12:25:00,2026-06-01 16:25:00,2.395,2.399,0.167,0.084,Time Exit,240.0,40.0,0.0668
SYNUSDT,2026-06-01 14:45:00,2026-06-01 18:45:00,0.049,0.0479,-2.245,-1.122,Time Exit,240.0,40.0,-0.898
ORDIUSDT,2026-06-02 00:00:00,2026-06-02 00:55:00,4.062,3.898,-4.037,-2.019,Hard Stop,55.0,40.0,-1.6147999999999998
ZECUSDT,2026-06-02 02:25:00,2026-06-02 04:10:00,551.15,565.73,2.645,1.323,Ladder,105.0,40.0,1.058
VIRTUALUSDT,2026-06-02 11:50:00,2026-06-02 12:15:00,0.7623,0.7452,-2.243,-1.122,Hard Stop,25.0,40.0,-0.8972
CHIPUSDT,2026-06-02 12:30:00,2026-06-02 13:05:00,0.04451,0.04278,-3.887,-1.943,Hard Stop,35.0,40.0,-1.5548000000000002
MOVEUSDT,2026-06-02 13:00:00,2026-06-02 13:25:00,0.0154,0.0149,-3.247,-1.623,Hard Stop,25.0,40.0,-1.2988
BIOUSDT,2026-06-02 12:55:00,2026-06-02 15:35:00,0.0336,0.0351,4.464,2.232,ATR Trail,160.0,40.0,1.7856000000000003
ENAUSDT,2026-06-02 16:30:00,2026-06-02 18:20:00,0.0888,0.0959,7.995,3.998,ATR Trail,110.0,40.0,3.1980000000000004
DASHUSDT,2026-06-02 16:10:00,2026-06-02 19:20:00,39.72,38.42,-3.273,-1.636,Hard Stop,190.0,40.0,-1.3092000000000001
ZROUSDT,2026-06-02 19:45:00,2026-06-02 23:45:00,1.143,1.137,-0.525,-0.262,Time Exit,240.0,40.0,-0.21000000000000002
DEXEUSDT,2026-06-03 01:05:00,2026-06-03 01:15:00,22.829,23.064,1.029,0.515,Ladder,10.0,40.0,0.41159999999999997
ZKCUSDT,2026-06-03 00:05:00,2026-06-03 02:00:00,0.0622,0.0587,-5.627,-2.814,Hard Stop,115.0,40.0,-2.2508
ETHFIUSDT,2026-06-03 11:00:00,2026-06-03 11:45:00,0.373,0.365,-2.145,-1.072,Hard Stop,45.0,40.0,-0.858
GMTUSDT,2026-06-03 11:55:00,2026-06-03 13:00:00,0.01087,0.01039,-4.416,-2.208,Hard Stop,65.0,40.0,-1.7664000000000002
FILUSDT,2026-06-03 11:00:00,2026-06-03 15:05:00,0.956,0.982,2.72,1.36,Ladder,245.0,40.0,1.088
ARUSDT,2026-06-03 11:00:00,2026-06-03 15:50:00,2.31,2.56,10.823,5.411,ATR Trail,290.0,40.0,4.3292
XPLUSDT,2026-06-03 15:10:00,2026-06-03 16:45:00,0.0977,0.0943,-3.48,-1.74,Hard Stop,95.0,40.0,-1.392
JTOUSDT,2026-06-03 17:20:00,2026-06-03 18:00:00,0.6462,0.627,-2.971,-1.486,Hard Stop,40.0,40.0,-1.1884000000000001
NOMUSDT,2026-06-03 18:00:00,2026-06-03 19:25:00,0.00223,0.00218,-2.242,-1.121,Hard Stop,85.0,40.0,-0.8967999999999999
NILUSDT,2026-06-03 16:10:00,2026-06-03 20:10:00,0.06327,0.0613,-3.114,-1.557,Time Exit,240.0,40.0,-1.2455999999999998
INJUSDT,2026-06-03 21:05:00,2026-06-04 00:25:00,6.669,6.434,-3.524,-1.762,Hard Stop,200.0,40.0,-1.4096
PENGUUSDT,2026-06-03 21:40:00,2026-06-04 00:25:00,0.0072,0.006991,-2.903,-1.451,Hard Stop,165.0,40.0,-1.1612
ICPUSDT,2026-06-03 21:05:00,2026-06-04 01:05:00,3.088,3.043,-1.457,-0.729,Time Exit,240.0,40.0,-0.5828000000000001
QNTUSDT,2026-06-04 03:30:00,2026-06-04 05:05:00,71.9,69.89,-2.796,-1.398,Hard Stop,95.0,40.0,-1.1183999999999998
NIGHTUSDT,2026-06-04 02:20:00,2026-06-04 06:20:00,0.03815,0.03926,2.91,1.455,Time Exit,240.0,40.0,1.1640000000000001
HEIUSDT,2026-06-04 06:40:00,2026-06-04 10:40:00,0.0985,0.0787,-20.102,-10.051,Hard Stop,240.0,40.0,-8.0408
TUTUSDT,2026-06-04 12:35:00,2026-06-04 16:35:00,0.00969,0.00964,-0.516,-0.258,Time Exit,240.0,40.0,-0.20640000000000003
OPNUSDT,2026-06-04 20:30:00,2026-06-04 21:00:00,0.2901,0.2973,2.482,1.241,Ladder,30.0,40.0,0.9928000000000001
PYTHUSDT,2026-06-05 04:10:00,2026-06-05 05:55:00,0.034,0.0333,-2.059,-1.029,Hard Stop,105.0,40.0,-0.8236
PHAUSDT,2026-06-05 13:15:00,2026-06-05 13:45:00,0.0339,0.0331,-2.36,-1.18,Hard Stop,30.0,40.0,-0.944
GLMRUSDT,2026-06-05 20:25:00,2026-06-05 23:15:00,0.0097,0.0093,-4.124,-2.062,Hard Stop,170.0,40.0,-1.6496
DODOUSDT,2026-06-05 20:10:00,2026-06-06 00:10:00,0.01553,0.01562,0.58,0.29,Time Exit,240.0,100.0,0.58
BCHUSDT,2026-06-06 06:35:00,2026-06-06 10:35:00,220.1,218.1,-0.909,-0.454,Time Exit,240.0,40.0,-0.36360000000000003
PORTALUSDT,2026-06-06 15:00:00,2026-06-06 15:15:00,0.01531,0.01731,13.063,6.532,ATR Trail,15.0,40.0,5.2252
FORMUSDT,2026-06-06 11:35:00,2026-06-06 15:35:00,0.2691,0.2635,-2.081,-1.041,Time Exit,240.0,40.0,-0.8323999999999999
币安人生USDT,2026-06-06 19:10:00,2026-06-06 20:25:00,0.7664,0.7857,2.518,1.259,Ladder,75.0,40.0,1.0071999999999999
LUNCUSDT,2026-06-07 01:10:00,2026-06-07 02:20:00,6.476e-05,6.661e-05,2.857,1.428,Ladder,70.0,40.0,1.1428
GIGGLEUSDT,2026-06-07 01:00:00,2026-06-07 03:25:00,28.16,29.0,2.983,1.491,Ladder,145.0,40.0,1.1932
ZECUSDT,2026-06-07 05:40:00,2026-06-07 09:40:00,399.02,399.78,0.19,0.095,Time Exit,240.0,40.0,0.076
WLDUSDT,2026-06-07 13:00:00,2026-06-07 15:45:00,0.4449,0.4839,8.766,4.383,ATR Trail,165.0,40.0,3.5064
MEGAUSDT,2026-06-07 16:15:00,2026-06-07 19:00:00,0.04857,0.04707,-3.088,-1.544,Hard Stop,165.0,40.0,-1.2352
KITEUSDT,2026-06-07 15:35:00,2026-06-07 19:35:00,0.1956,0.1929,-1.38,-0.69,Time Exit,240.0,40.0,-0.552
ENAUSDT,2026-06-07 22:10:00,2026-06-07 22:30:00,0.0917,0.0898,-2.072,-1.036,Hard Stop,20.0,40.0,-0.8288000000000001
SOLUSDT,2026-06-07 22:10:00,2026-06-07 22:50:00,67.31,66.08,-1.827,-0.914,Hard Stop,40.0,40.0,-0.7307999999999999
ETHUSDT,2026-06-07 22:10:00,2026-06-07 22:55:00,1700.95,1672.56,-1.669,-0.835,Hard Stop,45.0,40.0,-0.6676
SUIUSDT,2026-06-07 22:10:00,2026-06-07 22:55:00,0.7703,0.756,-1.856,-0.928,Hard Stop,45.0,40.0,-0.7424
AAVEUSDT,2026-06-07 22:10:00,2026-06-07 22:55:00,64.81,63.59,-1.882,-0.941,Hard Stop,45.0,100.0,-1.882
UNIUSDT,2026-06-07 22:10:00,2026-06-07 22:55:00,2.595,2.553,-1.618,-0.809,Hard Stop,45.0,100.0,-1.6179999999999999
AVAXUSDT,2026-06-07 22:10:00,2026-06-07 22:55:00,6.884,6.75,-1.947,-0.973,Hard Stop,45.0,40.0,-0.7788
NEARUSDT,2026-06-07 22:10:00,2026-06-07 23:00:00,2.072,2.023,-2.365,-1.182,Hard Stop,50.0,40.0,-0.9460000000000001
MOVRUSDT,2026-06-07 22:10:00,2026-06-07 23:00:00,1.303,1.281,-1.688,-0.844,Hard Stop,50.0,40.0,-0.6752
DOGEUSDT,2026-06-07 22:10:00,2026-06-08 01:10:00,0.08657,0.08539,-1.363,-0.682,Hard Stop,180.0,40.0,-0.5452
ADAUSDT,2026-06-07 22:10:00,2026-06-08 01:10:00,0.1669,0.1629,-2.397,-1.198,Hard Stop,180.0,40.0,-0.9587999999999999
PEPEUSDT,2026-06-07 22:10:00,2026-06-08 01:10:00,2.85e-06,2.78e-06,-2.456,-1.228,Hard Stop,180.0,40.0,-0.9823999999999999
SANDUSDT,2026-06-07 22:10:00,2026-06-08 01:20:00,0.05339,0.05257,-1.536,-0.768,Hard Stop,190.0,40.0,-0.6144000000000001
PUMPUSDT,2026-06-07 22:10:00,2026-06-08 01:25:00,0.001545,0.001506,-2.524,-1.262,Hard Stop,195.0,40.0,-1.0095999999999998
LINKUSDT,2026-06-07 22:10:00,2026-06-08 02:10:00,7.939,7.926,-0.164,-0.082,Time Exit,240.0,40.0,-0.06559999999999999
PROVEUSDT,2026-06-08 05:00:00,2026-06-08 08:10:00,0.2023,0.1923,-4.943,-2.472,Hard Stop,190.0,40.0,-1.9771999999999998
MOVEUSDT,2026-06-08 08:55:00,2026-06-08 10:50:00,0.0132,0.0154,16.667,8.333,ATR Trail,115.0,40.0,6.6668
ZAMAUSDT,2026-06-08 09:10:00,2026-06-08 13:10:00,0.03214,0.0318,-1.058,-0.529,Time Exit,240.0,40.0,-0.4232
AUDIOUSDT,2026-06-08 17:05:00,2026-06-08 17:15:00,0.01664,0.01554,-6.611,-3.305,Hard Stop,10.0,40.0,-2.6444
DEXEUSDT,2026-06-08 02:05:00,2026-06-08 17:35:00,20.586,21.906,6.412,3.206,ATR Trail,930.0,40.0,2.5648
HUMAUSDT,2026-06-08 14:35:00,2026-06-08 18:35:00,0.02445,0.02443,-0.082,-0.041,Time Exit,240.0,40.0,-0.032799999999999996
SYNUSDT,2026-06-08 09:45:00,2026-06-08 21:10:00,0.0382,0.0392,2.618,1.309,Ladder,685.0,40.0,1.0472
JTOUSDT,2026-06-09 06:15:00,2026-06-09 08:00:00,0.6513,0.6302,-3.24,-1.62,Hard Stop,105.0,40.0,-1.2960000000000003
OPNUSDT,2026-06-10 03:55:00,2026-06-10 04:15:00,0.0996,0.0922,-7.43,-3.715,Hard Stop,20.0,40.0,-2.9719999999999995
HEIUSDT,2026-06-10 05:15:00,2026-06-10 05:20:00,0.0948,0.0902,-4.852,-2.426,Hard Stop,5.0,40.0,-1.9408
NILUSDT,2026-06-10 12:30:00,2026-06-10 16:30:00,0.03652,0.03643,-0.246,-0.123,Time Exit,240.0,40.0,-0.0984
PYTHUSDT,2026-06-10 13:05:00,2026-06-10 17:05:00,0.0322,0.0319,-0.932,-0.466,Time Exit,240.0,40.0,-0.3728
GLMRUSDT,2026-06-11 07:20:00,2026-06-11 11:20:00,0.0092,0.0092,0.0,0.0,Time Exit,240.0,40.0,0.0
0GUSDT,2026-06-11 10:05:00,2026-06-11 12:20:00,0.294,0.286,-2.721,-1.361,Hard Stop,135.0,40.0,-1.0884
NIGHTUSDT,2026-06-11 11:45:00,2026-06-11 12:20:00,0.03458,0.03389,-1.995,-0.998,Hard Stop,35.0,40.0,-0.798
ETHFIUSDT,2026-06-11 17:30:00,2026-06-11 20:25:00,0.311,0.306,-1.608,-0.804,Hard Stop,175.0,40.0,-0.6432
ONDOUSDT,2026-06-11 17:30:00,2026-06-11 21:30:00,0.3561,0.364,2.218,1.109,Time Exit,240.0,100.0,2.218
NOMUSDT,2026-06-11 17:30:00,2026-06-11 21:30:00,0.0017,0.00171,0.588,0.294,Time Exit,240.0,40.0,0.2352
ARUSDT,2026-06-11 17:30:00,2026-06-11 21:30:00,1.932,1.937,0.259,0.129,Time Exit,240.0,40.0,0.10360000000000001
XPLUSDT,2026-06-11 21:05:00,2026-06-12 05:20:00,0.0731,0.0843,15.321,7.661,ATR Trail,495.0,40.0,6.128399999999999
DODOUSDT,2026-06-12 07:50:00,2026-06-12 08:10:00,0.01641,0.01657,0.975,0.488,Ladder,20.0,100.0,0.975
ENJUSDT,2026-06-12 12:20:00,2026-06-12 14:05:00,0.03219,0.03557,10.5,5.25,ATR Trail,105.0,40.0,4.2
TUTUSDT,2026-06-12 14:25:00,2026-06-12 18:05:00,0.01096,0.0107,-2.372,-1.186,Hard Stop,220.0,40.0,-0.9487999999999999
TRUMPUSDT,2026-06-13 01:05:00,2026-06-13 02:15:00,2.239,2.292,2.367,1.184,Ladder,70.0,40.0,0.9468
INJUSDT,2026-06-13 07:25:00,2026-06-13 09:50:00,5.401,5.26,-2.611,-1.305,Hard Stop,145.0,40.0,-1.0444
PHAUSDT,2026-06-13 09:10:00,2026-06-13 10:45:00,0.0372,0.036,-3.226,-1.613,Hard Stop,95.0,40.0,-1.2904
TAOUSDT,2026-06-13 09:15:00,2026-06-13 13:15:00,243.6,250.9,2.997,1.498,Time Exit,240.0,40.0,1.1988
HEMIUSDT,2026-06-13 10:05:00,2026-06-13 14:05:00,0.00623,0.00625,0.321,0.161,Time Exit,240.0,40.0,0.12840000000000001
BERAUSDT,2026-06-13 16:05:00,2026-06-13 16:15:00,0.266,0.259,-2.632,-1.316,Hard Stop,10.0,40.0,-1.0528
XAIUSDT,2026-06-13 16:40:00,2026-06-13 17:00:00,0.00826,0.00811,-1.816,-0.908,Hard Stop,20.0,40.0,-0.7263999999999999
MEGAUSDT,2026-06-13 19:05:00,2026-06-13 19:55:00,0.0576,0.05918,2.743,1.372,Ladder,50.0,40.0,1.0972
KAITOUSDT,2026-06-13 22:00:00,2026-06-14 00:05:00,0.4952,0.4777,-3.534,-1.767,Hard Stop,125.0,40.0,-1.4135999999999997
ZKUSDT,2026-06-14 00:00:00,2026-06-14 01:25:00,0.0119,0.01157,-2.773,-1.387,Hard Stop,85.0,100.0,-2.773
ZKCUSDT,2026-06-14 00:10:00,2026-06-14 02:10:00,0.0513,0.0505,-1.559,-0.78,Hard Stop,120.0,40.0,-0.6235999999999999
SYNUSDT,2026-06-14 00:40:00,2026-06-14 02:35:00,0.0401,0.0412,2.743,1.372,Ladder,115.0,40.0,1.0972
MUBARAKUSDT,2026-06-14 09:30:00,2026-06-14 11:00:00,0.01101,0.01082,-1.726,-0.863,Hard Stop,90.0,40.0,-0.6904
CHIPUSDT,2026-06-14 07:25:00,2026-06-14 11:25:00,0.03526,0.03479,-1.333,-0.666,Time Exit,240.0,40.0,-0.5332
GTCUSDT,2026-06-14 08:15:00,2026-06-14 12:15:00,0.084,0.081,-3.571,-1.786,Time Exit,240.0,40.0,-1.4284
WLFIUSDT,2026-06-14 12:20:00,2026-06-14 12:25:00,0.0608,0.0598,-1.645,-0.822,Hard Stop,5.0,40.0,-0.6579999999999999
HUMAUSDT,2026-06-14 09:50:00,2026-06-14 13:50:00,0.02358,0.02447,3.774,1.887,Time Exit,240.0,40.0,1.5096
TOWNSUSDT,2026-06-14 13:45:00,2026-06-14 14:20:00,0.00234,0.00224,-4.274,-2.137,Hard Stop,35.0,40.0,-1.7096
TLMUSDT,2026-06-14 14:10:00,2026-06-14 14:20:00,0.001156,0.001144,-1.038,-0.519,Ladder,10.0,40.0,-0.4152
ALICEUSDT,2026-06-14 14:30:00,2026-06-14 15:00:00,0.111,0.1066,-3.964,-1.982,Hard Stop,30.0,40.0,-1.5856000000000001
JASMYUSDT,2026-06-14 18:05:00,2026-06-14 18:50:00,0.00539,0.00524,-2.783,-1.391,Hard Stop,45.0,40.0,-1.1132
DEXEUSDT,2026-06-14 23:05:00,2026-06-15 00:45:00,18.088,17.669,-2.316,-1.158,Hard Stop,100.0,40.0,-0.9264
PLUMEUSDT,2026-06-15 03:30:00,2026-06-15 03:45:00,0.01134,0.01111,-2.028,-1.014,Hard Stop,15.0,40.0,-0.8111999999999999
HEIUSDT,2026-06-15 07:30:00,2026-06-15 08:00:00,0.0851,0.0817,-3.995,-1.998,Hard Stop,30.0,40.0,-1.5979999999999999
METUSDT,2026-06-15 07:55:00,2026-06-15 08:00:00,0.1234,0.1177,-4.619,-2.31,Hard Stop,5.0,40.0,-1.8476
币安人生USDT,2026-06-15 09:00:00,2026-06-15 09:35:00,0.7227,0.6977,-3.459,-1.73,Hard Stop,35.0,40.0,-1.3836000000000002
ZROUSDT,2026-06-15 11:35:00,2026-06-15 15:10:00,1.153,1.186,2.862,1.431,Ladder,215.0,40.0,1.1448
ZECUSDT,2026-06-15 11:15:00,2026-06-15 15:15:00,529.05,529.34,0.055,0.027,Time Exit,240.0,40.0,0.022000000000000002
WLDUSDT,2026-06-15 11:15:00,2026-06-15 15:15:00,0.6124,0.6087,-0.604,-0.302,Time Exit,240.0,40.0,-0.2416
JTOUSDT,2026-06-15 14:00:00,2026-06-15 16:45:00,0.6894,0.7784,12.91,6.455,ATR Trail,165.0,40.0,5.164
MOVRUSDT,2026-06-15 12:55:00,2026-06-15 16:55:00,1.487,1.456,-2.085,-1.042,Time Exit,240.0,40.0,-0.8340000000000001
XLMUSDT,2026-06-15 17:15:00,2026-06-15 18:15:00,0.2338,0.2218,-5.133,-2.566,Hard Stop,60.0,40.0,-2.0532
SPCXBUSDT,2026-06-16 00:45:00,2026-06-16 01:05:00,213.42,217.12,1.734,0.867,Ladder,20.0,40.0,0.6936
SPKUSDT,2026-06-16 03:40:00,2026-06-16 04:20:00,0.020709,0.020288,-2.033,-1.016,Hard Stop,40.0,40.0,-0.8132
MOVEUSDT,2026-06-16 06:20:00,2026-06-16 06:40:00,0.0133,0.0128,-3.759,-1.88,Hard Stop,20.0,40.0,-1.5036
PORTALUSDT,2026-06-16 09:05:00,2026-06-16 09:50:00,0.01359,0.01402,3.164,1.582,ATR Trail,45.0,40.0,1.2656
ORDIUSDT,2026-06-16 19:05:00,2026-06-16 21:25:00,3.531,3.458,-2.067,-1.034,Hard Stop,140.0,40.0,-0.8268
SAGAUSDT,2026-06-16 17:50:00,2026-06-16 21:35:00,0.01378,0.01408,2.177,1.089,Ladder,225.0,40.0,0.8708
LUNCUSDT,2026-06-16 22:10:00,2026-06-16 23:10:00,7.751e-05,7.531e-05,-2.838,-1.419,Hard Stop,60.0,40.0,-1.1352000000000002
NILUSDT,2026-06-16 19:45:00,2026-06-16 23:45:00,0.04175,0.04141,-0.814,-0.407,Time Exit,240.0,40.0,-0.3256
OPNUSDT,2026-06-17 05:00:00,2026-06-17 05:30:00,0.0809,0.0833,2.967,1.483,Ladder,30.0,40.0,1.1868
ALGOUSDT,2026-06-17 06:30:00,2026-06-17 06:45:00,0.0995,0.097,-2.513,-1.256,Hard Stop,15.0,40.0,-1.0051999999999999
BIOUSDT,2026-06-17 05:20:00,2026-06-17 06:50:00,0.03401,0.03295,-3.117,-1.558,Hard Stop,90.0,40.0,-1.2468
XPLUSDT,2026-06-17 12:25:00,2026-06-17 13:50:00,0.1023,0.1114,8.895,4.448,ATR Trail,85.0,40.0,3.558
ASTERUSDT,2026-06-17 12:15:00,2026-06-17 16:35:00,0.732,0.753,2.869,1.434,Ladder,260.0,40.0,1.1476000000000002
ETHFIUSDT,2026-06-17 18:40:00,2026-06-17 19:15:00,0.377,0.383,1.592,0.796,Ladder,35.0,40.0,0.6368
ENAUSDT,2026-06-17 18:40:00,2026-06-17 19:20:00,0.0955,0.0917,-3.979,-1.99,Hard Stop,40.0,40.0,-1.5916
PUMPUSDT,2026-06-17 18:40:00,2026-06-17 19:20:00,0.001545,0.001486,-3.819,-1.909,Hard Stop,40.0,40.0,-1.5276
PYTHUSDT,2026-06-17 18:40:00,2026-06-17 19:20:00,0.0408,0.0395,-3.186,-1.593,Hard Stop,40.0,40.0,-1.2744
CFGUSDT,2026-06-17 18:40:00,2026-06-17 19:25:00,0.2403,0.2329,-3.079,-1.54,Hard Stop,45.0,40.0,-1.2316
MUBUSDT,2026-06-17 18:40:00,2026-06-17 19:45:00,1087.89,1055.18,-3.007,-1.503,Hard Stop,65.0,40.0,-1.2027999999999999
PHAUSDT,2026-06-18 13:50:00,2026-06-18 15:40:00,0.0381,0.0372,-2.362,-1.181,Hard Stop,110.0,40.0,-0.9448000000000001
EIGENUSDT,2026-06-18 20:05:00,2026-06-19 00:05:00,0.2195,0.2237,1.913,0.957,Time Exit,240.0,40.0,0.7652000000000001
BICOUSDT,2026-06-19 05:15:00,2026-06-19 05:45:00,0.0201,0.0204,1.493,0.746,Ladder,30.0,40.0,0.5972000000000001
SYNUSDT,2026-06-19 11:10:00,2026-06-19 12:20:00,0.1502,0.137,-8.788,-4.394,Hard Stop,70.0,40.0,-3.5152
TUTUSDT,2026-06-19 10:55:00,2026-06-19 13:45:00,0.01135,0.01105,-2.643,-1.322,Hard Stop,170.0,40.0,-1.0572
ACTUSDT,2026-06-19 09:30:00,2026-06-19 14:00:00,0.01008,0.01065,5.655,2.827,ATR Trail,270.0,40.0,2.262
REUSDT,2026-06-19 19:00:00,2026-06-19 19:40:00,0.8185,0.7653,-6.5,-3.25,Hard Stop,40.0,40.0,-2.6
ALICEUSDT,2026-06-19 22:20:00,2026-06-19 23:35:00,0.1139,0.1155,1.405,0.702,Ladder,75.0,40.0,0.562
YGGUSDT,2026-06-20 00:00:00,2026-06-20 00:10:00,0.02696,0.0262,-2.819,-1.409,Hard Stop,10.0,40.0,-1.1276
GLMRUSDT,2026-06-20 09:25:00,2026-06-20 09:35:00,0.0092,0.0094,2.174,1.087,Ladder,10.0,40.0,0.8695999999999999
BERAUSDT,2026-06-20 10:00:00,2026-06-20 10:20:00,0.23,0.225,-2.174,-1.087,Hard Stop,20.0,40.0,-0.8695999999999999
ACEUSDT,2026-06-20 10:10:00,2026-06-20 13:35:00,0.0835,0.0815,-2.395,-1.198,Hard Stop,205.0,40.0,-0.958
ZKUSDT,2026-06-20 10:55:00,2026-06-20 14:55:00,0.01144,0.01164,1.748,0.874,Time Exit,240.0,100.0,1.748
PROMUSDT,2026-06-20 14:00:00,2026-06-20 15:05:00,1.229,1.223,-0.488,-0.244,Ladder,65.0,40.0,-0.19519999999999998
LSKUSDT,2026-06-20 17:25:00,2026-06-20 18:50:00,0.094,0.091,-3.191,-1.596,Hard Stop,85.0,40.0,-1.2764
RESOLVUSDT,2026-06-20 17:25:00,2026-06-20 19:45:00,0.0164,0.0167,1.829,0.915,Ladder,140.0,40.0,0.7316
ENJUSDT,2026-06-20 18:15:00,2026-06-20 20:00:00,0.03703,0.03627,-2.052,-1.026,Hard Stop,105.0,40.0,-0.8208
AXSUSDT,2026-06-20 01:15:00,2026-06-21 00:05:00,1.03,1.151,11.748,5.874,ATR Trail,1370.0,40.0,4.699199999999999
METUSDT,2026-06-21 05:10:00,2026-06-21 06:00:00,0.1783,0.1687,-5.384,-2.692,Hard Stop,50.0,40.0,-2.1536000000000004
SUPERUSDT,2026-06-21 16:35:00,2026-06-21 16:55:00,0.1029,0.1009,-1.944,-0.972,Hard Stop,20.0,40.0,-0.7776
2ZUSDT,2026-06-21 16:55:00,2026-06-21 17:15:00,0.09014,0.08375,-7.089,-3.544,Hard Stop,20.0,40.0,-2.8356000000000003
OPNUSDT,2026-06-22 07:05:00,2026-06-22 07:15:00,0.076,0.0749,-1.447,-0.724,Hard Stop,10.0,40.0,-0.5788
DEXEUSDT,2026-06-22 08:00:00,2026-06-22 10:35:00,14.483,16.561,14.348,7.174,ATR Trail,155.0,40.0,5.7392
HEIUSDT,2026-06-22 10:20:00,2026-06-22 10:45:00,0.0973,0.0949,-2.467,-1.233,Hard Stop,25.0,40.0,-0.9868
DYDXUSDT,2026-06-22 08:40:00,2026-06-22 11:10:00,0.12725,0.13106,2.994,1.497,Ladder,150.0,40.0,1.1976
NILUSDT,2026-06-22 11:00:00,2026-06-22 12:15:00,0.0413,0.04068,-1.501,-0.751,Hard Stop,75.0,40.0,-0.6003999999999999
TLMUSDT,2026-06-22 12:55:00,2026-06-22 13:15:00,0.001102,0.001081,-1.906,-0.953,Hard Stop,20.0,40.0,-0.7624
QNTUSDT,2026-06-22 13:45:00,2026-06-22 14:30:00,72.87,71.42,-1.99,-0.995,Hard Stop,45.0,40.0,-0.796
NOMUSDT,2026-06-22 14:15:00,2026-06-22 15:10:00,0.00184,0.00176,-4.348,-2.174,Hard Stop,55.0,40.0,-1.7391999999999999
ZROUSDT,2026-06-22 12:45:00,2026-06-22 16:45:00,0.974,0.984,1.027,0.513,Time Exit,240.0,40.0,0.4108
PORTALUSDT,2026-06-22 17:15:00,2026-06-22 17:30:00,0.01584,0.01612,1.768,0.884,Ladder,15.0,40.0,0.7072
DODOUSDT,2026-06-23 06:20:00,2026-06-23 08:15:00,0.01807,0.0166,-8.135,-4.068,Hard Stop,115.0,100.0,-8.135
SCRUSDT,2026-06-23 08:55:00,2026-06-23 09:05:00,0.03339,0.03163,-5.271,-2.636,Hard Stop,10.0,40.0,-2.1084
MOVRUSDT,2026-06-23 05:55:00,2026-06-23 09:55:00,1.382,1.249,-9.624,-4.812,Time Exit,240.0,40.0,-3.8496
JTOUSDT,2026-06-23 09:50:00,2026-06-23 10:40:00,0.6614,0.6441,-2.616,-1.308,Hard Stop,50.0,40.0,-1.0464000000000002
MEGAUSDT,2026-06-23 12:40:00,2026-06-23 16:40:00,0.05563,0.05495,-1.222,-0.611,Time Exit,240.0,40.0,-0.4888
TOWNSUSDT,2026-06-24 01:50:00,2026-06-24 04:20:00,0.0023,0.00214,-6.957,-3.478,Hard Stop,150.0,40.0,-2.7828
0GUSDT,2026-06-24 06:55:00,2026-06-24 07:30:00,0.245,0.241,-1.633,-0.816,Hard Stop,35.0,40.0,-0.6532
SYNUSDT,2026-06-24 13:35:00,2026-06-24 14:00:00,0.3248,0.3318,2.155,1.078,Ladder,25.0,40.0,0.862
XAIUSDT,2026-06-24 13:35:00,2026-06-24 15:30:00,0.00813,0.00767,-5.658,-2.829,Hard Stop,115.0,40.0,-2.2632000000000003
AAVEUSDT,2026-06-24 18:20:00,2026-06-24 22:45:00,76.08,78.12,2.681,1.341,Ladder,265.0,100.0,2.681
SAGAUSDT,2026-06-25 09:30:00,2026-06-25 10:05:00,0.01405,0.01386,-1.352,-0.676,Hard Stop,35.0,40.0,-0.5408000000000001
SNDKBUSDT,2026-06-24 20:00:00,2026-06-25 13:45:00,1984.0,2205.41,11.16,5.58,ATR Trail,1065.0,100.0,11.16
MUBUSDT,2026-06-24 20:00:00,2026-06-25 13:45:00,1099.88,1198.37,8.955,4.477,ATR Trail,1065.0,40.0,3.5820000000000003
HEMIUSDT,2026-06-25 14:15:00,2026-06-25 16:55:00,0.00476,0.00488,2.521,1.261,Ladder,160.0,40.0,1.0084
APEUSDT,2026-06-25 14:30:00,2026-06-25 18:30:00,0.1338,0.1312,-1.943,-0.972,Time Exit,240.0,40.0,-0.7772
TUTUSDT,2026-06-25 18:25:00,2026-06-25 19:10:00,0.01115,0.01087,-2.511,-1.256,Hard Stop,45.0,40.0,-1.0044
XPLUSDT,2026-06-25 18:20:00,2026-06-26 01:00:00,0.09548,0.10238,7.227,3.613,ATR Trail,400.0,40.0,2.8908
GTCUSDT,2026-06-26 03:25:00,2026-06-26 03:30:00,0.068,0.067,-1.471,-0.735,Hard Stop,5.0,40.0,-0.5884
REUSDT,2026-06-26 03:55:00,2026-06-26 05:20:00,0.6016,0.6187,2.842,1.421,Ladder,85.0,40.0,1.1368
CRCLBUSDT,2026-06-26 13:35:00,2026-06-26 14:35:00,70.68,72.55,2.646,1.323,Ladder,60.0,100.0,2.646
KAITOUSDT,2026-06-26 14:05:00,2026-06-26 14:50:00,0.5379,0.5201,-3.309,-1.655,Hard Stop,45.0,40.0,-1.3236
币安人生USDT,2026-06-26 14:50:00,2026-06-26 14:55:00,0.7568,0.7274,-3.885,-1.942,Hard Stop,5.0,40.0,-1.5539999999999998
TRUMPUSDT,2026-06-26 16:00:00,2026-06-26 16:05:00,1.742,1.709,-1.894,-0.947,Hard Stop,5.0,40.0,-0.7575999999999999
PYTHUSDT,2026-06-26 17:15:00,2026-06-26 17:20:00,0.03459,0.03369,-2.602,-1.301,Hard Stop,5.0,40.0,-1.0408
METUSDT,2026-06-26 13:55:00,2026-06-26 17:55:00,0.1588,0.1597,0.567,0.283,Time Exit,240.0,40.0,0.2268
TIAUSDT,2026-06-26 17:40:00,2026-06-26 21:40:00,0.3877,0.3818,-1.522,-0.761,Time Exit,240.0,40.0,-0.6088
BICOUSDT,2026-06-26 20:15:00,2026-06-27 00:00:00,0.02012,0.02038,1.292,0.646,Ladder,225.0,40.0,0.5168
ARKUSDT,2026-06-27 00:25:00,2026-06-27 03:00:00,0.1106,0.1171,5.877,2.939,ATR Trail,155.0,40.0,2.3508
HEIUSDT,2026-06-27 15:05:00,2026-06-27 15:30:00,0.165,0.1571,-4.788,-2.394,Hard Stop,25.0,40.0,-1.9152000000000002
RESOLVUSDT,2026-06-27 15:20:00,2026-06-27 16:35:00,0.0213,0.0218,2.347,1.174,Ladder,75.0,40.0,0.9388000000000001
PUMPUSDT,2026-06-27 16:30:00,2026-06-27 17:00:00,0.001436,0.001395,-2.855,-1.428,Hard Stop,30.0,40.0,-1.142
CHIPUSDT,2026-06-27 15:00:00,2026-06-27 19:00:00,0.03042,0.03113,2.334,1.167,Time Exit,240.0,40.0,0.9336
ALGOUSDT,2026-06-27 20:50:00,2026-06-27 21:00:00,0.0881,0.0869,-1.362,-0.681,Hard Stop,10.0,40.0,-0.5448
OPNUSDT,2026-06-27 20:35:00,2026-06-28 00:35:00,0.0609,0.0625,2.627,1.314,Time Exit,240.0,40.0,1.0508
NEARUSDT,2026-06-28 00:05:00,2026-06-28 00:55:00,1.941,1.905,-1.855,-0.927,Hard Stop,50.0,40.0,-0.742
ACTUSDT,2026-06-28 01:35:00,2026-06-28 02:15:00,0.00834,0.00847,1.559,0.779,Ladder,40.0,40.0,0.6235999999999999
TLMUSDT,2026-06-28 11:55:00,2026-06-28 13:00:00,0.000911,0.000893,-1.976,-0.988,Hard Stop,65.0,40.0,-0.7904
PORTALUSDT,2026-06-28 13:30:00,2026-06-28 14:20:00,0.01373,0.01316,-4.151,-2.076,Hard Stop,50.0,40.0,-1.6603999999999999
MAGICUSDT,2026-06-28 16:10:00,2026-06-28 17:45:00,0.0492,0.0502,2.033,1.016,ATR Trail,95.0,40.0,0.8132
BOMEUSDT,2026-06-28 17:45:00,2026-06-28 18:35:00,0.0004228,0.0004103,-2.956,-1.478,Hard Stop,50.0,40.0,-1.1824
DYDXUSDT,2026-06-28 15:10:00,2026-06-28 19:10:00,0.15744,0.15718,-0.165,-0.083,Time Exit,240.0,40.0,-0.066
ALICEUSDT,2026-06-29 08:45:00,2026-06-29 09:00:00,0.1293,0.1249,-3.403,-1.701,Hard Stop,15.0,40.0,-1.3612
MSTRBUSDT,2026-06-29 12:00:00,2026-06-29 12:40:00,88.22,86.31,-2.165,-1.083,Hard Stop,40.0,100.0,-2.165
ENAUSDT,2026-06-29 13:00:00,2026-06-29 13:25:00,0.0838,0.0803,-4.177,-2.088,Hard Stop,25.0,40.0,-1.6707999999999998
SYNUSDT,2026-06-29 14:20:00,2026-06-29 16:15:00,0.4379,0.44555,1.747,0.873,Ladder,115.0,40.0,0.6988
ORDIUSDT,2026-06-29 14:55:00,2026-06-29 19:05:00,3.72,4.144,11.398,5.699,ATR Trail,250.0,40.0,4.5592
ACEUSDT,2026-06-30 04:00:00,2026-06-30 05:20:00,0.0741,0.0724,-2.294,-1.147,Hard Stop,80.0,40.0,-0.9176000000000001
CHZUSDT,2026-06-30 07:00:00,2026-06-30 07:15:00,0.01938,0.01899,-2.012,-1.006,Hard Stop,15.0,40.0,-0.8048
DODOUSDT,2026-06-30 09:35:00,2026-06-30 11:10:00,0.0204,0.0185,-9.314,-4.657,Hard Stop,95.0,100.0,-9.314
SPKUSDT,2026-06-30 13:10:00,2026-06-30 17:10:00,0.017307,0.017379,0.416,0.208,Time Exit,240.0,40.0,0.1664
BIOUSDT,2026-06-30 17:30:00,2026-06-30 20:10:00,0.02873,0.02959,2.993,1.497,Ladder,160.0,40.0,1.1972
TOWNSUSDT,2026-06-30 21:15:00,2026-06-30 22:00:00,0.00198,0.00209,5.556,2.778,ATR Trail,45.0,40.0,2.2224
NOMUSDT,2026-07-01 11:00:00,2026-07-01 11:30:00,0.00151,0.0016,5.96,2.98,ATR Trail,30.0,40.0,2.384
MORPHOUSDT,2026-07-01 12:20:00,2026-07-01 12:25:00,2.121,2.05,-3.347,-1.674,Hard Stop,5.0,100.0,-3.347
HEMIUSDT,2026-07-01 15:10:00,2026-07-01 15:30:00,0.00449,0.00441,-1.782,-0.891,Hard Stop,20.0,40.0,-0.7128
GTCUSDT,2026-07-01 12:40:00,2026-07-01 16:40:00,0.068,0.07,2.941,1.471,Time Exit,240.0,40.0,1.1764
币安人生USDT,2026-07-01 15:30:00,2026-07-01 17:40:00,0.6772,0.6966,2.865,1.432,Ladder,130.0,40.0,1.1460000000000001
SLPUSDT,2026-07-01 20:10:00,2026-07-01 20:30:00,0.000532,0.000569,6.955,3.477,ATR Trail,20.0,40.0,2.782
ZKCUSDT,2026-07-02 00:05:00,2026-07-02 00:25:00,0.0451,0.0443,-1.774,-0.887,Hard Stop,20.0,40.0,-0.7096
HUMAUSDT,2026-07-01 23:55:00,2026-07-02 03:55:00,0.02193,0.02218,1.14,0.57,Time Exit,240.0,40.0,0.45599999999999996
RAYUSDT,2026-07-02 09:30:00,2026-07-02 11:15:00,0.6895,0.7134,3.466,1.733,Ladder,105.0,40.0,1.3864
REUSDT,2026-07-02 10:10:00,2026-07-02 14:25:00,0.6371,0.6554,2.872,1.436,Ladder,255.0,40.0,1.1488
CRCLBUSDT,2026-07-02 13:30:00,2026-07-02 17:10:00,67.09,65.03,-3.071,-1.535,Hard Stop,220.0,100.0,-3.071
DEXEUSDT,2026-07-02 17:35:00,2026-07-02 18:30:00,23.613,22.931,-2.888,-1.444,Hard Stop,55.0,40.0,-1.1552
BICOUSDT,2026-07-02 18:25:00,2026-07-02 19:35:00,0.01632,0.0156,-4.412,-2.206,Hard Stop,70.0,40.0,-1.7648
ILVUSDT,2026-07-02 16:00:00,2026-07-02 20:00:00,3.13,3.09,-1.278,-0.639,Time Exit,240.0,40.0,-0.5112
0GUSDT,2026-07-03 02:40:00,2026-07-03 03:45:00,0.229,0.219,-4.367,-2.183,Hard Stop,65.0,40.0,-1.7468
TIAUSDT,2026-07-03 08:00:00,2026-07-03 12:00:00,0.3913,0.4018,2.683,1.342,Time Exit,240.0,40.0,1.0732
MANAUSDT,2026-07-03 12:10:00,2026-07-03 13:00:00,0.0765,0.0728,-4.837,-2.418,Hard Stop,50.0,40.0,-1.9347999999999999
GLMRUSDT,2026-07-03 10:50:00,2026-07-03 14:50:00,0.0088,0.0088,0.0,0.0,Time Exit,240.0,40.0,0.0
NILUSDT,2026-07-03 16:50:00,2026-07-03 17:20:00,0.03808,0.03879,1.864,0.932,Ladder,30.0,40.0,0.7456
ETHFIUSDT,2026-07-03 14:40:00,2026-07-03 18:40:00,0.37,0.368,-0.541,-0.27,Time Exit,240.0,40.0,-0.21640000000000004
JTOUSDT,2026-07-03 15:25:00,2026-07-03 19:25:00,0.7832,0.7786,-0.587,-0.294,Time Exit,240.0,40.0,-0.23479999999999998
METUSDT,2026-07-03 17:30:00,2026-07-03 21:20:00,0.198,0.1927,-2.677,-1.338,Hard Stop,230.0,40.0,-1.0708000000000002
TLMUSDT,2026-07-03 19:25:00,2026-07-03 21:20:00,0.002156,0.00287,33.117,16.558,ATR Trail,115.0,40.0,13.246799999999999
ACTUSDT,2026-07-03 23:50:00,2026-07-04 00:15:00,0.00983,0.00948,-3.561,-1.78,Hard Stop,25.0,40.0,-1.4244
BONKUSDT,2026-07-03 21:50:00,2026-07-04 01:50:00,4.87e-06,4.85e-06,-0.411,-0.205,Time Exit,240.0,40.0,-0.1644
HEIUSDT,2026-07-04 07:55:00,2026-07-04 09:55:00,0.1174,0.1117,-4.855,-2.428,Hard Stop,120.0,40.0,-1.9420000000000002
AUDIOUSDT,2026-07-04 11:15:00,2026-07-04 11:25:00,0.01544,0.01455,-5.764,-2.882,Hard Stop,10.0,40.0,-2.3056
PORTALUSDT,2026-07-04 12:10:00,2026-07-04 12:15:00,0.01319,0.01294,-1.895,-0.948,Hard Stop,5.0,40.0,-0.758
MEGAUSDT,2026-07-05 06:25:00,2026-07-05 06:40:00,0.05534,0.05353,-3.271,-1.635,Hard Stop,15.0,40.0,-1.3083999999999998
FORMUSDT,2026-07-05 08:25:00,2026-07-05 09:15:00,0.2313,0.2266,-2.032,-1.016,Hard Stop,50.0,40.0,-0.8128000000000001
SYNUSDT,2026-07-05 12:10:00,2026-07-05 13:20:00,0.41306,0.395,-4.372,-2.186,Hard Stop,70.0,40.0,-1.7488000000000001
GIGGLEUSDT,2026-07-05 13:15:00,2026-07-05 14:00:00,28.33,27.44,-3.142,-1.571,Hard Stop,45.0,40.0,-1.2568
OPNUSDT,2026-07-05 15:15:00,2026-07-05 15:40:00,0.0765,0.0716,-6.405,-3.203,Hard Stop,25.0,40.0,-2.562
TUTUSDT,2026-07-05 16:00:00,2026-07-05 18:05:00,0.01123,0.01103,-1.781,-0.89,Hard Stop,125.0,40.0,-0.7123999999999999
TRBUSDT,2026-07-05 19:00:00,2026-07-05 19:40:00,18.07,17.39,-3.763,-1.882,Hard Stop,40.0,40.0,-1.5051999999999999
MOVRUSDT,2026-07-05 21:10:00,2026-07-05 21:20:00,1.44,1.367,-5.069,-2.535,Hard Stop,10.0,40.0,-2.0276
ALICEUSDT,2026-07-05 20:55:00,2026-07-05 21:25:00,0.1385,0.142,2.527,1.264,Ladder,30.0,40.0,1.0108000000000001
NEIROUSDT,2026-07-05 19:05:00,2026-07-05 23:05:00,6.968e-05,7.013e-05,0.646,0.323,Time Exit,240.0,40.0,0.2584
MUBARAKUSDT,2026-07-06 10:25:00,2026-07-06 11:10:00,0.0119,0.01165,-2.101,-1.05,Hard Stop,45.0,40.0,-0.8404
TOWNSUSDT,2026-07-06 13:55:00,2026-07-06 17:55:00,0.00205,0.0021,2.439,1.22,Time Exit,240.0,40.0,0.9756
YGGUSDT,2026-07-06 15:45:00,2026-07-06 19:45:00,0.02346,0.02365,0.81,0.405,Time Exit,240.0,40.0,0.32400000000000007
MORPHOUSDT,2026-07-06 15:50:00,2026-07-06 19:50:00,2.022,1.982,-1.978,-0.989,Time Exit,240.0,100.0,-1.978
KITEUSDT,2026-07-07 02:00:00,2026-07-07 06:00:00,0.1236,0.1211,-2.023,-1.011,Time Exit,240.0,40.0,-0.8092
CHIPUSDT,2026-07-07 09:15:00,2026-07-07 11:35:00,0.03785,0.03575,-5.548,-2.774,Hard Stop,140.0,40.0,-2.2192
ZECUSDT,2026-07-07 15:40:00,2026-07-07 18:10:00,486.62,499.77,2.702,1.351,Ladder,150.0,40.0,1.0808
SNDKBUSDT,2026-07-08 00:45:00,2026-07-08 01:35:00,1712.2,1647.24,-3.794,-1.897,Hard Stop,50.0,100.0,-3.794
KAITOUSDT,2026-07-08 11:05:00,2026-07-08 11:45:00,0.6306,0.7891,25.135,12.567,ATR Trail,40.0,40.0,10.054
DEXEUSDT,2026-07-08 12:20:00,2026-07-08 13:20:00,29.691,28.539,-3.88,-1.94,Hard Stop,60.0,40.0,-1.552
RESOLVUSDT,2026-07-08 10:20:00,2026-07-08 14:20:00,0.0228,0.0222,-2.632,-1.316,Time Exit,240.0,40.0,-1.0528
NOMUSDT,2026-07-08 13:35:00,2026-07-08 14:20:00,0.00164,0.0016,-2.439,-1.22,Hard Stop,45.0,40.0,-0.9756
MUBUSDT,2026-07-08 13:30:00,2026-07-08 15:20:00,940.4,918.22,-2.359,-1.179,Hard Stop,110.0,40.0,-0.9436
SOXLBUSDT,2026-07-08 13:30:00,2026-07-08 15:20:00,168.78,161.14,-4.527,-2.263,Hard Stop,110.0,100.0,-4.527
DRAMBUSDT,2026-07-08 13:30:00,2026-07-08 15:20:00,60.5,58.91,-2.628,-1.314,Hard Stop,110.0,40.0,-1.0512000000000001
DODOUSDT,2026-07-08 16:30:00,2026-07-08 16:40:00,0.01632,0.01587,-2.757,-1.379,Hard Stop,10.0,100.0,-2.757
GLMRUSDT,2026-07-08 20:15:00,2026-07-08 20:35:00,0.0092,0.0099,7.609,3.804,ATR Trail,20.0,40.0,3.0436
BICOUSDT,2026-07-09 15:10:00,2026-07-09 15:20:00,0.01442,0.01408,-2.358,-1.179,Hard Stop,10.0,40.0,-0.9432
CRCLBUSDT,2026-07-10 10:05:00,2026-07-10 12:10:00,67.1,70.22,4.65,2.325,Ladder,125.0,100.0,4.65
OPNUSDT,2026-07-10 17:45:00,2026-07-10 19:00:00,0.0658,0.0674,2.432,1.216,Ladder,75.0,40.0,0.9727999999999999
TUTUSDT,2026-07-10 21:30:00,2026-07-10 21:40:00,0.0116,0.01144,-1.379,-0.69,Hard Stop,10.0,40.0,-0.5516
IOTAUSDT,2026-07-11 02:05:00,2026-07-11 02:25:00,0.041,0.0408,-0.488,-0.244,Ladder,20.0,40.0,-0.19519999999999998
VIRTUALUSDT,2026-07-10 17:20:00,2026-07-11 05:25:00,0.5666,0.6291,11.031,5.515,ATR Trail,725.0,40.0,4.4124
TLMUSDT,2026-07-11 07:00:00,2026-07-11 08:30:00,0.002005,0.001925,-3.99,-1.995,Hard Stop,90.0,40.0,-1.596
USDEUSDT,2026-07-11 09:45:00,2026-07-11 09:50:00,1.0495,1.001,-4.621,-2.311,Hard Stop,5.0,40.0,-1.8484
ARBUSDT,2026-07-11 16:00:00,2026-07-11 18:00:00,0.0989,0.0966,-2.326,-1.163,Hard Stop,120.0,100.0,-2.326
ZKCUSDT,2026-07-12 00:00:00,2026-07-12 00:05:00,0.0461,0.0451,-2.169,-1.085,Hard Stop,5.0,40.0,-0.8676
SYNUSDT,2026-07-12 00:00:00,2026-07-12 00:25:00,0.30847,0.29492,-4.393,-2.196,Hard Stop,25.0,40.0,-1.7571999999999999
HEIUSDT,2026-07-12 14:10:00,2026-07-12 14:50:00,0.1112,0.1085,-2.428,-1.214,Hard Stop,40.0,40.0,-0.9712
JTOUSDT,2026-07-12 13:35:00,2026-07-12 17:35:00,0.6092,0.6105,0.213,0.107,Time Exit,240.0,40.0,0.0852
NILUSDT,2026-07-12 19:00:00,2026-07-12 19:05:00,0.03739,0.03655,-2.247,-1.123,Hard Stop,5.0,40.0,-0.8988
币安人生USDT,2026-07-14 07:45:00,2026-07-14 09:55:00,0.7344,0.7561,2.955,1.477,Ladder,130.0,40.0,1.182
TOWNSUSDT,2026-07-14 11:20:00,2026-07-14 11:30:00,0.00221,0.00221,0.0,0.0,Ladder,10.0,40.0,0.0
SOXLBUSDT,2026-07-14 12:30:00,2026-07-14 13:30:00,190.1,180.4,-5.103,-2.551,Hard Stop,60.0,100.0,-5.103
SNDKBUSDT,2026-07-14 12:30:00,2026-07-14 13:55:00,1809.13,1774.29,-1.926,-0.963,Hard Stop,85.0,100.0,-1.926
PUMPUSDT,2026-07-14 16:25:00,2026-07-14 17:35:00,0.001524,0.001462,-4.068,-2.034,Hard Stop,70.0,40.0,-1.6271999999999998
DODOUSDT,2026-07-14 21:05:00,2026-07-14 21:55:00,0.02111,0.02326,10.185,5.092,ATR Trail,50.0,100.0,10.185
METUSDT,2026-07-15 01:00:00,2026-07-15 02:45:00,0.1546,0.1587,2.652,1.326,Ladder,105.0,40.0,1.0608
0GUSDT,2026-07-15 04:40:00,2026-07-15 06:00:00,0.189,0.183,-3.175,-1.587,Hard Stop,80.0,40.0,-1.27
SKHYBUSDT,2026-07-15 13:40:00,2026-07-15 14:20:00,183.09,175.55,-4.118,-2.059,Hard Stop,40.0,100.0,-4.118
ONDOUSDT,2026-07-15 20:00:00,2026-07-16 15:00:00,0.3477,0.3835,10.296,5.148,ATR Trail,1140.0,100.0,10.296
KAITOUSDT,2026-07-16 19:55:00,2026-07-16 23:55:00,0.8567,0.8486,-0.945,-0.473,Time Exit,240.0,40.0,-0.378
ONEUSDT,2026-07-17 11:15:00,2026-07-17 11:25:00,0.00128,0.00128,0.0,0.0,Ladder,10.0,40.0,0.0
AUDIOUSDT,2026-07-17 12:40:00,2026-07-17 13:05:00,0.0138,0.01387,0.507,0.254,Ladder,25.0,40.0,0.20279999999999998
MUBUSDT,2026-07-17 13:50:00,2026-07-17 14:45:00,838.06,862.07,2.865,1.432,Ladder,55.0,40.0,1.1460000000000001
DRAMBUSDT,2026-07-17 13:55:00,2026-07-17 14:50:00,51.04,52.5,2.861,1.43,Ladder,55.0,40.0,1.1444
HEIUSDT,2026-07-17 16:25:00,2026-07-17 16:35:00,0.1219,0.1174,-3.692,-1.846,Hard Stop,10.0,40.0,-1.4768000000000001
RESOLVUSDT,2026-07-17 16:05:00,2026-07-17 17:50:00,0.0215,0.0209,-2.791,-1.395,Hard Stop,105.0,40.0,-1.1164
PORTALUSDT,2026-07-17 19:05:00,2026-07-17 19:15:00,0.01147,0.01103,-3.836,-1.918,Hard Stop,10.0,40.0,-1.5344
SYNUSDT,2026-07-18 00:45:00,2026-07-18 00:55:00,0.2303,0.21972,-4.594,-2.297,Ladder,10.0,40.0,-1.8376000000000001
ACEUSDT,2026-07-18 15:10:00,2026-07-18 15:20:00,0.0763,0.0767,0.524,0.262,Ladder,10.0,40.0,0.2096
DEXEUSDT,2026-07-18 12:50:00,2026-07-18 16:50:00,36.084,35.529,-1.538,-0.769,Time Exit,240.0,40.0,-0.6152
XAIUSDT,2026-07-18 16:00:00,2026-07-18 17:45:00,0.00713,0.00692,-2.945,-1.473,Hard Stop,105.0,40.0,-1.178
TLMUSDT,2026-07-18 19:45:00,2026-07-18 20:25:00,0.001393,0.001355,-2.728,-1.364,Hard Stop,40.0,40.0,-1.0912000000000002
PHAUSDT,2026-07-18 17:15:00,2026-07-18 21:15:00,0.0238,0.0244,2.521,1.261,Time Exit,240.0,40.0,1.0084
TOWNSUSDT,2026-07-19 14:05:00,2026-07-19 18:05:00,0.00238,0.00241,1.261,0.63,Time Exit,240.0,40.0,0.5044
PROMUSDT,2026-07-19 18:55:00,2026-07-19 19:40:00,1.608,1.551,-3.545,-1.772,Ladder,45.0,40.0,-1.4180000000000001
SOXLBUSDT,2026-07-20 00:00:00,2026-07-20 01:30:00,139.2,135.49,-2.665,-1.333,Hard Stop,90.0,100.0,-2.665
JTOUSDT,2026-07-20 00:10:00,2026-07-20 03:25:00,0.5892,0.6056,2.783,1.392,Ladder,195.0,40.0,1.1132
ALICEUSDT,2026-07-20 06:25:00,2026-07-20 08:20:00,0.1219,0.1456,19.442,9.721,ATR Trail,115.0,40.0,7.776800000000001
HEMIUSDT,2026-07-20 09:05:00,2026-07-20 09:25:00,0.00521,0.00492,-5.566,-2.783,Hard Stop,20.0,40.0,-2.2264
ACTUSDT,2026-07-20 20:10:00,2026-07-20 20:20:00,0.00932,0.00901,-3.326,-1.663,Hard Stop,10.0,40.0,-1.3304
YGGUSDT,2026-07-21 04:05:00,2026-07-21 06:10:00,0.02019,0.02072,2.625,1.313,Ladder,125.0,40.0,1.05
METUSDT,2026-07-21 04:50:00,2026-07-21 07:35:00,0.171,0.1655,-3.216,-1.608,Hard Stop,165.0,40.0,-1.2864
CRCLBUSDT,2026-07-21 13:30:00,2026-07-21 13:55:00,71.87,70.14,-2.407,-1.204,Hard Stop,25.0,100.0,-2.407
币安人生USDT,2026-07-21 14:45:00,2026-07-21 15:25:00,0.6182,0.5959,-3.607,-1.804,Hard Stop,40.0,40.0,-1.4428
GRAMUSDT,2026-07-21 14:35:00,2026-07-21 18:35:00,1.509,1.537,1.856,0.928,Time Exit,240.0,40.0,0.7424
SAGAUSDT,2026-07-21 15:45:00,2026-07-21 19:45:00,0.01379,0.01356,-1.668,-0.834,Time Exit,240.0,40.0,-0.6672
NIGHTUSDT,2026-07-21 19:30:00,2026-07-22 00:15:00,0.0221,0.02369,7.195,3.597,ATR Trail,285.0,40.0,2.878
DODOUSDT,2026-07-22 02:25:00,2026-07-22 03:05:00,0.0174,0.01858,6.782,3.391,ATR Trail,40.0,100.0,6.782000000000001
REUSDT,2026-07-22 08:20:00,2026-07-22 12:00:00,0.4647,0.4772,2.69,1.345,Ladder,220.0,40.0,1.076
GOOGLBUSDT,2026-07-22 20:10:00,2026-07-22 20:55:00,349.79,329.0,-5.944,-2.972,Hard Stop,45.0,40.0,-2.3776
ZKCUSDT,2026-07-23 07:05:00,2026-07-23 07:15:00,0.0534,0.0485,-9.176,-4.588,Hard Stop,10.0,40.0,-3.6704000000000003
GLMRUSDT,2026-07-23 10:20:00,2026-07-23 10:30:00,0.009398,0.009172,-2.405,-1.202,Hard Stop,10.0,40.0,-0.962
AAOIBUSDT,2026-07-23 13:30:00,2026-07-23 14:10:00,113.38,115.6,1.958,0.979,Ladder,40.0,100.0,1.958
KORUBUSDT,2026-07-23 13:35:00,2026-07-23 15:05:00,22.01,21.21,-3.635,-1.817,Hard Stop,90.0,40.0,-1.454
BOMEUSDT,2026-07-23 14:35:00,2026-07-23 15:10:00,0.0004511,0.0004412,-2.195,-1.097,Hard Stop,35.0,40.0,-0.8779999999999999
SNDKBUSDT,2026-07-23 13:35:00,2026-07-23 16:50:00,1622.1,1662.43,2.486,1.243,Ladder,195.0,100.0,2.486
NOMUSDT,2026-07-23 15:10:00,2026-07-23 17:55:00,0.00166,0.00158,-4.819,-2.41,Hard Stop,165.0,40.0,-1.9276
SNXXBUSDT,2026-07-23 13:35:00,2026-07-23 18:05:00,18.56,19.42,4.634,2.317,Ladder,270.0,100.0,4.634
ZAMAUSDT,2026-07-23 17:50:00,2026-07-23 18:35:00,0.05816,0.05591,-3.869,-1.934,Hard Stop,45.0,40.0,-1.5476
INTCBUSDT,2026-07-23 20:00:00,2026-07-23 20:30:00,108.79,109.01,0.202,0.101,Ladder,30.0,100.0,0.202
MRVLBUSDT,2026-07-23 20:00:00,2026-07-23 22:10:00,212.53,209.0,-1.661,-0.83,Hard Stop,130.0,100.0,-1.661
SYNUSDT,2026-07-24 05:40:00,2026-07-24 06:20:00,0.1563,0.1497,-4.223,-2.111,Hard Stop,40.0,40.0,-1.6891999999999998
ONEUSDT,2026-07-24 08:40:00,2026-07-24 09:00:00,0.00133,0.00128,-3.759,-1.88,Hard Stop,20.0,40.0,-1.5036
TLMUSDT,2026-07-24 09:00:00,2026-07-24 09:15:00,0.00181,0.001765,-2.486,-1.243,Hard Stop,15.0,40.0,-0.9944000000000002
DEXEUSDT,2026-07-24 16:05:00,2026-07-24 17:05:00,3.081,3.779,22.655,11.327,ATR Trail,60.0,40.0,9.062
ACEUSDT,2026-07-24 15:30:00,2026-07-24 17:45:00,0.0849,0.1088,28.151,14.075,ATR Trail,135.0,40.0,11.260399999999999
PROMUSDT,2026-07-25 04:25:00,2026-07-25 05:10:00,1.961,2.014,2.703,1.351,Ladder,45.0,40.0,1.0812
MORPHOUSDT,2026-07-25 07:45:00,2026-07-25 11:45:00,2.026,1.963,-3.11,-1.555,Time Exit,240.0,100.0,-3.11
SCRUSDT,2026-07-25 14:50:00,2026-07-25 14:55:00,0.02352,0.02217,-5.74,-2.87,Hard Stop,5.0,40.0,-2.296
CVXUSDT,2026-07-24 14:55:00,2026-07-25 16:05:00,1.205,1.296,7.552,3.776,ATR Trail,1510.0,40.0,3.0207999999999995
SHIBUSDT,2026-07-26 01:55:00,2026-07-26 04:45:00,5.21e-06,5.34e-06,2.495,1.248,Ladder,170.0,40.0,0.998
PEOPLEUSDT,2026-07-26 05:35:00,2026-07-26 08:50:00,0.00591,0.00607,2.707,1.354,Ladder,195.0,40.0,1.0827999999999998
KAITOUSDT,2026-07-26 11:15:00,2026-07-26 13:25:00,1.1693,1.2035,2.925,1.462,Ladder,130.0,40.0,1.17
DODOUSDT,2026-07-27 05:55:00,2026-07-27 06:30:00,0.01892,0.01806,-4.545,-2.273,Hard Stop,35.0,100.0,-4.545
NILUSDT,2026-07-27 06:30:00,2026-07-27 07:00:00,0.04225,0.03984,-5.704,-2.852,Hard Stop,30.0,40.0,-2.2816
COTIUSDT,2026-07-27 19:35:00,2026-07-27 19:55:00,0.0084,0.00927,10.357,5.179,ATR Trail,20.0,40.0,4.142799999999999
DRAMBUSDT,2026-07-29 00:05:00,2026-07-29 00:30:00,50.27,48.48,-3.561,-1.78,Hard Stop,25.0,40.0,-1.4244
SKHYBUSDT,2026-07-29 09:05:00,2026-07-29 10:45:00,131.18,127.59,-2.737,-1.368,Hard Stop,100.0,100.0,-2.737
SNDKBUSDT,2026-07-29 13:25:00,2026-07-29 13:35:00,1121.89,1049.56,-6.447,-3.224,Hard Stop,10.0,100.0,-6.447
SOXLBUSDT,2026-07-29 13:30:00,2026-07-29 13:45:00,111.16,107.23,-3.535,-1.768,Hard Stop,15.0,100.0,-3.535
KORUBUSDT,2026-07-30 01:35:00,2026-07-30 02:35:00,13.8,12.74,-7.681,-3.841,Hard Stop,60.0,40.0,-3.0724
GIGGLEUSDT,2026-07-30 10:25:00,2026-07-30 10:40:00,26.13,26.79,2.526,1.263,Ladder,15.0,40.0,1.0104
SPCXBUSDT,2026-07-30 13:45:00,2026-07-30 15:10:00,118.14,114.91,-2.734,-1.367,Hard Stop,85.0,40.0,-1.0936
SNXXBUSDT,2026-07-30 13:25:00,2026-07-30 15:15:00,8.4,9.69,15.357,7.679,ATR Trail,110.0,100.0,15.357
AUDIOUSDT,2026-07-30 15:15:00,2026-07-30 15:20:00,0.01268,0.0124,-2.208,-1.104,Hard Stop,5.0,40.0,-0.8832000000000001
HUMAUSDT,2026-07-30 16:30:00,2026-07-30 17:30:00,0.02026,0.01988,-1.876,-0.938,Hard Stop,60.0,40.0,-0.7504
INTCBUSDT,2026-07-30 13:45:00,2026-07-30 17:45:00,90.84,92.36,1.673,0.837,Time Exit,240.0,100.0,1.6730000000000003
BCHUSDT,2026-07-30 13:50:00,2026-07-30 17:50:00,219.9,220.3,0.182,0.091,Time Exit,240.0,40.0,0.0728
MUBUSDT,2026-07-30 14:25:00,2026-07-30 18:25:00,862.72,872.72,1.159,0.58,Time Exit,240.0,40.0,0.4636
BROCCOLI714USDT,2026-07-31 07:25:00,2026-07-31 07:50:00,0.01373,0.01413,2.913,1.457,Ladder,25.0,40.0,1.1652
DEXEUSDT,2026-07-31 05:55:00,2026-07-31 09:55:00,2.544,2.495,-1.926,-0.963,Time Exit,240.0,40.0,-0.7704
TLMUSDT,2026-07-31 09:25:00,2026-07-31 13:25:00,0.001512,0.0015,-0.794,-0.397,Time Exit,240.0,40.0,-0.31760000000000005
ACEUSDT,2026-07-31 15:05:00,2026-07-31 15:35:00,0.0686,0.0667,-2.77,-1.385,Hard Stop,30.0,40.0,-1.1079999999999999
PEOPLEUSDT,2026-07-31 16:05:00,2026-07-31 16:25:00,0.00713,0.00694,-2.665,-1.332,Hard Stop,20.0,40.0,-1.066
SOXSBUSDT,2026-07-31 14:05:00,2026-07-31 18:05:00,54.33,51.74,-4.767,-2.384,Time Exit,240.0,40.0,-1.9068
MUBARAKUSDT,2026-07-31 15:25:00,2026-07-31 18:15:00,0.01391,0.01348,-3.091,-1.546,Hard Stop,170.0,40.0,-1.2364000000000002
SYNUSDT,2026-08-01 01:35:00,2026-08-01 05:35:00,0.10672,0.1045,-2.08,-1.04,Time Exit,240.0,40.0,-0.832
TUTUSDT,2026-08-01 09:00:00,2026-08-01 10:00:00,0.01686,0.01721,2.076,1.038,Ladder,60.0,40.0,0.8304
HEIUSDT,2026-08-01 19:05:00,2026-08-01 20:05:00,0.0876,0.096,9.589,4.795,ATR Trail,60.0,40.0,3.8356000000000003
KAITOUSDT,2026-08-01 15:50:00,2026-08-01 21:00:00,1.1322,1.186,4.752,2.376,Ladder,310.0,40.0,1.9008
NIGHTUSDT,2026-08-02 06:00:00,2026-08-02 07:45:00,0.01976,0.01927,-2.48,-1.24,Hard Stop,105.0,40.0,-0.992
AVAXUSDT,2026-08-02 04:50:00,2026-08-02 08:50:00,6.536,6.581,0.688,0.344,Time Exit,240.0,40.0,0.2752
ZAMAUSDT,2026-08-02 05:00:00,2026-08-02 09:00:00,0.0538,0.05303,-1.431,-0.716,Time Exit,240.0,40.0,-0.5724
DODOUSDT,2026-08-02 13:30:00,2026-08-02 13:45:00,0.01964,0.0188,-4.277,-2.138,Hard Stop,15.0,100.0,-4.277
NILUSDT,2026-08-02 13:40:00,2026-08-02 15:00:00,0.03105,0.03024,-2.609,-1.304,Hard Stop,80.0,40.0,-1.0435999999999999
PORTALUSDT,2026-08-02 15:40:00,2026-08-02 15:50:00,0.01064,0.01077,1.222,0.611,Ladder,10.0,40.0,0.4888
BICOUSDT,2026-08-02 22:55:00,2026-08-03 02:50:00,0.01519,0.01696,11.652,5.826,ATR Trail,235.0,40.0,4.6608
MEGAUSDT,2026-08-03 16:45:00,2026-08-03 19:30:00,0.03773,0.03711,-1.643,-0.822,Hard Stop,165.0,40.0,-0.6572
AAOIBUSDT,2026-08-03 13:35:00,2026-08-04 00:30:00,94.02,110.3,17.315,8.658,ATR Trail,655.0,100.0,17.315
COTIUSDT,2026-08-04 00:05:00,2026-08-04 00:40:00,0.01315,0.01251,-4.867,-2.433,Hard Stop,35.0,40.0,-1.9467999999999999
CRCLBUSDT,2026-08-04 13:30:00,2026-08-04 13:55:00,63.01,61.52,-2.365,-1.182,Hard Stop,25.0,100.0,-2.365
MRVLBUSDT,2026-08-04 13:30:00,2026-08-04 17:30:00,217.75,221.56,1.75,0.875,Time Exit,240.0,100.0,1.7500000000000002
SPCXBUSDT,2026-08-04 19:55:00,2026-08-04 20:15:00,125.91,117.07,-7.021,-3.51,Hard Stop,20.0,40.0,-2.8084
SNXXBUSDT,2026-08-05 05:00:00,2026-08-05 05:40:00,13.52,13.19,-2.441,-1.22,Hard Stop,40.0,100.0,-2.441
SOXLBUSDT,2026-08-05 13:30:00,2026-08-05 14:00:00,137.98,137.83,-0.109,-0.054,Ladder,30.0,100.0,-0.109
SNDKBUSDT,2026-08-05 13:45:00,2026-08-05 14:30:00,1435.99,1388.9,-3.279,-1.64,Hard Stop,45.0,100.0,-3.279
KORUBUSDT,2026-08-05 13:45:00,2026-08-05 14:35:00,19.2,18.43,-4.01,-2.005,Hard Stop,50.0,40.0,-1.6039999999999999
TLMUSDT,2026-08-05 15:30:00,2026-08-05 15:55:00,0.001752,0.001777,1.427,0.713,Ladder,25.0,40.0,0.5708
MUBUSDT,2026-08-05 13:45:00,2026-08-05 17:45:00,922.62,921.83,-0.086,-0.043,Time Exit,240.0,40.0,-0.0344
ACTUSDT,2026-08-05 17:25:00,2026-08-05 19:35:00,0.00997,0.00964,-3.31,-1.655,Hard Stop,130.0,40.0,-1.3239999999999998
NOMUSDT,2026-08-05 19:30:00,2026-08-05 19:45:00,0.00166,0.00162,-2.41,-1.205,Hard Stop,15.0,40.0,-0.964
AXSUSDT,2026-08-06 00:05:00,2026-08-06 00:15:00,0.914,0.88,-3.72,-1.86,Hard Stop,10.0,40.0,-1.4880000000000002
PLUMEUSDT,2026-08-06 06:20:00,2026-08-06 10:05:00,0.0115,0.01101,-4.261,-2.13,Hard Stop,225.0,40.0,-1.7044000000000001
RESOLVUSDT,2026-08-06 11:25:00,2026-08-06 11:35:00,0.02044,0.01964,-3.914,-1.957,Hard Stop,10.0,40.0,-1.5656
ACEUSDT,2026-08-06 13:35:00,2026-08-06 14:00:00,0.0819,0.0895,9.28,4.64,ATR Trail,25.0,40.0,3.7119999999999997
GLMRUSDT,2026-08-06 12:50:00,2026-08-06 14:40:00,0.008231,0.008371,1.701,0.85,Ladder,110.0,40.0,0.6804
XAIUSDT,2026-08-07 05:20:00,2026-08-07 06:05:00,0.00716,0.00836,16.76,8.38,ATR Trail,45.0,40.0,6.704000000000001
TUTUSDT,2026-08-07 07:25:00,2026-08-07 08:55:00,0.03151,0.03245,2.983,1.492,Ladder,90.0,40.0,1.1932
TOWNSUSDT,2026-08-07 05:45:00,2026-08-07 09:40:00,0.00236,0.00231,-2.119,-1.059,Hard Stop,235.0,40.0,-0.8476
GIGGLEUSDT,2026-08-07 05:45:00,2026-08-07 09:45:00,32.87,33.28,1.247,0.624,Time Exit,240.0,40.0,0.4988000000000001
ENAUSDT,2026-08-07 08:45:00,2026-08-07 12:45:00,0.0959,0.0957,-0.209,-0.104,Time Exit,240.0,40.0,-0.0836
SOXSBUSDT,2026-08-07 13:55:00,2026-08-07 17:55:00,43.36,42.58,-1.799,-0.899,Time Exit,240.0,40.0,-0.7196
NILUSDT,2026-08-07 18:05:00,2026-08-07 19:55:00,0.04037,0.04167,3.22,1.61,Ladder,110.0,40.0,1.288
HEIUSDT,2026-08-08 00:05:00,2026-08-08 02:20:00,0.2387,0.2214,-7.248,-3.624,Hard Stop,135.0,40.0,-2.8992
MUBARAKUSDT,2026-08-08 00:00:00,2026-08-08 02:25:00,0.01417,0.0137,-3.317,-1.658,Hard Stop,145.0,40.0,-1.3268000000000002
REUSDT,2026-08-08 04:00:00,2026-08-08 05:15:00,0.4272,0.417,-2.388,-1.194,Hard Stop,75.0,40.0,-0.9551999999999999
DODOUSDT,2026-08-08 06:05:00,2026-08-08 06:45:00,0.02144,0.02037,-4.991,-2.495,Hard Stop,40.0,100.0,-4.991
SYNUSDT,2026-08-08 05:05:00,2026-08-08 07:05:00,0.10956,0.11934,8.927,4.463,ATR Trail,120.0,40.0,3.5708
BICOUSDT,2026-08-08 06:00:00,2026-08-08 07:05:00,0.06156,0.05735,-6.839,-3.419,Hard Stop,65.0,40.0,-2.7356000000000003
PHAUSDT,2026-08-08 09:10:00,2026-08-08 13:10:00,0.0226,0.0226,0.0,0.0,Time Exit,240.0,40.0,0.0
BROCCOLI714USDT,2026-08-08 11:30:00,2026-08-09 00:25:00,0.01568,0.01734,10.587,5.293,ATR Trail,775.0,40.0,4.2348
SAGAUSDT,2026-08-08 21:40:00,2026-08-09 02:10:00,0.01545,0.01661,7.508,3.754,ATR Trail,270.0,40.0,3.0031999999999996
COTIUSDT,2026-08-09 07:50:00,2026-08-09 08:10:00,0.01266,0.01285,1.501,0.75,Ladder,20.0,40.0,0.6003999999999999
BOMEUSDT,2026-08-09 11:40:00,2026-08-09 13:40:00,0.0007009,0.0007169,2.283,1.141,Ladder,120.0,40.0,0.9132
SCRUSDT,2026-08-09 20:20:00,2026-08-09 20:30:00,0.02342,0.02269,-3.117,-1.558,Hard Stop,10.0,40.0,-1.2468
CHIPUSDT,2026-08-10 09:15:00,2026-08-10 13:15:00,0.02362,0.02304,-2.456,-1.228,Time Exit,240.0,40.0,-0.9823999999999999
MRVLBUSDT,2026-08-10 13:00:00,2026-08-10 13:30:00,225.94,221.63,-1.908,-0.954,Hard Stop,30.0,100.0,-1.908
SNXXBUSDT,2026-08-10 13:35:00,2026-08-10 14:20:00,9.3,9.5,2.151,1.075,Ladder,45.0,100.0,2.151
AAOIBUSDT,2026-08-10 13:45:00,2026-08-10 14:35:00,142.53,132.01,-7.381,-3.69,Hard Stop,50.0,100.0,-7.381
CVXUSDT,2026-08-10 11:20:00,2026-08-10 15:10:00,1.7,1.659,-2.412,-1.206,Hard Stop,230.0,40.0,-0.9648
AUDIOUSDT,2026-08-10 22:00:00,2026-08-10 22:10:00,0.01324,0.01255,-5.211,-2.606,Hard Stop,10.0,40.0,-2.0844
PROMUSDT,2026-08-10 21:55:00,2026-08-11 00:45:00,2.101,2.481,18.087,9.043,ATR Trail,170.0,40.0,7.2348
LUNCUSDT,2026-08-11 12:25:00,2026-08-11 16:25:00,5.222e-05,5.349e-05,2.432,1.216,Time Exit,240.0,40.0,0.9727999999999999
LSKUSDT,2026-08-11 20:10:00,2026-08-11 21:45:00,0.0875,0.0982,12.229,6.114,ATR Trail,95.0,40.0,4.8915999999999995
PEOPLEUSDT,2026-08-11 21:30:00,2026-08-11 22:25:00,0.00877,0.00863,-1.596,-0.798,Hard Stop,55.0,40.0,-0.6384000000000001
METUSDT,2026-08-11 21:30:00,2026-08-12 01:30:00,0.1572,0.1595,1.463,0.732,Time Exit,240.0,40.0,0.5852
TRBUSDT,2026-08-12 02:45:00,2026-08-12 02:50:00,14.61,14.1,-3.491,-1.745,Hard Stop,5.0,40.0,-1.3964
ONEUSDT,2026-08-12 03:55:00,2026-08-12 04:20:00,0.00118,0.00096,-18.644,-9.322,Hard Stop,25.0,40.0,-7.457599999999999
ACEUSDT,2026-08-12 06:20:00,2026-08-12 10:30:00,0.1107,0.117,5.691,2.846,ATR Trail,250.0,40.0,2.2763999999999998
MOVRUSDT,2026-08-12 11:35:00,2026-08-12 11:45:00,0.948,0.975,2.848,1.424,Ladder,10.0,40.0,1.1392
GLMRUSDT,2026-08-12 10:30:00,2026-08-12 13:10:00,0.008142,0.007954,-2.309,-1.155,Hard Stop,160.0,40.0,-0.9236000000000001
TLMUSDT,2026-08-12 10:25:00,2026-08-12 14:25:00,0.001557,0.00153,-1.734,-0.867,Time Exit,240.0,40.0,-0.6936
SNDKBUSDT,2026-08-12 13:45:00,2026-08-12 17:45:00,1359.87,1377.37,1.287,0.643,Time Exit,240.0,100.0,1.287
2ZUSDT,2026-08-12 17:55:00,2026-08-12 18:20:00,0.05333,0.05851,9.713,4.857,ATR Trail,25.0,40.0,3.8851999999999998
DEXEUSDT,2026-08-12 19:00:00,2026-08-12 19:55:00,2.059,2.006,-2.574,-1.287,Hard Stop,55.0,40.0,-1.0295999999999998
KORUBUSDT,2026-08-13 00:05:00,2026-08-13 00:30:00,21.26,20.7,-2.634,-1.317,Hard Stop,25.0,40.0,-1.0535999999999999
MOVEUSDT,2026-08-13 00:05:00,2026-08-13 01:40:00,0.0062,0.0066,6.452,3.226,ATR Trail,95.0,40.0,2.5808
PLUMEUSDT,2026-08-13 09:00:00,2026-08-13 10:35:00,0.01216,0.01186,-2.467,-1.234,Hard Stop,95.0,40.0,-0.9868
CRCLBUSDT,2026-08-13 13:30:00,2026-08-13 15:10:00,72.59,71.26,-1.832,-0.916,Hard Stop,100.0,100.0,-1.8319999999999999
SOXLBUSDT,2026-08-13 13:35:00,2026-08-13 15:35:00,146.56,150.91,2.968,1.484,Ladder,120.0,100.0,2.968
INTCBUSDT,2026-08-13 13:45:00,2026-08-13 17:45:00,105.47,105.76,0.275,0.137,Time Exit,240.0,100.0,0.275
SYNUSDT,2026-08-13 18:05:00,2026-08-13 18:15:00,0.10917,0.10611,-2.803,-1.401,Hard Stop,10.0,40.0,-1.1212
DODOUSDT,2026-08-13 18:05:00,2026-08-13 18:30:00,0.02453,0.02349,-4.24,-2.12,Hard Stop,25.0,100.0,-4.24
ETHFIUSDT,2026-08-13 14:45:00,2026-08-14 03:05:00,0.4016,0.4267,6.25,3.125,ATR Trail,740.0,40.0,2.5
NILUSDT,2026-08-14 07:55:00,2026-08-14 08:25:00,0.04375,0.04286,-2.034,-1.017,Hard Stop,30.0,40.0,-0.8135999999999999
XAIUSDT,2026-08-14 10:30:00,2026-08-14 11:55:00,0.0072,0.00682,-5.278,-2.639,Hard Stop,85.0,40.0,-2.1111999999999997
ALICEUSDT,2026-08-14 11:30:00,2026-08-14 12:30:00,0.1262,0.1222,-3.17,-1.585,Hard Stop,60.0,40.0,-1.268
HEIUSDT,2026-08-14 09:40:00,2026-08-14 13:40:00,0.1324,0.1629,23.036,11.518,ATR Trail,240.0,40.0,9.214400000000001
SLPUSDT,2026-08-14 16:30:00,2026-08-14 17:35:00,0.000564,0.000541,-4.078,-2.039,Hard Stop,65.0,40.0,-1.6312000000000002
ILVUSDT,2026-08-14 17:40:00,2026-08-14 18:00:00,3.23,3.27,1.238,0.619,Ladder,20.0,40.0,0.49520000000000003
WLFIUSDT,2026-08-14 20:00:00,2026-08-14 20:15:00,0.057,0.0581,1.93,0.965,Ladder,15.0,40.0,0.7719999999999999
BICOUSDT,2026-08-15 00:55:00,2026-08-15 01:20:00,0.02702,0.02747,1.665,0.833,Ladder,25.0,40.0,0.666
PORTALUSDT,2026-08-14 22:15:00,2026-08-15 02:00:00,0.01107,0.01077,-2.71,-1.355,Hard Stop,225.0,40.0,-1.084
AVAXUSDT,2026-08-15 02:50:00,2026-08-15 06:10:00,6.801,6.627,-2.558,-1.279,Hard Stop,200.0,40.0,-1.0231999999999999
HEMIUSDT,2026-08-15 08:35:00,2026-08-15 09:00:00,0.00592,0.00582,-1.689,-0.845,Ladder,25.0,40.0,-0.6756000000000001
MUBARAKUSDT,2026-08-15 09:15:00,2026-08-15 09:25:00,0.01746,0.01686,-3.436,-1.718,Hard Stop,10.0,40.0,-1.3744
HUMAUSDT,2026-08-15 11:05:00,2026-08-15 11:45:00,0.02072,0.02122,2.413,1.207,Ladder,40.0,40.0,0.9652
TUTUSDT,2026-08-15 11:10:00,2026-08-15 15:10:00,0.03571,0.03625,1.512,0.756,Time Exit,240.0,40.0,0.6048
CHIPUSDT,2026-08-16 00:20:00,2026-08-16 02:25:00,0.02841,0.02694,-5.174,-2.587,Hard Stop,125.0,40.0,-2.0696
FORMUSDT,2026-08-16 08:40:00,2026-08-16 09:10:00,0.2137,0.2069,-3.182,-1.591,Hard Stop,30.0,40.0,-1.2728000000000002
币安人生USDT,2026-08-16 08:25:00,2026-08-16 09:45:00,0.5037,0.4875,-3.216,-1.608,Hard Stop,80.0,40.0,-1.2864
NOMUSDT,2026-08-16 12:55:00,2026-08-16 13:40:00,0.00169,0.00165,-2.367,-1.183,Hard Stop,45.0,40.0,-0.9468
GIGGLEUSDT,2026-08-16 14:05:00,2026-08-16 14:25:00,32.62,33.85,3.771,1.885,ATR Trail,20.0,40.0,1.5084
SNXXBUSDT,2026-08-17 02:20:00,2026-08-17 07:10:00,17.51,17.99,2.741,1.371,Ladder,290.0,100.0,2.741
ACEUSDT,2026-08-17 10:30:00,2026-08-17 11:15:00,0.1905,0.1934,1.522,0.761,Ladder,45.0,40.0,0.6088
MRVLBUSDT,2026-08-17 13:30:00,2026-08-17 17:30:00,233.98,235.44,0.624,0.312,Time Exit,240.0,100.0,0.624
POLUSDT,2026-08-17 18:30:00,2026-08-17 20:05:00,0.08196,0.07984,-2.587,-1.293,Hard Stop,95.0,100.0,-2.587
SAGAUSDT,2026-08-18 16:10:00,2026-08-18 16:35:00,0.01373,0.01354,-1.384,-0.692,Hard Stop,25.0,40.0,-0.5535999999999999
PROMUSDT,2026-08-19 01:15:00,2026-08-19 05:15:00,1.977,1.995,0.91,0.455,Time Exit,240.0,40.0,0.364
SKHYBUSDT,2026-08-19 06:45:00,2026-08-19 09:55:00,157.02,161.68,2.968,1.484,Ladder,190.0,100.0,2.968
MOVEUSDT,2026-08-19 11:00:00,2026-08-19 11:15:00,0.006,0.0059,-1.667,-0.833,Hard Stop,15.0,40.0,-0.6668000000000001
SOXSBUSDT,2026-08-19 13:35:00,2026-08-19 14:35:00,45.64,46.17,1.161,0.581,Ladder,60.0,40.0,0.46440000000000003
EIGENUSDT,2026-08-19 15:25:00,2026-08-19 15:45:00,0.1835,0.1793,-2.289,-1.144,Hard Stop,20.0,40.0,-0.9156
ONDOUSDT,2026-08-19 15:25:00,2026-08-19 15:50:00,0.3474,0.3387,-2.504,-1.252,Hard Stop,25.0,100.0,-2.504
FILUSDT,2026-08-19 15:25:00,2026-08-19 15:50:00,0.6688,0.6549,-2.078,-1.039,Hard Stop,25.0,40.0,-0.8311999999999999
XPLUSDT,2026-08-19 15:25:00,2026-08-19 16:40:00,0.08033,0.07861,-2.141,-1.071,Hard Stop,75.0,40.0,-0.8563999999999999
BROCCOLI714USDT,2026-08-19 15:25:00,2026-08-19 17:25:00,0.01678,0.01726,2.861,1.43,Ladder,120.0,40.0,1.1444
CRCLBUSDT,2026-08-19 13:30:00,2026-08-19 17:30:00,76.38,78.23,2.422,1.211,Ladder,240.0,100.0,2.422
TOWNSUSDT,2026-08-19 13:45:00,2026-08-19 17:45:00,0.00234,0.00242,3.419,1.709,Time Exit,240.0,40.0,1.3676
BOMEUSDT,2026-08-19 15:30:00,2026-08-19 17:55:00,0.000826,0.0008504,2.954,1.477,Ladder,145.0,40.0,1.1816
ALICEUSDT,2026-08-19 18:15:00,2026-08-19 18:30:00,0.1438,0.1408,-2.086,-1.043,Hard Stop,15.0,40.0,-0.8344
REUSDT,2026-08-19 16:30:00,2026-08-19 18:40:00,0.4911,0.5058,2.993,1.497,Ladder,130.0,40.0,1.1972
ETHUSDT,2026-08-19 15:25:00,2026-08-19 19:25:00,2074.79,2092.95,0.875,0.438,Time Exit,240.0,40.0,0.35000000000000003
WLDUSDT,2026-08-19 15:25:00,2026-08-19 19:25:00,0.3433,0.3525,2.68,1.34,Time Exit,240.0,40.0,1.072
ZECUSDT,2026-08-19 21:05:00,2026-08-19 21:35:00,578.88,562.94,-2.754,-1.377,Hard Stop,30.0,40.0,-1.1016
IMXUSDT,2026-08-19 20:55:00,2026-08-19 23:00:00,0.1036,0.1015,-2.027,-1.014,Hard Stop,125.0,40.0,-0.8108
NILUSDT,2026-08-19 19:05:00,2026-08-19 23:05:00,0.04291,0.04211,-1.864,-0.932,Time Exit,240.0,40.0,-0.7456
TRUMPUSDT,2026-08-19 21:45:00,2026-08-20 00:05:00,1.721,1.747,1.511,0.755,Ladder,140.0,40.0,0.6043999999999999
METUSDT,2026-08-19 21:05:00,2026-08-20 00:30:00,0.1898,0.2107,11.012,5.506,ATR Trail,205.0,40.0,4.404800000000001
SOLUSDT,2026-08-19 21:05:00,2026-08-20 01:05:00,86.47,84.79,-1.943,-0.971,Time Exit,240.0,40.0,-0.7772
KORUBUSDT,2026-08-20 00:15:00,2026-08-20 02:50:00,20.1,20.7,2.985,1.493,Ladder,155.0,40.0,1.194
PUMPUSDT,2026-08-20 02:45:00,2026-08-20 04:00:00,0.003306,0.003188,-3.569,-1.785,Hard Stop,75.0,40.0,-1.4276
BIOUSDT,2026-08-20 06:15:00,2026-08-20 09:30:00,0.02928,0.03284,12.158,6.079,ATR Trail,195.0,40.0,4.8632
ORDIUSDT,2026-08-20 10:00:00,2026-08-20 11:10:00,4.142,4.243,2.438,1.219,Ladder,70.0,40.0,0.9752000000000001
ETHFIUSDT,2026-08-20 07:45:00,2026-08-20 11:45:00,0.5627,0.5593,-0.604,-0.302,Time Exit,240.0,40.0,-0.2416
PLUMEUSDT,2026-08-20 10:50:00,2026-08-20 12:15:00,0.01357,0.01322,-2.579,-1.29,Hard Stop,85.0,40.0,-1.0316
NEIROUSDT,2026-08-20 12:10:00,2026-08-20 12:35:00,8.419e-05,8.419e-05,0.0,0.0,Ladder,25.0,40.0,0.0
HEMIUSDT,2026-08-20 09:20:00,2026-08-20 13:20:00,0.00928,0.00925,-0.323,-0.162,Time Exit,240.0,40.0,-0.1292
MEGAUSDT,2026-08-20 11:10:00,2026-08-20 13:20:00,0.03737,0.03844,2.863,1.432,Ladder,130.0,40.0,1.1452
HEIUSDT,2026-08-20 14:50:00,2026-08-20 17:30:00,0.1349,0.1389,2.965,1.483,Ladder,160.0,40.0,1.186
PEOPLEUSDT,2026-08-20 16:00:00,2026-08-20 18:05:00,0.00989,0.01011,2.224,1.112,Ladder,125.0,40.0,0.8896000000000002
PORTALUSDT,2026-08-20 18:50:00,2026-08-20 20:10:00,0.01184,0.01152,-2.703,-1.351,Hard Stop,80.0,40.0,-1.0812
TUTUSDT,2026-08-20 19:30:00,2026-08-20 20:55:00,0.035,0.03342,-4.514,-2.257,Hard Stop,85.0,40.0,-1.8056
CRVUSDT,2026-08-20 20:00:00,2026-08-21 00:00:00,0.2771,0.2869,3.537,1.768,Time Exit,240.0,100.0,3.537
AXSUSDT,2026-08-21 00:00:00,2026-08-21 00:05:00,0.99,0.978,-1.212,-0.606,Hard Stop,5.0,40.0,-0.48479999999999995
BICOUSDT,2026-08-21 01:05:00,2026-08-21 03:30:00,0.01992,0.01901,-4.568,-2.284,Hard Stop,145.0,40.0,-1.8272
CVXUSDT,2026-08-21 00:50:00,2026-08-21 04:30:00,1.73,1.78,2.89,1.445,Ladder,220.0,40.0,1.1560000000000001
SPKUSDT,2026-08-21 05:30:00,2026-08-21 06:10:00,0.017555,0.018347,4.512,2.256,Ladder,40.0,40.0,1.8047999999999997
BERAUSDT,2026-08-21 08:15:00,2026-08-21 08:35:00,0.1887,0.1923,1.908,0.954,Ladder,20.0,40.0,0.7632
BCHUSDT,2026-08-21 05:50:00,2026-08-21 09:00:00,240.5,261.4,8.69,4.345,ATR Trail,190.0,40.0,3.4759999999999995
NEARUSDT,2026-08-21 07:45:00,2026-08-21 09:00:00,1.926,1.894,-1.661,-0.831,Hard Stop,75.0,40.0,-0.6644
ASTERUSDT,2026-08-21 07:50:00,2026-08-21 09:00:00,0.707,0.706,-0.141,-0.071,Ladder,70.0,40.0,-0.05639999999999999
ENAUSDT,2026-08-21 08:50:00,2026-08-21 09:00:00,0.1429,0.136,-4.829,-2.414,Hard Stop,10.0,40.0,-1.9316
FETUSDT,2026-08-21 08:50:00,2026-08-21 09:00:00,0.1622,0.1575,-2.898,-1.449,Hard Stop,10.0,40.0,-1.1592
GALAUSDT,2026-08-21 08:50:00,2026-08-21 09:15:00,0.001866,0.00177,-5.145,-2.572,Hard Stop,25.0,40.0,-2.058
MUBARAKUSDT,2026-08-21 06:35:00,2026-08-21 09:20:00,0.02242,0.02146,-4.282,-2.141,Hard Stop,165.0,40.0,-1.7127999999999999
ONEUSDT,2026-08-21 09:25:00,2026-08-21 10:05:00,0.000855,0.000816,-4.561,-2.281,Hard Stop,40.0,40.0,-1.8243999999999998
NIGHTUSDT,2026-08-21 04:45:00,2026-08-21 11:30:00,0.02062,0.02121,2.861,1.431,Ladder,405.0,40.0,1.1444
币安人生USDT,2026-08-21 09:45:00,2026-08-21 12:50:00,0.5427,0.5088,-6.247,-3.123,Hard Stop,185.0,40.0,-2.4988
AAOIBUSDT,2026-08-21 13:45:00,2026-08-21 14:00:00,133.5,127.44,-4.539,-2.27,Hard Stop,15.0,100.0,-4.539
ACTUSDT,2026-08-21 11:40:00,2026-08-21 15:40:00,0.01205,0.0123,2.075,1.037,Time Exit,240.0,40.0,0.8300000000000001
CFXUSDT,2026-08-21 12:10:00,2026-08-21 16:10:00,0.0495,0.04893,-1.152,-0.576,Time Exit,240.0,40.0,-0.4608
BONKUSDT,2026-08-21 16:30:00,2026-08-21 17:20:00,3.03e-06,3.11e-06,2.64,1.32,Ladder,50.0,40.0,1.056
ZROUSDT,2026-08-21 09:35:00,2026-08-21 17:55:00,0.907,1.01,11.356,5.678,ATR Trail,500.0,40.0,4.5424
PEPEUSDT,2026-08-21 17:05:00,2026-08-21 19:00:00,3.96e-06,3.77e-06,-4.798,-2.399,Hard Stop,115.0,40.0,-1.9192
COTIUSDT,2026-08-21 19:15:00,2026-08-21 19:45:00,0.0113,0.01335,18.142,9.071,ATR Trail,30.0,40.0,7.2568
MINAUSDT,2026-08-21 18:15:00,2026-08-21 19:55:00,0.0547,0.0534,-2.377,-1.188,Hard Stop,100.0,40.0,-0.9508
SLPUSDT,2026-08-21 19:40:00,2026-08-21 21:30:00,0.00066,0.000678,2.727,1.364,Ladder,110.0,40.0,1.0908
KAITOUSDT,2026-08-21 22:05:00,2026-08-22 01:10:00,0.394,0.4031,2.31,1.155,Ladder,185.0,40.0,0.9239999999999999
TRBUSDT,2026-08-22 02:00:00,2026-08-22 02:40:00,19.35,21.8,12.661,6.331,ATR Trail,40.0,40.0,5.0644
ZENUSDT,2026-08-22 02:05:00,2026-08-22 03:05:00,5.726,5.874,2.585,1.292,Ladder,60.0,40.0,1.0339999999999998
DASHUSDT,2026-08-21 21:15:00,2026-08-22 03:45:00,37.12,45.2,21.767,10.884,ATR Trail,390.0,40.0,8.7068
ZAMAUSDT,2026-08-22 01:40:00,2026-08-22 03:45:00,0.05211,0.05462,4.817,2.408,Ladder,125.0,40.0,1.9268
SANDUSDT,2026-08-22 03:20:00,2026-08-22 03:50:00,0.05116,0.04856,-5.082,-2.541,Hard Stop,30.0,40.0,-2.0328
NEOUSDT,2026-08-22 00:10:00,2026-08-22 04:10:00,2.25,2.26,0.444,0.222,Time Exit,240.0,40.0,0.1776
AAVEUSDT,2026-08-21 20:55:00,2026-08-22 04:20:00,116.45,125.2,7.514,3.757,ATR Trail,445.0,100.0,7.514
FLOKIUSDT,2026-08-21 21:25:00,2026-08-22 05:05:00,2.788e-05,2.903e-05,4.125,2.062,ATR Trail,460.0,40.0,1.6500000000000001
XLMUSDT,2026-08-22 03:20:00,2026-08-22 05:05:00,0.216,0.2062,-4.537,-2.269,Hard Stop,105.0,40.0,-1.8148
DOGEUSDT,2026-08-22 04:30:00,2026-08-22 05:05:00,0.09858,0.09141,-7.273,-3.637,Hard Stop,35.0,40.0,-2.9092000000000002
SYNUSDT,2026-08-22 03:40:00,2026-08-22 05:10:00,0.11515,0.11732,1.884,0.942,Ladder,90.0,40.0,0.7535999999999999
WLFIUSDT,2026-08-22 05:00:00,2026-08-22 05:10:00,0.0721,0.0642,-10.957,-5.479,Hard Stop,10.0,40.0,-4.3828
FORMUSDT,2026-08-22 08:10:00,2026-08-22 08:30:00,0.271,0.2635,-2.768,-1.384,Hard Stop,20.0,40.0,-1.1071999999999997
STXUSDT,2026-08-22 17:50:00,2026-08-22 20:00:00,0.2179,0.2243,2.937,1.469,Ladder,130.0,40.0,1.1747999999999998
GIGGLEUSDT,2026-08-23 10:25:00,2026-08-23 12:50:00,38.44,37.32,-2.914,-1.457,Hard Stop,145.0,40.0,-1.1656000000000002
PENGUUSDT,2026-08-23 15:35:00,2026-08-23 17:35:00,0.008972,0.009236,2.942,1.471,Ladder,120.0,40.0,1.1768
STRKUSDT,2026-08-23 17:20:00,2026-08-23 21:20:00,0.02904,0.02872,-1.102,-0.551,Time Exit,240.0,100.0,-1.102
PROMUSDT,2026-08-24 06:50:00,2026-08-24 08:00:00,3.649,3.752,2.823,1.411,Ladder,70.0,40.0,1.1292
AUDIOUSDT,2026-08-24 13:15:00,2026-08-24 13:20:00,0.01497,0.01386,-7.415,-3.707,Hard Stop,5.0,40.0,-2.9659999999999997
SUPERUSDT,2026-08-24 12:50:00,2026-08-24 14:30:00,0.1305,0.1307,0.153,0.077,Ladder,100.0,40.0,0.0612
POLUSDT,2026-08-24 11:55:00,2026-08-24 15:55:00,0.11718,0.11738,0.171,0.085,Time Exit,240.0,100.0,0.171
VIRTUALUSDT,2026-08-24 15:05:00,2026-08-24 17:20:00,0.8254,0.7862,-4.749,-2.375,Hard Stop,135.0,40.0,-1.8996
AEROUSDT,2026-08-24 16:10:00,2026-08-24 20:10:00,0.5369,0.5298,-1.322,-0.661,Time Exit,240.0,40.0,-0.5288
RESOLVUSDT,2026-08-24 21:20:00,2026-08-24 22:30:00,0.01948,0.0192,-1.437,-0.719,Hard Stop,70.0,40.0,-0.5748
RAYUSDT,2026-08-25 00:10:00,2026-08-25 00:15:00,0.8122,0.7866,-3.152,-1.576,Hard Stop,5.0,40.0,-1.2608
WIFUSDT,2026-08-25 02:20:00,2026-08-25 04:40:00,0.2142,0.2203,2.848,1.424,Ladder,140.0,40.0,1.1392
GMTUSDT,2026-08-25 08:20:00,2026-08-25 09:15:00,0.00796,0.00763,-4.146,-2.073,Hard Stop,55.0,40.0,-1.6583999999999999
ALICEUSDT,2026-08-25 08:05:00,2026-08-25 12:05:00,0.1424,0.1432,0.562,0.281,Time Exit,240.0,40.0,0.22480000000000003
ACEUSDT,2026-08-25 11:40:00,2026-08-25 12:25:00,0.2368,0.2284,-3.547,-1.774,Hard Stop,45.0,40.0,-1.4188
CRCLBUSDT,2026-08-25 13:30:00,2026-08-25 13:45:00,89.23,85.88,-3.754,-1.877,Hard Stop,15.0,100.0,-3.7539999999999996
GLMRUSDT,2026-08-25 13:35:00,2026-08-25 14:35:00,0.007507,0.007149,-4.769,-2.384,Hard Stop,60.0,40.0,-1.9076000000000002
TLMUSDT,2026-08-25 14:20:00,2026-08-25 14:35:00,0.001642,0.001672,1.827,0.914,Ladder,15.0,40.0,0.7307999999999999
MRVLBUSDT,2026-08-25 13:30:00,2026-08-25 16:50:00,244.26,240.54,-1.523,-0.761,Hard Stop,200.0,100.0,-1.523
SNXXBUSDT,2026-08-25 13:45:00,2026-08-25 16:50:00,13.85,13.01,-6.065,-3.032,Hard Stop,185.0,100.0,-6.065
JASMYUSDT,2026-08-25 18:40:00,2026-08-25 19:10:00,0.00531,0.00512,-3.578,-1.789,Hard Stop,30.0,40.0,-1.4312
NOMUSDT,2026-08-25 19:00:00,2026-08-25 23:00:00,0.00158,0.00159,0.633,0.316,Time Exit,240.0,40.0,0.2532
PUMPUSDT,2026-08-25 21:55:00,2026-08-25 23:10:00,0.004679,0.004526,-3.27,-1.635,Hard Stop,75.0,40.0,-1.308
MOVEUSDT,2026-08-26 04:30:00,2026-08-26 06:05:00,0.0088,0.009,2.273,1.136,Ladder,95.0,40.0,0.9092
PORTALUSDT,2026-08-26 04:55:00,2026-08-26 06:30:00,0.01768,0.0169,-4.412,-2.206,ATR Trail,95.0,40.0,-1.7648
BICOUSDT,2026-08-26 11:25:00,2026-08-26 12:00:00,0.0217,0.02288,5.438,2.719,ATR Trail,35.0,40.0,2.1752
LSKUSDT,2026-08-26 14:00:00,2026-08-26 14:35:00,0.1033,0.1114,7.841,3.921,ATR Trail,35.0,40.0,3.1364
CVXUSDT,2026-08-26 08:30:00,2026-08-26 14:55:00,2.158,2.216,2.688,1.344,Ladder,385.0,40.0,1.0752000000000002
ARKUSDT,2026-08-26 14:20:00,2026-08-26 14:55:00,0.1127,0.11,-2.396,-1.198,Hard Stop,35.0,40.0,-0.9583999999999999
TUTUSDT,2026-08-26 13:30:00,2026-08-26 15:20:00,0.05214,0.04878,-6.444,-3.222,Hard Stop,110.0,40.0,-2.5776
NILUSDT,2026-08-26 14:00:00,2026-08-26 16:10:00,0.04623,0.04486,-2.963,-1.482,Hard Stop,130.0,40.0,-1.1852
HEMIUSDT,2026-08-26 16:20:00,2026-08-26 16:35:00,0.00749,0.0072,-3.872,-1.936,Hard Stop,15.0,40.0,-1.5488
CHIPUSDT,2026-08-26 16:05:00,2026-08-26 17:00:00,0.03377,0.03271,-3.139,-1.569,Hard Stop,55.0,40.0,-1.2556
HEIUSDT,2026-08-26 19:20:00,2026-08-26 20:00:00,0.1565,0.1544,-1.342,-0.671,Ladder,40.0,40.0,-0.5368
KORUBUSDT,2026-08-26 21:35:00,2026-08-27 00:45:00,22.5,21.79,-3.156,-1.578,Hard Stop,190.0,40.0,-1.2624000000000002
NVDABUSDT,2026-08-26 21:05:00,2026-08-27 01:05:00,219.33,219.23,-0.046,-0.023,Time Exit,240.0,100.0,-0.046
币安人生USDT,2026-08-26 21:15:00,2026-08-27 01:15:00,0.516,0.5116,-0.853,-0.426,Time Exit,240.0,40.0,-0.34119999999999995
RUNEUSDT,2026-08-27 01:35:00,2026-08-27 02:35:00,0.515,0.529,2.718,1.359,Ladder,60.0,40.0,1.0872
MOVRUSDT,2026-08-27 03:15:00,2026-08-27 03:40:00,0.739,0.745,0.812,0.406,ATR Trail,25.0,40.0,0.32480000000000003
ZAMAUSDT,2026-08-27 08:10:00,2026-08-27 09:05:00,0.05485,0.05364,-2.206,-1.103,Hard Stop,55.0,40.0,-0.8824
KITEUSDT,2026-08-27 09:00:00,2026-08-27 09:30:00,0.1325,0.129,-2.642,-1.321,Hard Stop,30.0,40.0,-1.0568
SPKUSDT,2026-08-27 07:40:00,2026-08-27 10:30:00,0.019494,0.020008,2.637,1.318,Ladder,170.0,40.0,1.0548
MINAUSDT,2026-08-27 08:20:00,2026-08-27 12:25:00,0.0659,0.0677,2.731,1.366,Ladder,245.0,40.0,1.0923999999999998
VETUSDT,2026-08-27 12:15:00,2026-08-27 14:05:00,0.007275,0.006973,-4.151,-2.076,Hard Stop,110.0,40.0,-1.6603999999999999
ZROUSDT,2026-08-27 15:25:00,2026-08-27 16:05:00,1.267,1.23,-2.92,-1.46,Hard Stop,40.0,40.0,-1.168
TRUMPUSDT,2026-08-27 14:35:00,2026-08-27 17:20:00,2.585,2.684,3.83,1.915,Ladder,165.0,40.0,1.532
MSTRBUSDT,2026-08-27 14:00:00,2026-08-27 18:05:00,133.54,137.47,2.943,1.471,Ladder,245.0,100.0,2.943
ENAUSDT,2026-08-27 13:55:00,2026-08-28 02:15:00,0.1558,0.1821,16.881,8.44,ATR Trail,740.0,40.0,6.752400000000001
COTIUSDT,2026-08-28 11:40:00,2026-08-28 11:45:00,0.01343,0.01299,-3.276,-1.638,Hard Stop,5.0,40.0,-1.3104
DEXEUSDT,2026-08-28 16:30:00,2026-08-28 18:45:00,2.364,2.414,2.115,1.058,ATR Trail,135.0,40.0,0.8460000000000001
BROCCOLI714USDT,2026-08-29 15:40:00,2026-08-29 16:30:00,0.021,0.01989,-5.286,-2.643,Hard Stop,50.0,40.0,-2.1144
PROMUSDT,2026-08-29 16:00:00,2026-08-29 17:05:00,5.695,6.396,12.309,6.155,ATR Trail,65.0,40.0,4.9235999999999995
SCRUSDT,2026-08-29 17:00:00,2026-08-29 17:05:00,0.02653,0.02468,-6.973,-3.487,Hard Stop,5.0,40.0,-2.7892
GIGGLEUSDT,2026-08-29 14:55:00,2026-08-29 18:15:00,43.16,40.98,-5.051,-2.525,Hard Stop,200.0,40.0,-2.0204
ZKCUSDT,2026-08-30 03:10:00,2026-08-30 03:45:00,0.044,0.0481,9.318,4.659,ATR Trail,35.0,40.0,3.7272
STRKUSDT,2026-08-30 04:10:00,2026-08-30 08:10:00,0.02612,0.0258,-1.225,-0.613,Time Exit,240.0,100.0,-1.225
MAGICUSDT,2026-08-30 09:55:00,2026-08-30 11:25:00,0.0496,0.0528,6.452,3.226,ATR Trail,90.0,40.0,2.5808
FORMUSDT,2026-08-30 16:00:00,2026-08-30 16:40:00,0.2758,0.2685,-2.647,-1.323,Hard Stop,40.0,40.0,-1.0588
ZKUSDT,2026-08-31 04:30:00,2026-08-31 05:00:00,0.00998,0.01006,0.802,0.401,Ladder,30.0,100.0,0.8020000000000002
0GUSDT,2026-08-31 06:30:00,2026-08-31 07:55:00,0.1989,0.1853,-6.838,-3.419,Hard Stop,85.0,40.0,-2.7352
ZENUSDT,2026-08-31 10:10:00,2026-08-31 14:10:00,5.49,5.426,-1.166,-0.583,Time Exit,240.0,40.0,-0.4663999999999999
SNXXBUSDT,2026-08-31 13:30:00,2026-08-31 16:10:00,13.4,13.04,-2.687,-1.343,Hard Stop,160.0,100.0,-2.687
GRAMUSDT,2026-08-31 16:30:00,2026-08-31 17:00:00,1.438,1.389,-3.408,-1.704,Hard Stop,30.0,40.0,-1.3632
HEMIUSDT,2026-08-31 18:15:00,2026-08-31 19:00:00,0.01638,0.01664,1.587,0.794,Ladder,45.0,40.0,0.6347999999999999
SNDKBUSDT,2026-08-31 19:50:00,2026-08-31 23:50:00,1544.86,1548.29,0.222,0.111,Time Exit,240.0,100.0,0.22200000000000003
ARBUSDT,2026-08-31 17:50:00,2026-09-01 01:55:00,0.0935,0.1144,22.353,11.176,ATR Trail,485.0,100.0,22.353
ARUSDT,2026-09-01 07:00:00,2026-09-01 08:25:00,2.177,2.23,2.435,1.217,Ladder,85.0,40.0,0.974
UNIUSDT,2026-09-01 06:25:00,2026-09-01 10:25:00,5.805,5.736,-1.189,-0.594,Time Exit,240.0,100.0,-1.189
TUTUSDT,2026-09-01 09:45:00,2026-09-01 10:50:00,0.03224,0.03295,2.202,1.101,Ladder,65.0,40.0,0.8807999999999999
ACEUSDT,2026-09-01 11:00:00,2026-09-01 12:30:00,0.1692,0.1904,12.53,6.265,ATR Trail,90.0,40.0,5.012
CHIPUSDT,2026-09-01 14:15:00,2026-09-01 17:05:00,0.04375,0.04199,-4.023,-2.011,Hard Stop,170.0,40.0,-1.6091999999999997
TOWNSUSDT,2026-09-01 22:15:00,2026-09-01 22:25:00,0.00256,0.00249,-2.734,-1.367,Hard Stop,10.0,40.0,-1.0936
TLMUSDT,2026-09-02 10:45:00,2026-09-02 11:55:00,0.001505,0.001549,2.924,1.462,Ladder,70.0,40.0,1.1696
SOXSBUSDT,2026-09-02 13:50:00,2026-09-02 14:05:00,54.23,52.95,-2.36,-1.18,Hard Stop,15.0,40.0,-0.944
MUBARAKUSDT,2026-09-02 14:15:00,2026-09-02 16:10:00,0.02424,0.02669,10.107,5.054,ATR Trail,115.0,40.0,4.0428
AVGOBUSDT,2026-09-02 21:15:00,2026-09-03 01:15:00,364.03,363.46,-0.157,-0.078,Time Exit,240.0,100.0,-0.157
PORTALUSDT,2026-09-03 06:50:00,2026-09-03 08:25:00,0.01512,0.01436,-5.026,-2.513,Hard Stop,95.0,40.0,-2.0103999999999997
SPKUSDT,2026-09-03 09:50:00,2026-09-03 11:45:00,0.02114,0.022531,6.58,3.29,ATR Trail,115.0,40.0,2.6319999999999997
DASHUSDT,2026-09-03 15:20:00,2026-09-03 16:00:00,45.18,46.28,2.435,1.217,Ladder,40.0,40.0,0.974
PEPEUSDT,2026-09-03 14:45:00,2026-09-03 18:25:00,3.72e-06,3.83e-06,2.957,1.478,Ladder,220.0,40.0,1.1827999999999999
NEIROUSDT,2026-09-03 14:45:00,2026-09-03 18:45:00,9.037e-05,9.184e-05,1.627,0.813,Time Exit,240.0,40.0,0.6508
MORPHOUSDT,2026-09-03 15:55:00,2026-09-03 19:55:00,2.516,2.532,0.636,0.318,Time Exit,240.0,100.0,0.636
PROMUSDT,2026-09-03 17:05:00,2026-09-03 21:05:00,5.198,4.985,-4.098,-2.049,Time Exit,240.0,40.0,-1.6391999999999998
JTOUSDT,2026-09-03 17:20:00,2026-09-03 21:20:00,0.4563,0.4498,-1.425,-0.712,Time Exit,240.0,40.0,-0.5700000000000001
SUPERUSDT,2026-09-03 21:15:00,2026-09-03 22:30:00,0.1171,0.1155,-1.366,-0.683,Hard Stop,75.0,40.0,-0.5464
ZECUSDT,2026-09-03 15:20:00,2026-09-04 01:35:00,908.57,934.99,2.908,1.454,Ladder,615.0,40.0,1.1632
HEIUSDT,2026-09-04 08:00:00,2026-09-04 08:35:00,0.1523,0.1486,-2.429,-1.215,Hard Stop,35.0,40.0,-0.9716
ZKCUSDT,2026-09-04 08:05:00,2026-09-04 09:00:00,0.0509,0.0494,-2.947,-1.473,Hard Stop,55.0,40.0,-1.1788
ACTUSDT,2026-09-04 09:55:00,2026-09-04 10:00:00,0.01105,0.01086,-1.719,-0.86,Hard Stop,5.0,40.0,-0.6876
CRCLBUSDT,2026-09-03 13:30:00,2026-09-04 12:30:00,94.64,98.95,4.554,2.277,Ladder,1380.0,100.0,4.554
KORUBUSDT,2026-09-04 13:35:00,2026-09-04 17:35:00,21.95,22.67,3.28,1.64,Time Exit,240.0,40.0,1.3119999999999998
FORMUSDT,2026-09-04 17:10:00,2026-09-04 18:00:00,0.2846,0.2894,1.687,0.843,Ladder,50.0,40.0,0.6748
BROCCOLI714USDT,2026-09-04 16:45:00,2026-09-04 21:45:00,0.01895,0.01958,3.325,1.662,Ladder,300.0,40.0,1.33
ENJUSDT,2026-09-04 22:00:00,2026-09-05 00:15:00,0.02997,0.0288,-3.904,-1.952,Hard Stop,135.0,40.0,-1.5615999999999999
NOMUSDT,2026-09-05 02:00:00,2026-09-05 03:25:00,0.00173,0.00184,6.358,3.179,ATR Trail,85.0,40.0,2.5431999999999997
COTIUSDT,2026-09-05 06:10:00,2026-09-05 06:20:00,0.01505,0.01471,-2.259,-1.13,Hard Stop,10.0,40.0,-0.9036
币安人生USDT,2026-09-05 07:40:00,2026-09-05 11:40:00,0.5274,0.5346,1.365,0.683,Time Exit,240.0,40.0,0.546
ASTERUSDT,2026-09-05 13:05:00,2026-09-05 13:40:00,0.857,0.811,-5.368,-2.684,Hard Stop,35.0,40.0,-2.1472
NMRUSDT,2026-09-05 14:55:00,2026-09-05 15:40:00,10.63,10.07,-5.268,-2.634,Hard Stop,45.0,40.0,-2.1071999999999997
MARSCOINUSDT,2026-09-05 14:50:00,2026-09-05 16:35:00,0.2381,0.2466,3.57,1.785,Ladder,105.0,40.0,1.428
DOGEUSDT,2026-09-05 17:55:00,2026-09-05 18:50:00,0.09423,0.09177,-2.611,-1.305,Hard Stop,55.0,40.0,-1.0444
LDOUSDT,2026-09-05 21:55:00,2026-09-05 23:10:00,0.4149,0.4019,-3.133,-1.567,Hard Stop,75.0,100.0,-3.1329999999999996
OPUSDT,2026-09-05 20:10:00,2026-09-05 23:30:00,0.1059,0.109,2.927,1.464,Ladder,200.0,100.0,2.927
METUSDT,2026-09-06 03:20:00,2026-09-06 04:15:00,0.1969,0.2014,2.285,1.143,Ladder,55.0,40.0,0.9140000000000001
ZENUSDT,2026-09-06 05:10:00,2026-09-06 05:45:00,7.586,7.77,2.426,1.213,Ladder,35.0,40.0,0.9704
RAYUSDT,2026-09-06 03:45:00,2026-09-06 07:10:00,1.166,1.0715,-8.105,-4.052,Hard Stop,205.0,40.0,-3.2420000000000004
ARBUSDT,2026-09-06 07:55:00,2026-09-06 08:30:00,0.2017,0.1952,-3.223,-1.611,Hard Stop,35.0,100.0,-3.2230000000000003
ZKUSDT,2026-09-06 09:00:00,2026-09-06 09:20:00,0.01062,0.01045,-1.601,-0.8,Hard Stop,20.0,100.0,-1.601
NIGHTUSDT,2026-09-06 10:50:00,2026-09-06 13:15:00,0.02357,0.02301,-2.376,-1.188,Hard Stop,145.0,40.0,-0.9504
ZAMAUSDT,2026-09-06 09:45:00,2026-09-06 14:25:00,0.05762,0.05909,2.551,1.276,Ladder,280.0,40.0,1.0204
UNIUSDT,2026-09-06 16:25:00,2026-09-06 17:05:00,7.392,7.219,-2.34,-1.17,Hard Stop,40.0,100.0,-2.34
PHAUSDT,2026-09-06 14:55:00,2026-09-06 18:55:00,0.0274,0.0275,0.365,0.182,Time Exit,240.0,40.0,0.146
HEMIUSDT,2026-09-06 17:30:00,2026-09-06 18:55:00,0.01171,0.0114,-2.647,-1.324,Hard Stop,85.0,40.0,-1.0588
TAOUSDT,2026-09-06 19:10:00,2026-09-06 22:15:00,266.7,260.3,-2.4,-1.2,Hard Stop,185.0,40.0,-0.96
TIAUSDT,2026-09-07 00:25:00,2026-09-07 00:55:00,0.4779,0.4409,-7.742,-3.871,Hard Stop,30.0,40.0,-3.0968
CRVUSDT,2026-09-07 02:15:00,2026-09-07 03:40:00,0.3947,0.3866,-2.052,-1.026,Hard Stop,85.0,100.0,-2.052
CFGUSDT,2026-09-07 03:15:00,2026-09-07 04:05:00,0.1254,0.1289,2.791,1.396,Ladder,50.0,40.0,1.1164
MINAUSDT,2026-09-07 08:10:00,2026-09-07 09:25:00,0.0798,0.0821,2.882,1.441,Ladder,75.0,40.0,1.1528
PUMPUSDT,2026-09-07 10:45:00,2026-09-07 11:40:00,0.004387,0.004513,2.872,1.436,Ladder,55.0,40.0,1.1488
PENDLEUSDT,2026-09-07 11:50:00,2026-09-07 14:10:00,2.131,2.101,-1.408,-0.704,Hard Stop,140.0,100.0,-1.408
WLDUSDT,2026-09-07 14:50:00,2026-09-07 15:25:00,0.4754,0.4593,-3.387,-1.693,Hard Stop,35.0,40.0,-1.3548
AEROUSDT,2026-09-07 14:55:00,2026-09-07 15:30:00,0.5663,0.5416,-4.362,-2.181,Hard Stop,35.0,40.0,-1.7448
LUNCUSDT,2026-09-07 11:55:00,2026-09-07 15:55:00,5.506e-05,5.383e-05,-2.234,-1.117,Time Exit,240.0,40.0,-0.8936
ACEUSDT,2026-09-07 18:00:00,2026-09-07 19:45:00,0.1852,0.1903,2.754,1.377,Ladder,105.0,40.0,1.1016
SOXSBUSDT,2026-09-08 00:00:00,2026-09-08 00:25:00,44.67,43.91,-1.701,-0.851,Hard Stop,25.0,40.0,-0.6804
GLMRUSDT,2026-09-08 06:50:00,2026-09-08 07:00:00,0.006793,0.006587,-3.033,-1.516,Hard Stop,10.0,40.0,-1.2132
SCRUSDT,2026-09-08 07:10:00,2026-09-08 08:05:00,0.0222,0.02166,-2.432,-1.216,Hard Stop,55.0,40.0,-0.9727999999999999
KAITOUSDT,2026-09-08 05:05:00,2026-09-08 09:05:00,0.3361,0.3355,-0.179,-0.089,Time Exit,240.0,40.0,-0.0716
CHIPUSDT,2026-09-08 14:55:00,2026-09-08 15:35:00,0.05596,0.05429,-2.984,-1.492,Hard Stop,40.0,40.0,-1.1936
RESOLVUSDT,2026-09-08 15:00:00,2026-09-08 16:20:00,0.019,0.0185,-2.632,-1.316,Hard Stop,80.0,40.0,-1.0528
AAOIBUSDT,2026-09-08 13:45:00,2026-09-08 17:45:00,113.28,113.68,0.353,0.177,Time Exit,240.0,100.0,0.353
SNXXBUSDT,2026-09-08 13:50:00,2026-09-08 17:50:00,18.03,18.4,2.052,1.026,Time Exit,240.0,100.0,2.052
DOTUSDT,2026-09-08 20:10:00,2026-09-08 20:30:00,1.281,1.246,-2.732,-1.366,Hard Stop,20.0,40.0,-1.0928
SOXLBUSDT,2026-09-09 13:30:00,2026-09-09 17:30:00,124.92,125.52,0.48,0.24,Time Exit,240.0,100.0,0.48
MRVLBUSDT,2026-09-09 13:30:00,2026-09-09 17:30:00,231.5,236.13,2.0,1.0,Time Exit,240.0,100.0,2.0
STRKUSDT,2026-09-09 16:35:00,2026-09-09 17:30:00,0.03214,0.03293,2.458,1.229,Ladder,55.0,100.0,2.458
PORTALUSDT,2026-09-09 17:30:00,2026-09-09 17:45:00,0.01781,0.01848,3.762,1.881,Ladder,15.0,40.0,1.5048
PROMUSDT,2026-09-10 00:05:00,2026-09-10 00:15:00,5.844,5.707,-2.344,-1.172,Hard Stop,10.0,40.0,-0.9376
VTHOUSDT,2026-09-10 00:00:00,2026-09-10 00:20:00,0.0005,0.000521,4.2,2.1,ATR Trail,20.0,40.0,1.6800000000000002
ARKUSDT,2026-09-10 07:05:00,2026-09-10 07:35:00,0.1313,0.1345,2.437,1.219,ATR Trail,30.0,40.0,0.9748
CKBUSDT,2026-09-10 07:10:00,2026-09-10 07:40:00,0.001203,0.001152,-4.239,-2.12,Hard Stop,30.0,40.0,-1.6955999999999998
DODOUSDT,2026-09-10 08:50:00,2026-09-10 09:35:00,0.01799,0.01926,7.059,3.53,ATR Trail,45.0,100.0,7.059
VETUSDT,2026-09-10 14:30:00,2026-09-10 16:05:00,0.00827,0.008011,-3.132,-1.566,Hard Stop,95.0,40.0,-1.2528000000000001
SPCXBUSDT,2026-09-10 13:30:00,2026-09-10 17:30:00,149.45,151.18,1.158,0.579,Time Exit,240.0,40.0,0.4632
SAGAUSDT,2026-09-10 15:35:00,2026-09-10 17:45:00,0.0163,0.01729,6.074,3.037,ATR Trail,130.0,40.0,2.4295999999999998
ETHFIUSDT,2026-09-10 17:30:00,2026-09-10 18:40:00,0.7183,0.6918,-3.689,-1.845,Hard Stop,70.0,40.0,-1.4756
牛来USDT,2026-09-10 15:10:00,2026-09-10 20:50:00,0.08872,0.11891,34.028,17.014,ATR Trail,340.0,40.0,13.611199999999998
MARSCOINUSDT,2026-09-10 19:25:00,2026-09-10 21:00:00,0.1196,0.1215,1.589,0.794,Ladder,95.0,40.0,0.6356
EIGENUSDT,2026-09-10 17:55:00,2026-09-10 21:55:00,0.2205,0.215,-2.494,-1.247,Time Exit,240.0,40.0,-0.9976000000000002
LSKUSDT,2026-09-11 06:00:00,2026-09-11 06:20:00,0.1376,0.1379,0.218,0.109,Ladder,20.0,40.0,0.0872
METUSDT,2026-09-11 10:50:00,2026-09-11 11:25:00,0.2586,0.2621,1.353,0.677,Ladder,35.0,40.0,0.5412
XPLUSDT,2026-09-11 12:30:00,2026-09-11 14:05:00,0.08526,0.08774,2.909,1.454,Ladder,95.0,40.0,1.1636
WLFIUSDT,2026-09-11 13:45:00,2026-09-11 14:25:00,0.054,0.0529,-2.037,-1.019,Hard Stop,40.0,40.0,-0.8148
ZECUSDT,2026-09-11 12:30:00,2026-09-11 14:30:00,1147.31,1180.0,2.849,1.425,Ladder,120.0,40.0,1.1396000000000002
DASHUSDT,2026-09-11 12:30:00,2026-09-11 14:30:00,56.38,57.52,2.022,1.011,Ladder,120.0,40.0,0.8088
ENAUSDT,2026-09-11 12:35:00,2026-09-11 14:30:00,0.1481,0.1519,2.566,1.283,Ladder,115.0,40.0,1.0264
NEARUSDT,2026-09-11 12:30:00,2026-09-11 15:50:00,2.51,2.606,3.825,1.912,Ladder,200.0,40.0,1.53
ZENUSDT,2026-09-11 12:30:00,2026-09-11 16:20:00,6.74,6.581,-2.359,-1.18,Hard Stop,230.0,40.0,-0.9436
ARBUSDT,2026-09-11 13:50:00,2026-09-11 16:20:00,0.1476,0.1435,-2.778,-1.389,Hard Stop,150.0,100.0,-2.778
AVAXUSDT,2026-09-11 12:35:00,2026-09-11 16:35:00,7.598,7.559,-0.513,-0.257,Time Exit,240.0,40.0,-0.2052
JASMYUSDT,2026-09-11 12:35:00,2026-09-11 16:35:00,0.00405,0.00409,0.988,0.494,Time Exit,240.0,40.0,0.3952
STXUSDT,2026-09-11 12:35:00,2026-09-11 16:35:00,0.2619,0.2581,-1.451,-0.725,Time Exit,240.0,40.0,-0.5804
PEOPLEUSDT,2026-09-11 12:35:00,2026-09-11 16:35:00,0.0077,0.00773,0.39,0.195,Time Exit,240.0,40.0,0.156
SKYUSDT,2026-09-11 16:50:00,2026-09-11 18:05:00,0.0627,0.06059,-3.365,-1.683,Hard Stop,75.0,40.0,-1.346
RAYUSDT,2026-09-12 01:05:00,2026-09-12 03:10:00,1.7118,1.6453,-3.885,-1.942,Hard Stop,125.0,40.0,-1.5539999999999998
MUBARAKUSDT,2026-09-12 01:55:00,2026-09-12 05:55:00,0.03057,0.03114,1.865,0.932,Time Exit,240.0,40.0,0.746
ILVUSDT,2026-09-12 18:50:00,2026-09-12 20:55:00,3.66,3.71,1.366,0.683,Ladder,125.0,40.0,0.5464
GLMRUSDT,2026-09-13 12:55:00,2026-09-13 13:45:00,0.006572,0.006368,-3.104,-1.552,Hard Stop,50.0,40.0,-1.2416
FILUSDT,2026-09-13 14:05:00,2026-09-13 17:35:00,0.887,0.97,9.357,4.679,ATR Trail,210.0,40.0,3.7427999999999995
BATUSDT,2026-09-13 14:40:00,2026-09-13 17:35:00,0.0822,0.0799,-2.798,-1.399,Hard Stop,175.0,40.0,-1.1192
ARUSDT,2026-09-13 17:05:00,2026-09-13 21:05:00,2.796,2.818,0.787,0.393,Time Exit,240.0,40.0,0.3148
IOTAUSDT,2026-09-14 12:05:00,2026-09-14 12:55:00,0.0465,0.0443,-4.731,-2.366,Hard Stop,50.0,40.0,-1.8923999999999999
CRCLBUSDT,2026-09-14 13:30:00,2026-09-14 13:35:00,96.09,93.74,-2.446,-1.223,Hard Stop,5.0,100.0,-2.446
AAOIBUSDT,2026-09-14 13:45:00,2026-09-14 13:50:00,100.85,98.2,-2.628,-1.314,Hard Stop,5.0,100.0,-2.628
HEMIUSDT,2026-09-14 14:45:00,2026-09-14 16:30:00,0.00638,0.00678,6.27,3.135,ATR Trail,105.0,40.0,2.5079999999999996
SNXXBUSDT,2026-09-14 14:00:00,2026-09-14 18:20:00,13.6,13.97,2.721,1.36,Ladder,260.0,100.0,2.721
PUMPUSDT,2026-09-14 16:50:00,2026-09-14 19:00:00,0.00379,0.003697,-2.454,-1.227,Hard Stop,130.0,40.0,-0.9816000000000001
SYNUSDT,2026-09-14 20:00:00,2026-09-14 21:05:00,0.08527,0.08766,2.803,1.401,Ladder,65.0,40.0,1.1212
ACEUSDT,2026-09-15 06:35:00,2026-09-15 07:15:00,0.1561,0.1598,2.37,1.185,Ladder,40.0,40.0,0.9480000000000001
VTHOUSDT,2026-09-15 06:35:00,2026-09-15 07:15:00,0.000767,0.000718,-6.389,-3.194,Hard Stop,40.0,40.0,-2.5556
TOWNSUSDT,2026-09-15 08:35:00,2026-09-15 12:35:00,0.00184,0.00184,0.0,0.0,Time Exit,240.0,40.0,0.0
AUDIOUSDT,2026-09-15 12:25:00,2026-09-15 12:40:00,0.01338,0.01301,-2.765,-1.383,Hard Stop,15.0,40.0,-1.106
TUTUSDT,2026-09-15 15:30:00,2026-09-15 17:20:00,0.02176,0.02053,-5.653,-2.826,Hard Stop,110.0,40.0,-2.2611999999999997
CRVUSDT,2026-09-15 18:55:00,2026-09-15 20:20:00,0.341,0.3299,-3.255,-1.628,Hard Stop,85.0,100.0,-3.2549999999999994
ARKUSDT,2026-09-16 03:35:00,2026-09-16 04:25:00,0.1632,0.155,-5.025,-2.512,Hard Stop,50.0,40.0,-2.0100000000000002
MARSCOINUSDT,2026-09-16 06:05:00,2026-09-16 07:30:00,0.1014,0.0969,-4.438,-2.219,Hard Stop,85.0,40.0,-1.7752
DODOUSDT,2026-09-16 07:35:00,2026-09-16 07:55:00,0.01845,0.01808,-2.005,-1.003,Hard Stop,20.0,100.0,-2.005
TLMUSDT,2026-09-16 07:50:00,2026-09-16 08:45:00,0.001443,0.001463,1.386,0.693,Ladder,55.0,40.0,0.5544
LSKUSDT,2026-09-16 08:45:00,2026-09-16 09:45:00,0.5396,0.555,2.854,1.427,Ladder,60.0,40.0,1.1416
HEIUSDT,2026-09-16 09:40:00,2026-09-16 10:45:00,0.1187,0.1252,5.476,2.738,ATR Trail,65.0,40.0,2.1904000000000003
CHIPUSDT,2026-09-16 11:50:00,2026-09-16 12:15:00,0.03841,0.03706,-3.515,-1.757,Hard Stop,25.0,40.0,-1.4060000000000001
KITEUSDT,2026-09-16 16:25:00,2026-09-16 17:10:00,0.1077,0.1041,-3.343,-1.671,Hard Stop,45.0,40.0,-1.3372000000000002
PHAUSDT,2026-09-16 16:00:00,2026-09-16 17:35:00,0.0269,0.0259,-3.717,-1.859,Hard Stop,95.0,40.0,-1.4868000000000001
ENAUSDT,2026-09-16 18:05:00,2026-09-16 19:25:00,0.1487,0.145,-2.488,-1.244,Hard Stop,80.0,40.0,-0.9952
ZECUSDT,2026-09-16 18:05:00,2026-09-16 22:05:00,1330.33,1314.77,-1.17,-0.585,Time Exit,240.0,40.0,-0.46799999999999997
UNIUSDT,2026-09-16 18:05:00,2026-09-16 22:05:00,6.398,6.387,-0.172,-0.086,Time Exit,240.0,100.0,-0.172
DASHUSDT,2026-09-16 18:05:00,2026-09-16 22:05:00,56.43,56.04,-0.691,-0.346,Time Exit,240.0,40.0,-0.2764
ZENUSDT,2026-09-16 18:05:00,2026-09-16 22:05:00,6.744,6.693,-0.756,-0.378,Time Exit,240.0,40.0,-0.3024
ONEUSDT,2026-09-16 22:50:00,2026-09-16 23:35:00,0.00073,0.000897,22.877,11.438,ATR Trail,45.0,40.0,9.1508
MINAUSDT,2026-09-17 05:20:00,2026-09-17 06:25:00,0.0919,0.0891,-3.047,-1.523,Hard Stop,65.0,40.0,-1.2188
SAGAUSDT,2026-09-17 05:10:00,2026-09-17 06:55:00,0.02086,0.02175,4.267,2.133,Ladder,105.0,40.0,1.7068000000000003
牛来USDT,2026-09-17 08:20:00,2026-09-17 08:55:00,0.11313,0.10951,-3.2,-1.6,Hard Stop,35.0,40.0,-1.28
MUBARAKUSDT,2026-09-17 10:55:00,2026-09-17 14:55:00,0.03061,0.02989,-2.352,-1.176,Time Exit,240.0,40.0,-0.9408
BCHUSDT,2026-09-17 14:20:00,2026-09-17 15:00:00,240.3,233.4,-2.871,-1.436,Hard Stop,40.0,40.0,-1.1484
COTIUSDT,2026-09-17 10:40:00,2026-09-17 16:35:00,0.01895,0.01948,2.797,1.398,Ladder,355.0,40.0,1.1188
ONDOUSDT,2026-09-17 12:55:00,2026-09-17 16:55:00,0.3652,0.3703,1.396,0.698,Time Exit,240.0,100.0,1.396
GALAUSDT,2026-09-17 16:05:00,2026-09-17 17:15:00,0.001814,0.001864,2.756,1.378,Ladder,70.0,40.0,1.1023999999999998
CFGUSDT,2026-09-17 13:45:00,2026-09-17 17:45:00,0.1163,0.1149,-1.204,-0.602,Time Exit,240.0,40.0,-0.48160000000000003
ARBUSDT,2026-09-17 17:40:00,2026-09-17 20:00:00,0.179,0.1739,-2.849,-1.425,Hard Stop,140.0,100.0,-2.849
BNCBUSDT,2026-09-18 02:55:00,2026-09-18 04:45:00,5.64,6.14,8.865,4.433,ATR Trail,110.0,40.0,3.5460000000000003
NEIROUSDT,2026-09-18 03:20:00,2026-09-18 05:15:00,8.931e-05,8.772e-05,-1.78,-0.89,Hard Stop,115.0,40.0,-0.712
NEARUSDT,2026-09-18 03:00:00,2026-09-18 07:00:00,3.423,3.472,1.431,0.716,Time Exit,240.0,40.0,0.5724
STRKUSDT,2026-09-18 03:10:00,2026-09-18 07:10:00,0.03065,0.03119,1.762,0.881,Time Exit,240.0,100.0,1.762
RAYUSDT,2026-09-18 03:15:00,2026-09-18 09:30:00,1.5885,1.7908,12.735,6.368,ATR Trail,375.0,40.0,5.093999999999999
ZAMAUSDT,2026-09-18 07:40:00,2026-09-18 10:50:00,0.05453,0.05583,2.384,1.192,Ladder,190.0,40.0,0.9536
SKYUSDT,2026-09-18 09:45:00,2026-09-18 12:00:00,0.06423,0.06608,2.88,1.44,Ladder,135.0,40.0,1.152
MSTRBUSDT,2026-09-18 13:35:00,2026-09-18 14:30:00,141.39,145.29,2.758,1.379,Ladder,55.0,100.0,2.758
MEGAUSDT,2026-09-18 20:10:00,2026-09-18 20:35:00,0.04032,0.04119,2.158,1.079,Ladder,25.0,40.0,0.8632
ZKUSDT,2026-09-18 18:55:00,2026-09-18 23:30:00,0.0108,0.0111,2.778,1.389,Ladder,275.0,100.0,2.778
SNDKBUSDT,2026-09-18 19:55:00,2026-09-18 23:55:00,1790.7,1796.64,0.332,0.166,Time Exit,240.0,100.0,0.332
SOXLBUSDT,2026-09-18 19:55:00,2026-09-18 23:55:00,123.78,123.05,-0.59,-0.295,Time Exit,240.0,100.0,-0.59
SANDUSDT,2026-09-19 00:00:00,2026-09-19 00:05:00,0.04094,0.03928,-4.055,-2.027,Hard Stop,5.0,40.0,-1.6219999999999999
MANAUSDT,2026-09-19 00:00:00,2026-09-19 00:05:00,0.0813,0.0801,-1.476,-0.738,Hard Stop,5.0,40.0,-0.5904
AXSUSDT,2026-09-19 00:00:00,2026-09-19 00:10:00,1.053,1.032,-1.994,-0.997,Hard Stop,10.0,40.0,-0.7976
ARUSDT,2026-09-19 02:25:00,2026-09-19 03:05:00,3.836,3.932,2.503,1.251,Ladder,40.0,40.0,1.0012
AVAXUSDT,2026-09-19 01:45:00,2026-09-19 03:20:00,8.682,8.499,-2.108,-1.054,Hard Stop,95.0,40.0,-0.8432000000000001
JTOUSDT,2026-09-19 03:00:00,2026-09-19 03:25:00,0.4725,0.4628,-2.053,-1.026,Hard Stop,25.0,40.0,-0.8211999999999999
PROMUSDT,2026-09-19 05:10:00,2026-09-19 06:10:00,5.411,5.195,-3.992,-1.996,Hard Stop,60.0,40.0,-1.5968
MORPHOUSDT,2026-09-19 02:15:00,2026-09-19 06:15:00,2.766,2.706,-2.169,-1.085,Time Exit,240.0,100.0,-2.169
VETUSDT,2026-09-19 04:05:00,2026-09-19 06:55:00,0.008248,0.008291,0.521,0.261,Ladder,170.0,40.0,0.2084
INJUSDT,2026-09-19 06:35:00,2026-09-19 08:00:00,7.374,7.577,2.753,1.376,Ladder,85.0,40.0,1.1012000000000002
NILUSDT,2026-09-19 12:00:00,2026-09-19 12:30:00,0.05046,0.04875,-3.389,-1.694,Hard Stop,30.0,40.0,-1.3556
STXUSDT,2026-09-19 11:40:00,2026-09-19 14:45:00,0.3163,0.3079,-2.656,-1.328,Hard Stop,185.0,40.0,-1.0624
METUSDT,2026-09-19 12:25:00,2026-09-19 16:25:00,0.2699,0.2663,-1.334,-0.667,Time Exit,240.0,40.0,-0.5336000000000001
BOMEUSDT,2026-09-19 17:10:00,2026-09-19 17:20:00,0.0010515,0.0010104,-3.909,-1.954,Hard Stop,10.0,40.0,-1.5636
GLMRUSDT,2026-09-19 16:50:00,2026-09-19 17:50:00,0.006587,0.006371,-3.279,-1.64,Hard Stop,60.0,40.0,-1.3115999999999999
BERAUSDT,2026-09-19 17:25:00,2026-09-19 21:25:00,0.2223,0.2189,-1.529,-0.765,Time Exit,240.0,40.0,-0.6116
CAKEUSDT,2026-09-20 06:05:00,2026-09-20 07:20:00,2.443,2.385,-2.374,-1.187,Hard Stop,75.0,40.0,-0.9496
ACEUSDT,2026-09-20 10:25:00,2026-09-20 13:05:00,0.1586,0.1701,7.251,3.625,ATR Trail,160.0,40.0,2.9004000000000003
PUMPUSDT,2026-09-20 10:25:00,2026-09-20 14:25:00,0.004061,0.004033,-0.689,-0.345,Time Exit,240.0,40.0,-0.27559999999999996
ALGOUSDT,2026-09-20 14:45:00,2026-09-20 16:20:00,0.1099,0.1114,1.365,0.682,Ladder,95.0,40.0,0.546
LUNCUSDT,2026-09-20 16:20:00,2026-09-20 17:25:00,5.697e-05,5.447e-05,-4.388,-2.194,Hard Stop,65.0,40.0,-1.7552
SUIUSDT,2026-09-20 16:35:00,2026-09-20 20:35:00,0.8949,0.8857,-1.028,-0.514,Time Exit,240.0,40.0,-0.4112
XPLUSDT,2026-09-21 01:20:00,2026-09-21 03:10:00,0.09359,0.09612,2.703,1.352,Ladder,110.0,40.0,1.0812
PORTALUSDT,2026-09-21 09:25:00,2026-09-21 10:10:00,0.02108,0.02046,-2.941,-1.471,Hard Stop,45.0,40.0,-1.1764
APTUSDT,2026-09-21 06:25:00,2026-09-21 10:25:00,0.769,0.768,-0.13,-0.065,Time Exit,240.0,40.0,-0.052
SYNUSDT,2026-09-21 09:45:00,2026-09-21 10:25:00,0.23661,0.22646,-4.29,-2.145,Hard Stop,40.0,40.0,-1.716
MARSCOINUSDT,2026-09-21 08:05:00,2026-09-21 10:30:00,0.1023,0.105,2.639,1.32,Ladder,145.0,40.0,1.0555999999999999
BONKUSDT,2026-09-21 09:25:00,2026-09-21 13:25:00,3.31e-06,3.26e-06,-1.511,-0.755,Time Exit,240.0,40.0,-0.6043999999999999
DYDXUSDT,2026-09-21 11:30:00,2026-09-21 14:00:00,0.14189,0.13798,-2.756,-1.378,Hard Stop,150.0,40.0,-1.1023999999999998
PROVEUSDT,2026-09-21 12:40:00,2026-09-21 14:00:00,0.2615,0.2717,3.901,1.95,ATR Trail,80.0,40.0,1.5603999999999998
BROCCOLI714USDT,2026-09-21 10:05:00,2026-09-21 14:05:00,0.02031,0.02031,0.0,0.0,Time Exit,240.0,40.0,0.0
IMXUSDT,2026-09-21 10:40:00,2026-09-21 14:40:00,0.1533,0.1502,-2.022,-1.011,Time Exit,240.0,40.0,-0.8088
PEPEUSDT,2026-09-21 14:45:00,2026-09-21 16:20:00,4.58e-06,4.87e-06,6.332,3.166,ATR Trail,95.0,40.0,2.5328
FORMUSDT,2026-09-21 16:10:00,2026-09-21 16:30:00,0.2909,0.3555,22.207,11.103,ATR Trail,20.0,40.0,8.882800000000001
ORDIUSDT,2026-09-21 16:15:00,2026-09-21 16:30:00,5.143,5.003,-2.722,-1.361,Hard Stop,15.0,40.0,-1.0888
WIFUSDT,2026-09-21 14:50:00,2026-09-21 16:35:00,0.2431,0.2304,-5.224,-2.612,Hard Stop,105.0,40.0,-2.0896
SUPERUSDT,2026-09-21 14:45:00,2026-09-21 17:00:00,0.1555,0.1505,-3.215,-1.608,Hard Stop,135.0,40.0,-1.286
FETUSDT,2026-09-21 13:50:00,2026-09-21 17:50:00,0.205,0.1972,-3.805,-1.902,Hard Stop,240.0,40.0,-1.522
FLOKIUSDT,2026-09-21 14:55:00,2026-09-21 18:55:00,2.88e-05,2.879e-05,-0.035,-0.017,Time Exit,240.0,40.0,-0.014000000000000002
TAOUSDT,2026-09-21 19:55:00,2026-09-22 00:55:00,306.3,312.5,2.024,1.012,Ladder,300.0,40.0,0.8096000000000001
DOGEUSDT,2026-09-22 04:00:00,2026-09-22 04:45:00,0.10471,0.10098,-3.562,-1.781,Hard Stop,45.0,40.0,-1.4247999999999998
GMTUSDT,2026-09-22 01:10:00,2026-09-22 04:50:00,0.00874,0.00849,-2.86,-1.43,Hard Stop,220.0,40.0,-1.1440000000000001
ENAUSDT,2026-09-22 05:40:00,2026-09-22 06:20:00,0.2182,0.2122,-2.75,-1.375,Hard Stop,40.0,40.0,-1.1
AUDIOUSDT,2026-09-22 11:20:00,2026-09-22 11:35:00,0.01432,0.01403,-2.025,-1.013,Hard Stop,15.0,40.0,-0.81
牛来USDT,2026-09-22 11:35:00,2026-09-22 12:40:00,0.11599,0.11144,-3.923,-1.961,Hard Stop,65.0,40.0,-1.5692
UNIUSDT,2026-09-22 12:35:00,2026-09-22 13:15:00,9.147,9.322,1.913,0.957,Ladder,40.0,100.0,1.913
SNXXBUSDT,2026-09-22 13:30:00,2026-09-22 14:15:00,18.33,19.65,7.201,3.601,ATR Trail,45.0,100.0,7.200999999999999
ETCUSDT,2026-09-22 13:00:00,2026-09-22 14:30:00,9.12,8.89,-2.522,-1.261,Hard Stop,90.0,40.0,-1.0088
AAOIBUSDT,2026-09-22 13:55:00,2026-09-22 14:30:00,110.67,107.42,-2.937,-1.468,Hard Stop,35.0,100.0,-2.937
MINAUSDT,2026-09-22 14:40:00,2026-09-22 16:30:00,0.1467,0.152,3.613,1.806,Ladder,110.0,40.0,1.4452
APEUSDT,2026-09-22 16:00:00,2026-09-22 16:40:00,0.1547,0.1493,-3.491,-1.745,Hard Stop,40.0,40.0,-1.3964
YGGUSDT,2026-09-22 16:40:00,2026-09-22 16:55:00,0.02856,0.02745,-3.887,-1.943,Hard Stop,15.0,40.0,-1.5548000000000002
ALICEUSDT,2026-09-22 16:05:00,2026-09-22 18:25:00,0.1489,0.146,-1.948,-0.974,Hard Stop,140.0,40.0,-0.7792
ZROUSDT,2026-09-22 16:15:00,2026-09-22 18:30:00,1.322,1.372,3.782,1.891,Ladder,135.0,40.0,1.5128
MOVRUSDT,2026-09-22 19:10:00,2026-09-22 19:30:00,0.973,0.938,-3.597,-1.799,Hard Stop,20.0,40.0,-1.4388
MUBARAKUSDT,2026-09-22 16:00:00,2026-09-22 19:40:00,0.07251,0.07975,9.985,4.992,ATR Trail,220.0,40.0,3.9939999999999998
DASHUSDT,2026-09-22 17:05:00,2026-09-22 21:05:00,63.87,63.46,-0.642,-0.321,Time Exit,240.0,40.0,-0.25680000000000003
TIAUSDT,2026-09-22 19:20:00,2026-09-22 21:10:00,0.4698,0.4859,3.427,1.713,Ladder,110.0,40.0,1.3708
PENGUUSDT,2026-09-22 20:00:00,2026-09-22 21:45:00,0.010293,0.009957,-3.264,-1.632,Hard Stop,105.0,40.0,-1.3055999999999999
ZECUSDT,2026-09-22 23:05:00,2026-09-23 03:05:00,1624.27,1612.97,-0.696,-0.348,Time Exit,240.0,40.0,-0.2784
VTHOUSDT,2026-09-23 01:40:00,2026-09-23 05:40:00,0.000733,0.000721,-1.637,-0.819,Time Exit,240.0,40.0,-0.6547999999999999
BCHUSDT,2026-09-23 06:00:00,2026-09-23 06:50:00,351.6,343.6,-2.275,-1.138,Hard Stop,50.0,40.0,-0.9099999999999999
SAGAUSDT,2026-09-23 04:40:00,2026-09-23 07:45:00,0.04314,0.04594,6.49,3.245,ATR Trail,185.0,40.0,2.596
COTIUSDT,2026-09-23 08:25:00,2026-09-23 10:20:00,0.01619,0.01657,2.347,1.174,Ladder,115.0,40.0,0.9388000000000001
PHAUSDT,2026-09-23 07:25:00,2026-09-23 11:25:00,0.0493,0.0477,-3.245,-1.623,Hard Stop,240.0,40.0,-1.298
CRCLBUSDT,2026-09-23 13:35:00,2026-09-23 14:05:00,96.45,93.54,-3.017,-1.509,Hard Stop,30.0,100.0,-3.017
RAYUSDT,2026-09-23 13:20:00,2026-09-23 14:10:00,1.975,1.9242,-2.572,-1.286,Hard Stop,50.0,40.0,-1.0288
NEARUSDT,2026-09-23 11:45:00,2026-09-23 14:15:00,4.688,4.466,-4.735,-2.368,Hard Stop,150.0,40.0,-1.8940000000000001
NOMUSDT,2026-09-23 20:10:00,2026-09-23 21:50:00,0.00191,0.001964,2.827,1.414,ATR Trail,100.0,40.0,1.1308
LSKUSDT,2026-09-23 21:20:00,2026-09-23 22:55:00,0.3399,0.3486,2.56,1.28,Ladder,95.0,40.0,1.024
TUTUSDT,2026-09-24 10:25:00,2026-09-24 11:35:00,0.02988,0.028,-6.292,-3.146,Hard Stop,70.0,40.0,-2.5168
PROMUSDT,2026-09-24 11:45:00,2026-09-24 11:50:00,5.864,5.411,-7.725,-3.863,Hard Stop,5.0,40.0,-3.09
CFGUSDT,2026-09-24 12:10:00,2026-09-24 12:35:00,0.143,0.1391,-2.727,-1.364,Hard Stop,25.0,40.0,-1.0908
HUMAUSDT,2026-09-24 12:50:00,2026-09-24 13:40:00,0.02542,0.02483,-2.321,-1.161,Hard Stop,50.0,40.0,-0.9284000000000001
ONDOUSDT,2026-09-24 12:00:00,2026-09-24 14:50:00,0.4504,0.4923,9.303,4.651,ATR Trail,170.0,100.0,9.303
XAIUSDT,2026-09-24 15:00:00,2026-09-24 15:35:00,0.00857,0.00882,2.917,1.459,Ladder,35.0,40.0,1.1667999999999998
PLUMEUSDT,2026-09-24 14:15:00,2026-09-24 16:40:00,0.01775,0.01813,2.141,1.07,Ladder,145.0,40.0,0.8563999999999999
2ZUSDT,2026-09-24 16:40:00,2026-09-24 16:45:00,0.06222,0.05947,-4.42,-2.21,Hard Stop,5.0,40.0,-1.7679999999999998
MORPHOUSDT,2026-09-24 13:15:00,2026-09-24 17:15:00,2.83,2.815,-0.53,-0.265,Time Exit,240.0,100.0,-0.53
INJUSDT,2026-09-24 15:30:00,2026-09-24 18:00:00,8.507,8.0,-5.96,-2.98,Hard Stop,150.0,40.0,-2.384
ARUSDT,2026-09-24 14:25:00,2026-09-24 18:25:00,4.588,4.524,-1.395,-0.697,Time Exit,240.0,40.0,-0.558
SOXLBUSDT,2026-09-24 16:15:00,2026-09-24 20:15:00,143.13,145.04,1.334,0.667,Time Exit,240.0,100.0,1.334
CHIPUSDT,2026-09-24 19:30:00,2026-09-24 23:30:00,0.04859,0.0476,-2.037,-1.019,Time Exit,240.0,40.0,-0.8148
ARKUSDT,2026-09-25 00:50:00,2026-09-25 01:15:00,0.1985,0.183,-7.809,-3.904,Hard Stop,25.0,40.0,-3.1236
AXSUSDT,2026-09-25 01:00:00,2026-09-25 02:50:00,1.143,1.117,-2.275,-1.137,Hard Stop,110.0,40.0,-0.9099999999999999
ONEUSDT,2026-09-25 02:30:00,2026-09-25 03:45:00,0.002543,0.002896,13.881,6.941,ATR Trail,75.0,40.0,5.5524
GLMRUSDT,2026-09-25 11:45:00,2026-09-25 12:15:00,0.007621,0.007249,-4.881,-2.441,Hard Stop,30.0,40.0,-1.9524
NILUSDT,2026-09-25 12:00:00,2026-09-25 12:15:00,0.13816,0.13142,-4.878,-2.439,Hard Stop,15.0,40.0,-1.9512
AEROUSDT,2026-09-25 09:20:00,2026-09-25 13:20:00,0.7747,0.7852,1.355,0.678,Time Exit,240.0,40.0,0.542
ZKUSDT,2026-09-25 16:00:00,2026-09-25 16:45:00,0.01302,0.01266,-2.765,-1.382,Hard Stop,45.0,100.0,-2.765
ENJUSDT,2026-09-25 16:05:00,2026-09-25 17:25:00,0.02981,0.02911,-2.348,-1.174,Hard Stop,80.0,40.0,-0.9391999999999999
KORUBUSDT,2026-09-25 16:00:00,2026-09-25 20:00:00,21.57,21.58,0.046,0.023,Time Exit,240.0,40.0,0.0184
SPKUSDT,2026-09-25 16:15:00,2026-09-25 20:15:00,0.025225,0.023764,-5.792,-2.896,Time Exit,240.0,40.0,-2.3167999999999997
LDOUSDT,2026-09-25 18:50:00,2026-09-25 22:50:00,0.4877,0.4876,-0.021,-0.01,Time Exit,240.0,100.0,-0.021
0GUSDT,2026-09-26 03:35:00,2026-09-26 04:30:00,0.2672,0.262,-1.946,-0.973,Hard Stop,55.0,40.0,-0.7784
RESOLVUSDT,2026-09-26 07:25:00,2026-09-26 08:25:00,0.02111,0.02025,-4.074,-2.037,Hard Stop,60.0,40.0,-1.6296
XPLUSDT,2026-09-26 08:35:00,2026-09-26 09:20:00,0.11933,0.11555,-3.168,-1.584,Hard Stop,45.0,40.0,-1.2671999999999999
ACEUSDT,2026-09-26 10:10:00,2026-09-26 10:35:00,0.2236,0.2165,-3.175,-1.588,Hard Stop,25.0,40.0,-1.27
STXUSDT,2026-09-26 07:20:00,2026-09-26 10:50:00,0.3487,0.3416,-2.036,-1.018,Hard Stop,210.0,40.0,-0.8144
TLMUSDT,2026-09-26 11:25:00,2026-09-26 12:10:00,0.00172,0.001676,-2.558,-1.279,Hard Stop,45.0,40.0,-1.0231999999999999
EIGENUSDT,2026-09-26 14:55:00,2026-09-26 16:10:00,0.2847,0.2785,-2.178,-1.089,Hard Stop,75.0,40.0,-0.8712
WLDUSDT,2026-09-26 15:00:00,2026-09-26 16:25:00,0.5237,0.5385,2.826,1.413,Ladder,85.0,40.0,1.1304
MARSCOINUSDT,2026-09-26 14:35:00,2026-09-26 16:45:00,0.1247,0.1281,2.727,1.363,Ladder,130.0,40.0,1.0908
QNTUSDT,2026-09-26 15:30:00,2026-09-26 18:30:00,118.05,121.31,2.762,1.381,Ladder,180.0,40.0,1.1048
KITEUSDT,2026-09-26 21:45:00,2026-09-27 01:45:00,0.1516,0.1519,0.198,0.099,Time Exit,240.0,40.0,0.07919999999999999
HEIUSDT,2026-09-27 04:25:00,2026-09-27 05:05:00,0.1581,0.1608,1.708,0.854,Ladder,40.0,40.0,0.6831999999999999
RUNEUSDT,2026-09-27 05:15:00,2026-09-27 05:45:00,0.838,0.807,-3.699,-1.85,Hard Stop,30.0,40.0,-1.4795999999999998
SUPERUSDT,2026-09-27 08:00:00,2026-09-27 08:20:00,0.2186,0.2114,-3.294,-1.647,Hard Stop,20.0,40.0,-1.3175999999999999
SUIUSDT,2026-09-27 07:30:00,2026-09-27 11:30:00,1.2448,1.2393,-0.442,-0.221,Time Exit,240.0,40.0,-0.1768
AUDIOUSDT,2026-09-27 12:20:00,2026-09-27 14:05:00,0.01614,0.01969,21.995,10.998,ATR Trail,105.0,40.0,8.798
MAGICUSDT,2026-09-27 13:45:00,2026-09-27 14:25:00,0.0545,0.0609,11.743,5.872,ATR Trail,40.0,40.0,4.6972000000000005
JASMYUSDT,2026-09-27 12:40:00,2026-09-27 15:30:00,0.0053,0.0051,-3.774,-1.887,Hard Stop,170.0,40.0,-1.5096
ENAUSDT,2026-09-27 18:50:00,2026-09-27 19:45:00,0.2938,0.2869,-2.349,-1.174,Hard Stop,55.0,40.0,-0.9396
GRTUSDT,2026-09-27 18:55:00,2026-09-27 20:45:00,0.03083,0.03189,3.438,1.719,Ladder,110.0,40.0,1.3752
SKYUSDT,2026-09-27 19:55:00,2026-09-27 20:55:00,0.07819,0.08014,2.494,1.247,Ladder,60.0,40.0,0.9976000000000002
SEIUSDT,2026-09-28 00:45:00,2026-09-28 04:00:00,0.08493,0.08104,-4.58,-2.29,Hard Stop,195.0,40.0,-1.832
牛来USDT,2026-09-28 05:10:00,2026-09-28 07:20:00,0.10637,0.10866,2.153,1.076,Ladder,130.0,40.0,0.8612
HBARUSDT,2026-09-28 08:35:00,2026-09-28 08:55:00,0.10491,0.10787,2.821,1.411,Ladder,20.0,40.0,1.1284
MUBARAKUSDT,2026-09-28 09:05:00,2026-09-28 09:25:00,0.05716,0.06041,5.686,2.843,ATR Trail,20.0,40.0,2.2744
IOTAUSDT,2026-09-28 08:50:00,2026-09-28 10:55:00,0.0516,0.053,2.713,1.357,Ladder,125.0,40.0,1.0852
NMRUSDT,2026-09-28 10:00:00,2026-09-28 11:55:00,10.1,11.25,11.386,5.693,ATR Trail,115.0,40.0,4.554399999999999
GRAMUSDT,2026-09-28 09:15:00,2026-09-28 13:15:00,1.665,1.644,-1.261,-0.631,Time Exit,240.0,40.0,-0.5044
LINKUSDT,2026-09-28 12:15:00,2026-09-28 14:15:00,14.817,14.416,-2.706,-1.353,Hard Stop,120.0,40.0,-1.0824
ZROUSDT,2026-09-28 15:35:00,2026-09-28 16:10:00,1.609,1.527,-5.096,-2.548,Hard Stop,35.0,40.0,-2.0383999999999998
PUMPUSDT,2026-09-28 16:20:00,2026-09-28 17:25:00,0.005481,0.005239,-4.415,-2.208,Hard Stop,65.0,40.0,-1.766
ALICEUSDT,2026-09-29 06:10:00,2026-09-29 06:50:00,0.1644,0.1672,1.703,0.852,Ladder,40.0,40.0,0.6812
PHAUSDT,2026-09-29 06:00:00,2026-09-29 08:30:00,0.0655,0.0667,1.832,0.916,Ladder,150.0,40.0,0.7328
ETHFIUSDT,2026-09-29 06:45:00,2026-09-29 10:45:00,0.7278,0.746,2.501,1.25,Time Exit,240.0,40.0,1.0004
BONKUSDT,2026-09-29 13:05:00,2026-09-29 14:05:00,3.9e-06,3.77e-06,-3.333,-1.667,Hard Stop,60.0,40.0,-1.3332
BNCBUSDT,2026-09-29 12:35:00,2026-09-29 15:05:00,5.94,5.84,-1.684,-0.842,Hard Stop,150.0,40.0,-0.6736
NIGHTUSDT,2026-09-29 11:15:00,2026-09-29 15:20:00,0.03106,0.03183,2.479,1.24,Ladder,245.0,40.0,0.9916
AAVEUSDT,2026-09-29 11:30:00,2026-09-29 15:30:00,172.55,170.45,-1.217,-0.609,Time Exit,240.0,100.0,-1.217
PROMUSDT,2026-09-29 14:40:00,2026-09-29 15:30:00,6.019,5.846,-2.874,-1.437,Hard Stop,50.0,40.0,-1.1496
MOVRUSDT,2026-09-29 20:50:00,2026-09-29 23:25:00,1.184,1.218,2.872,1.436,Ladder,155.0,40.0,1.1488
BERAUSDT,2026-09-30 00:05:00,2026-09-30 03:20:00,0.2421,0.2483,2.561,1.28,Ladder,195.0,40.0,1.0244
NOMUSDT,2026-09-30 04:10:00,2026-09-30 05:15:00,0.00219,0.002144,-2.1,-1.05,Hard Stop,65.0,40.0,-0.8400000000000001
ARKUSDT,2026-09-30 06:25:00,2026-09-30 07:05:00,0.2786,0.285,2.297,1.149,Ladder,40.0,40.0,0.9188000000000001
GTCUSDT,2026-09-30 07:30:00,2026-09-30 07:55:00,0.11096,0.11603,4.569,2.285,Ladder,25.0,40.0,1.8276000000000001
TOWNSUSDT,2026-09-30 07:45:00,2026-09-30 11:45:00,0.002171,0.002148,-1.059,-0.53,Time Exit,240.0,40.0,-0.4236
FETUSDT,2026-09-30 12:35:00,2026-09-30 13:35:00,0.2297,0.2243,-2.351,-1.175,Hard Stop,60.0,40.0,-0.9404
SOXLBUSDT,2026-09-30 12:30:00,2026-09-30 14:25:00,149.23,146.16,-2.057,-1.029,Hard Stop,115.0,100.0,-2.057
NILUSDT,2026-09-30 14:05:00,2026-09-30 15:10:00,0.09572,0.09067,-5.276,-2.638,Hard Stop,65.0,40.0,-2.1104000000000003
ZENUSDT,2026-09-30 11:40:00,2026-09-30 15:40:00,7.422,7.45,0.377,0.189,Time Exit,240.0,40.0,0.1508
ZAMAUSDT,2026-09-30 12:30:00,2026-09-30 17:50:00,0.07638,0.07823,2.422,1.211,Ladder,320.0,40.0,0.9688000000000001
GLMRUSDT,2026-09-30 22:05:00,2026-09-30 22:40:00,0.009954,0.009261,-6.962,-3.481,Hard Stop,35.0,40.0,-2.7848
TRUMPUSDT,2026-10-01 02:30:00,2026-10-01 03:00:00,2.126,2.181,2.587,1.294,Ladder,30.0,40.0,1.0348
PLUMEUSDT,2026-10-01 02:50:00,2026-10-01 05:45:00,0.02103,0.02014,-4.232,-2.116,Hard Stop,175.0,40.0,-1.6928
HUMAUSDT,2026-10-01 05:40:00,2026-10-01 07:25:00,0.03323,0.03196,-3.822,-1.911,Hard Stop,105.0,40.0,-1.5288000000000002
MOVEUSDT,2026-10-01 06:50:00,2026-10-01 07:55:00,0.010212,0.009938,-2.683,-1.342,Hard Stop,65.0,40.0,-1.0732
SCRUSDT,2026-10-01 07:05:00,2026-10-01 08:05:00,0.02623,0.02543,-3.05,-1.525,Hard Stop,60.0,40.0,-1.22
ACEUSDT,2026-10-01 12:15:00,2026-10-01 12:45:00,0.1918,0.1882,-1.877,-0.938,Hard Stop,30.0,40.0,-0.7507999999999999
ARUSDT,2026-10-01 09:30:00,2026-10-01 13:30:00,4.424,4.429,0.113,0.057,Time Exit,240.0,40.0,0.0452
SYNUSDT,2026-10-01 12:05:00,2026-10-01 14:50:00,0.17799,0.19331,8.607,4.304,ATR Trail,165.0,40.0,3.4427999999999996
OPNUSDT,2026-10-01 13:35:00,2026-10-01 14:55:00,0.0644,0.0603,-6.366,-3.183,Hard Stop,80.0,40.0,-2.5463999999999998
PORTALUSDT,2026-10-01 15:00:00,2026-10-01 15:05:00,0.01882,0.01821,-3.241,-1.621,Hard Stop,5.0,40.0,-1.2964
TLMUSDT,2026-10-01 15:00:00,2026-10-01 15:30:00,0.001633,0.001578,-3.368,-1.684,Hard Stop,30.0,40.0,-1.3472
XAIUSDT,2026-10-01 15:00:00,2026-10-01 15:30:00,0.00966,0.00947,-1.967,-0.983,Hard Stop,30.0,40.0,-0.7867999999999999
TRBUSDT,2026-10-01 15:15:00,2026-10-01 16:10:00,21.34,20.7,-2.999,-1.5,Hard Stop,55.0,40.0,-1.1996000000000002
ONEUSDT,2026-10-01 15:10:00,2026-10-01 16:25:00,0.002284,0.002225,-2.583,-1.292,Hard Stop,75.0,40.0,-1.0332000000000001
RESOLVUSDT,2026-10-01 16:30:00,2026-10-01 17:00:00,0.01978,0.01999,1.062,0.531,Ladder,30.0,40.0,0.42480000000000007
MEGAUSDT,2026-10-01 15:15:00,2026-10-01 19:25:00,0.049,0.05248,7.102,3.551,ATR Trail,250.0,40.0,2.8407999999999998
CKBUSDT,2026-10-02 00:00:00,2026-10-02 00:25:00,0.001361,0.001328,-2.425,-1.212,Hard Stop,25.0,40.0,-0.9699999999999999
ZKCUSDT,2026-10-02 00:10:00,2026-10-02 01:25:00,0.0434,0.0427,-1.613,-0.806,Hard Stop,75.0,40.0,-0.6452
ACTUSDT,2026-10-02 01:40:00,2026-10-02 02:35:00,0.01158,0.01118,-3.454,-1.727,Hard Stop,55.0,40.0,-1.3816000000000002
ILVUSDT,2026-10-02 07:25:00,2026-10-02 07:35:00,4.14,4.06,-1.932,-0.966,Hard Stop,10.0,40.0,-0.7728
SANDUSDT,2026-10-02 07:00:00,2026-10-02 08:20:00,0.05101,0.05855,14.781,7.391,ATR Trail,80.0,40.0,5.9124
ZECUSDT,2026-10-02 04:25:00,2026-10-02 08:25:00,1386.34,1383.27,-0.221,-0.111,Time Exit,240.0,40.0,-0.0884
MANAUSDT,2026-10-02 07:05:00,2026-10-02 08:45:00,0.0935,0.1007,7.701,3.85,ATR Trail,100.0,40.0,3.0804
AXSUSDT,2026-10-02 07:05:00,2026-10-02 09:00:00,1.188,1.217,2.441,1.221,Ladder,115.0,40.0,0.9763999999999999
NEOUSDT,2026-10-02 09:40:00,2026-10-02 10:00:00,2.722,2.646,-2.792,-1.396,Hard Stop,20.0,40.0,-1.1167999999999998
GALAUSDT,2026-10-02 08:25:00,2026-10-02 12:25:00,0.002565,0.00262,2.144,1.072,Time Exit,240.0,40.0,0.8576
币安人生USDT,2026-10-02 09:10:00,2026-10-02 12:25:00,0.5218,0.5023,-3.737,-1.869,Hard Stop,195.0,40.0,-1.4948000000000001
ENJUSDT,2026-10-02 11:50:00,2026-10-02 12:25:00,0.03265,0.03779,15.743,7.871,ATR Trail,35.0,40.0,6.2972
APEUSDT,2026-10-02 13:30:00,2026-10-02 14:00:00,0.1746,0.1795,2.806,1.403,Ladder,30.0,40.0,1.1224
CVXUSDT,2026-10-02 02:10:00,2026-10-02 14:40:00,2.218,2.32,4.599,2.299,End of Data (still open),750.0,40.0,1.8396000000000001
AAOIBUSDT,2026-10-02 14:00:00,2026-10-02 14:40:00,113.84,115.18,1.177,0.589,End of Data (still open),40.0,100.0,1.177
